{
"type": "FeatureCollection",
"name": "walk_catchment_1200m",
"crs": { "type": "name", "properties": { "name": "urn:ogc:def:crs:EPSG::7854" } },
"features": [
{ "type": "Feature", "properties": { }, "geometry": { "type": "MultiPolygon", "coordinates": [ [ [ [ 268121.149255122581962, 6085770.778407970443368 ], [ 268121.067890088015702, 6085770.789444339461625 ], [ 268120.100409281090833, 6085771.016784404404461 ], [ 268119.325114144885447, 6085771.192989603616297 ], [ 268119.263902369420975, 6085771.213348031044006 ], [ 268119.199964077793993, 6085771.228372344747186 ], [ 268118.214253206737339, 6085771.562450893223286 ], [ 268117.473555874254089, 6085771.8087994530797 ], [ 268117.429344672593288, 6085771.828473225235939 ], [ 268117.382697084569372, 6085771.844283092767 ], [ 268116.368309091660194, 6085772.300628951750696 ], [ 268115.690819152863696, 6085772.602108713239431 ], [ 268115.662757975398563, 6085772.618037411011755 ], [ 268115.632816166849807, 6085772.631507424637675 ], [ 268114.540693392104004, 6085773.254968180321157 ], [ 268113.993873360392172, 6085773.565366092137992 ], [ 268113.980683173926082, 6085773.574661535210907 ], [ 268113.966428127081599, 6085773.582799321971834 ], [ 268112.398871256096754, 6085774.689402607269585 ], [ 267853.585330397181679, 6085976.674116563051939 ], [ 267852.848552436160389, 6085977.30912503413856 ], [ 267852.182520036003552, 6085977.877213011495769 ], [ 267852.148760018462781, 6085977.912256692536175 ], [ 267852.111685010720976, 6085977.944210612215102 ], [ 267851.432182528078556, 6085978.656080737709999 ], [ 267850.825273134629242, 6085979.28606675658375 ], [ 267850.798450222238898, 6085979.32000045478344 ], [ 267850.768410300137475, 6085979.351471308618784 ], [ 267850.153228398878127, 6085980.136271353811026 ], [ 267849.612158877309412, 6085980.820779051631689 ], [ 267849.591701298078988, 6085980.852622880600393 ], [ 267849.568216228857636, 6085980.882583260536194 ], [ 267849.02390780148562, 6085981.736438061110675 ], [ 267848.554783698462415, 6085982.466666580177844 ], [ 267848.539998669293709, 6085982.495544691570103 ], [ 267848.522458942024969, 6085982.523059202358127 ], [ 267848.055051644565538, 6085983.442742956802249 ], [ 267847.663264003407676, 6085984.207982365041971 ], [ 267847.653352868976071, 6085984.233136774040759 ], [ 267847.641033315623645, 6085984.257377074100077 ], [ 267847.25604122626828, 6085985.241511717438698 ], [ 267846.946129380201455, 6085986.028066417202353 ], [ 267846.94020422414178, 6085986.048868916928768 ], [ 267846.932279332075268, 6085986.069126893766224 ], [ 267846.634826157649513, 6085987.121014036238194 ], [ 267846.410240992845502, 6085987.909505139105022 ], [ 267846.40734254673589, 6085987.925466992892325 ], [ 267846.40290316764731, 6085987.941166020929813 ], [ 267846.19821208587382, 6085989.077156442217529 ], [ 267846.060725937481038, 6085989.834297921508551 ], [ 267846.059842468472198, 6085989.845077343285084 ], [ 267846.05791373946704, 6085989.855781364254653 ], [ 267845.953604856913444, 6085991.141308446414769 ], [ 267845.900928188872058, 6085991.784029366448522 ], [ 267845.901015125331469, 6085991.789436605758965 ], [ 267845.900575311272405, 6085991.794856977649033 ], [ 267845.932376607262995, 6085993.740045476704836 ], [ 267860.517195828724653, 6086217.796639613807201 ], [ 267860.565491274173837, 6086218.398334470577538 ], [ 267978.569742534018587, 6087454.383987729437649 ], [ 267978.601704140019137, 6087454.693318051286042 ], [ 268026.719631334941369, 6087887.450725968927145 ], [ 268026.862149651395157, 6087888.485609413124621 ], [ 268033.303872857533861, 6087927.661420659162104 ], [ 268033.720641720748972, 6087929.593872305005789 ], [ 268033.722975786717143, 6087929.601126344874501 ], [ 268033.724572801496834, 6087929.608517699874938 ], [ 268033.725329184671864, 6087929.610859325155616 ], [ 268033.725847892230377, 6087929.613258597441018 ], [ 268033.926572580996435, 6087930.233884470537305 ], [ 268034.326152736728545, 6087931.475738947279751 ], [ 268034.332230417581741, 6087931.489715453237295 ], [ 268034.336878929811064, 6087931.504106404259801 ], [ 268034.338850066880696, 6087931.508615925908089 ], [ 268034.340360816626344, 6087931.513287052512169 ], [ 268034.65108150820015, 6087932.222959660924971 ], [ 268035.11448996339459, 6087933.28863443993032 ], [ 268035.125631791190244, 6087933.308597004041076 ], [ 268035.134716897271574, 6087933.329381700605154 ], [ 268035.138331821188331, 6087933.335818283259869 ], [ 268035.141285345191136, 6087933.342564004473388 ], [ 268035.544152084563393, 6087934.058450487442315 ], [ 268036.077951216604561, 6087935.014846496284008 ], [ 268036.095362323452719, 6087935.039866918697953 ], [ 268036.110171801468823, 6087935.06623605825007 ], [ 268036.115821504441556, 6087935.074296101927757 ], [ 268036.120636792271398, 6087935.082852776162326 ], [ 268036.605253269255627, 6087935.772599592804909 ], [ 268037.207123321888503, 6087936.637509740889072 ], [ 268037.231868825794663, 6087936.66648424975574 ], [ 268037.253566702245735, 6087936.697439121082425 ], [ 268037.261596023454331, 6087936.7067616507411 ], [ 268037.268651674734429, 6087936.716803845018148 ], [ 268037.826201424817555, 6087937.362388239242136 ], [ 268038.490974082378671, 6087938.140770488418639 ], [ 268038.523956622171681, 6087938.172438921406865 ], [ 268038.553558620915283, 6087938.206808638758957 ], [ 268038.564258842729032, 6087938.216981665231287 ], [ 268038.573885046760552, 6087938.228127804584801 ], [ 268039.195843686815351, 6087938.817556330934167 ], [ 268039.916960065427702, 6087939.509941634722054 ], [ 268039.958899790013675, 6087939.54290927760303 ], [ 268039.997251067950856, 6087939.579371005296707 ], [ 268040.010853359708562, 6087939.58993879891932 ], [ 268040.02332459873287, 6087939.601757758297026 ], [ 268040.701092433359008, 6087940.126326128840446 ], [ 268041.471149154007435, 6087940.731646151281893 ], [ 268041.522566496336367, 6087940.764407956041396 ], [ 268041.570321981329471, 6087940.801509799435735 ], [ 268041.586991739051882, 6087940.811980908736587 ], [ 268041.602520381333306, 6087940.823999529704452 ], [ 268042.327327900216915, 6087941.277181170880795 ], [ 268043.138356665556785, 6087941.793947786092758 ], [ 268043.199558186170179, 6087941.824914636090398 ], [ 268043.257165808230639, 6087941.861100868321955 ], [ 268043.276998053479474, 6087941.870956851169467 ], [ 268043.29572886164533, 6087941.882668178528547 ], [ 268044.05864335258957, 6087942.259596022777259 ], [ 268044.902293709106743, 6087942.686467677354813 ], [ 268044.973361169104464, 6087942.713994287885725 ], [ 268045.04104831838049, 6087942.747632605023682 ], [ 268045.064064169593621, 6087942.756337276659906 ], [ 268045.086069875978865, 6087942.767209482379258 ], [ 268045.878046415920835, 6087943.064406674355268 ], [ 268046.745726330264006, 6087943.400485758669674 ], [ 268046.826509250269737, 6087943.422899862751365 ], [ 268046.904272615385707, 6087943.45231022592634 ], [ 268046.930416914401576, 6087943.459319327957928 ], [ 268046.955694913805928, 6087943.468805151991546 ], [ 268047.76764736318728, 6087943.684028919786215 ], [ 268048.650643889734056, 6087943.929025957360864 ], [ 268048.740755716979038, 6087943.944658352993429 ], [ 268048.828354697558098, 6087943.96814301982522 ], [ 268048.857494830561336, 6087943.972914159297943 ], [ 268048.885965055553243, 6087943.980460745282471 ], [ 268247.985914031567518, 6087986.243664108216763 ], [ 268968.568419560499024, 6088297.154210664331913 ], [ 268970.352590301714372, 6088297.825100375339389 ], [ 268972.192525622667745, 6088298.323092597536743 ], [ 268974.07151266298024, 6088298.64366386923939 ], [ 268975.972483840188943, 6088298.783902316354215 ], [ 268977.878171880962327, 6088298.742534096352756 ], [ 268979.77126666699769, 6088298.519934973679483 ], [ 269245.854602245090064, 6088254.290267576463521 ], [ 269247.817942778463475, 6088253.86156390607357 ], [ 269249.72835039003985, 6088253.237997034564614 ], [ 269251.566537160833832, 6088252.425862635485828 ], [ 269253.313944330438972, 6088251.433360206894577 ], [ 269254.952929670165759, 6088250.270510284230113 ], [ 269256.46694560337346, 6088248.949053269810975 ], [ 269606.209102672582958, 6087911.269237500615418 ], [ 270338.321798907069024, 6088778.714729401282966 ], [ 270338.985460561001673, 6088779.427979461848736 ], [ 270339.5625135768787, 6088780.05545100569725 ], [ 270339.602976154594216, 6088780.091635456308722 ], [ 270339.640267622307874, 6088780.131713320501149 ], [ 270340.383046027040109, 6088780.789228180423379 ], [ 270341.016855406633113, 6088781.356024600565434 ], [ 270341.05439663270954, 6088781.38351443875581 ], [ 270341.08953104756074, 6088781.41461577359587 ], [ 270341.909675238712225, 6088782.009798472747207 ], [ 270342.591000397398602, 6088782.508703819476068 ], [ 270342.624369776167441, 6088782.528455836698413 ], [ 270342.656016094668303, 6088782.551421727053821 ], [ 270343.553478484391235, 6088783.078414278104901 ], [ 270344.269968191045336, 6088783.502519185654819 ], [ 270344.29807781643467, 6088783.515645193867385 ], [ 270344.325051835388876, 6088783.531484416685998 ], [ 270345.304285561665893, 6088783.98550171405077 ], [ 270346.037780882965308, 6088784.328013050369918 ], [ 270346.059723151265644, 6088784.335756942629814 ], [ 270346.081006902328227, 6088784.345625057816505 ], [ 270347.159266846778337, 6088784.723809257149696 ], [ 270347.877615075442009, 6088784.977329597808421 ], [ 270347.892677466268651, 6088784.98104250524193 ], [ 270347.907435884291772, 6088784.986218808218837 ], [ 270349.150571723352186, 6088785.291115758940578 ], [ 270349.771961978054605, 6088785.44428960327059 ], [ 270349.779638627369422, 6088785.445403468795121 ], [ 270349.787233346141875, 6088785.447266182862222 ], [ 270351.702794029784855, 6088785.72444923967123 ], [ 270368.176578451006208, 6088787.299115119501948 ], [ 270370.099522012402304, 6088787.389851007610559 ], [ 270370.397186733782291, 6088787.375211861915886 ], [ 270370.61529568413971, 6088787.382686111144722 ], [ 270371.083487416210119, 6088787.341459605842829 ], [ 270372.02228125592228, 6088787.295289739966393 ], [ 270372.647084065072704, 6088787.203777493909001 ], [ 270373.046039063192438, 6088787.168647611513734 ], [ 270555.560606952698436, 6088759.795214981772006 ], [ 270557.557395990414079, 6088759.390809344127774 ], [ 270559.502683009661268, 6088758.785360095091164 ], [ 270561.376282202894799, 6088757.985149845480919 ], [ 270563.158751651179045, 6088756.998482197523117 ], [ 270564.8315950682736, 6088755.835595581680536 ], [ 270566.377453732886352, 6088754.508557010442019 ], [ 270567.780286616063677, 6088753.031136865727603 ], [ 270569.025536835193634, 6088751.418666006065905 ], [ 270570.100282707775477, 6088749.687876680865884 ], [ 270570.993371836666483, 6088747.856728901155293 ], [ 270571.695536836166866, 6088745.944224079139531 ], [ 270572.199491497245617, 6088743.970207848586142 ], [ 270572.50000639539212, 6088741.955164132639766 ], [ 270727.589992718538269, 6087149.581501341424882 ], [ 270727.684180972515605, 6087147.636586235836148 ], [ 270727.588790925918147, 6087145.691729702986777 ], [ 270727.304726772767026, 6087143.765366873703897 ], [ 270726.834681133273989, 6087141.875757577829063 ], [ 270726.183109530247748, 6087140.040813262574375 ], [ 270725.356188155943528, 6087138.277927209623158 ], [ 270724.361755328136496, 6087136.603809667751193 ], [ 270723.209237191535067, 6087135.034329454414546 ], [ 270721.90955836820649, 6087133.584363540634513 ], [ 270720.475038403819781, 6087132.267656031064689 ], [ 270718.919274991902057, 6087131.096687885001302 ], [ 270717.257015082344878, 6087130.082558609545231 ], [ 270715.504015096346848, 6087129.234881050884724 ], [ 270713.676891572657041, 6087128.561690272763371 ], [ 270711.792963660671376, 6087128.06936739385128 ], [ 270709.870088953932282, 6087127.762579102069139 ], [ 270707.926494219165761, 6087127.644233415834606 ], [ 270705.980602626688778, 6087127.715452125295997 ], [ 270704.05085911846254, 6087127.975560153834522 ], [ 270702.155555570032448, 6087128.42209195997566 ], [ 270700.312657403410412, 6087129.050814905203879 ], [ 270224.606265789887402, 6087317.663694314658642 ], [ 269821.026884591556154, 6087401.924367310479283 ], [ 269368.723699789028615, 6086892.407053468748927 ], [ 269367.353662046021782, 6086891.00809635873884 ], [ 269365.853390930686146, 6086889.749815391376615 ], [ 269364.237266858515795, 6086888.644271454773843 ], [ 269362.520780719700269, 6086887.702061420306563 ], [ 269360.720385396154597, 6086886.932216571643949 ], [ 269358.853338057000656, 6086886.34211603179574 ], [ 269356.937534745025914, 6086885.937416041269898 ], [ 269354.991338839172386, 6086885.721995733678341 ], [ 269029.850998659734614, 6086865.776490920223296 ], [ 269405.888895472162403, 6086476.071033495478332 ], [ 269407.154602094029542, 6086474.626519105397165 ], [ 269408.275917378487065, 6086473.067260592244565 ], [ 269409.242501018510666, 6086471.407636796124279 ], [ 269410.045439578359947, 6086469.662952084094286 ], [ 269410.677328689605929, 6086467.84929521754384 ], [ 269411.132341331394855, 6086465.983390993438661 ], [ 269411.40628156485036, 6086464.082446011714637 ], [ 269411.496623225975782, 6086462.163990002125502 ], [ 269411.402533221291378, 6086460.245714174583554 ], [ 269411.124879209965002, 6086458.345308079384267 ], [ 269410.666221602936275, 6086456.480296477675438 ], [ 269410.030789951386396, 6086454.667877736501396 ], [ 269409.224443944112863, 6086452.924765234813094 ], [ 269408.25461937149521, 6086451.267033237032592 ], [ 269407.130259555939119, 6086449.709968664683402 ], [ 269405.861732880002819, 6086448.267930125817657 ], [ 269404.460737173678353, 6086446.954215503297746 ], [ 269402.940191841626074, 6086445.780939334072173 ], [ 268494.286193642881699, 6085811.84228939935565 ], [ 268492.577404639974702, 6085810.773924793116748 ], [ 268490.769774554704782, 6085809.882949898950756 ], [ 268488.881656991085038, 6085809.178411146625876 ], [ 268486.932222775183618, 6085808.667462005279958 ], [ 268484.941265305911656, 6085808.355290348641574 ], [ 268126.802309636317659, 6085770.566604974679649 ], [ 268125.901665801589843, 6085770.515089210122824 ], [ 268125.114209268125705, 6085770.460407759062946 ], [ 268125.001435566344298, 6085770.463597103022039 ], [ 268124.886637724237517, 6085770.457030802033842 ], [ 268123.95905998715898, 6085770.49307644367218 ], [ 268123.163710110529792, 6085770.515569670125842 ], [ 268123.067752666713204, 6085770.527712618000805 ], [ 268122.969281765283085, 6085770.53153919428587 ], [ 268122.019927113084123, 6085770.660309848375618 ], [ 268121.22786949161673, 6085770.760540889576077 ], [ 268121.149255122581962, 6085770.778407970443368 ] ] ], [ [ [ 267592.069811868306715, 6091839.266278993338346 ], [ 267591.176745963748544, 6091840.970754976384342 ], [ 267590.451617129030637, 6091842.753167177550495 ], [ 267589.901137891050894, 6091844.597015786916018 ], [ 267437.020504394487944, 6092463.954778394661844 ], [ 267436.908481634221971, 6092464.493973759002984 ], [ 267436.839184615411796, 6092464.760504756122828 ], [ 267436.825320063915569, 6092464.85411409009248 ], [ 267436.800318287918344, 6092464.95655791182071 ], [ 267436.775305391929578, 6092465.131463278084993 ], [ 267436.724996548204217, 6092465.370006163604558 ], [ 267436.722399204561953, 6092465.389638025313616 ], [ 267436.718259249988478, 6092465.409564728848636 ], [ 267436.524853457871359, 6092466.882775374688208 ], [ 267372.37574134778697, 6093151.849725249223411 ], [ 267372.36865632107947, 6093152.014033323153853 ], [ 267372.347118223551661, 6093152.185869646258652 ], [ 267372.345013865095098, 6093152.260119568556547 ], [ 267372.336212498892564, 6093152.33548747189343 ], [ 267372.317257204675116, 6093153.206024574115872 ], [ 267372.289122952090111, 6093153.858482928015292 ], [ 267372.290335247991607, 6093153.879550470039248 ], [ 267372.289466519898269, 6093153.90019731130451 ], [ 267372.295645605889149, 6093154.002023094333708 ], [ 267372.292543376970571, 6093154.111481753177941 ], [ 267372.296330993645824, 6093154.167077613063157 ], [ 267372.295092333748471, 6093154.223964062519372 ], [ 267372.366816788329743, 6093155.208663317374885 ], [ 267372.404629835218657, 6093155.865786672569811 ], [ 267372.411273842153605, 6093155.907472491264343 ], [ 267372.413776577508543, 6093155.948715320788324 ], [ 267372.420483582129236, 6093155.989429386332631 ], [ 267372.423480017576367, 6093156.03341203276068 ], [ 267372.429560784599744, 6093156.070070583373308 ], [ 267372.432316040969454, 6093156.107897276058793 ], [ 267372.62837622850202, 6093157.269615985453129 ], [ 267372.721094623906538, 6093157.851349614560604 ], [ 267372.731650500209071, 6093157.891250560991466 ], [ 267372.738713393686339, 6093157.93382996506989 ], [ 267372.743504290468991, 6093157.951786217279732 ], [ 267372.746659573167562, 6093157.970482266508043 ], [ 267372.747105011309031, 6093157.972145503386855 ], [ 267372.747362573223654, 6093157.973709002137184 ], [ 267372.756979814381339, 6093158.009017375297844 ], [ 267373.235318958759308, 6093159.795104612596333 ], [ 267570.866619529027957, 6093779.075838477350771 ], [ 267571.1048247529543, 6093779.721179497428238 ], [ 267571.246275850280654, 6093780.157445713877678 ], [ 267571.360730758053251, 6093780.414475133642554 ], [ 267571.485387991531752, 6093780.752194117754698 ], [ 267571.904512258246541, 6093781.635635908693075 ], [ 267572.103402672626544, 6093782.082280696369708 ], [ 267572.175796702504158, 6093782.207456807605922 ], [ 267572.175796702795196, 6093782.207456808537245 ], [ 267572.251311960222665, 6093782.366629969328642 ], [ 267573.158277365553658, 6093783.906258624978364 ], [ 267693.388904608902521, 6093968.607851197011769 ], [ 267694.508718254044652, 6093970.16023922432214 ], [ 267694.535728382470552, 6093970.190994564443827 ], [ 267694.558737773157191, 6093970.222758088260889 ], [ 267694.568011922121514, 6093970.233191156759858 ], [ 267694.576095175463706, 6093970.244333514012396 ], [ 267694.596019091433845, 6093970.26665364485234 ], [ 267694.613111255166586, 6093970.290141494013369 ], [ 267694.620204081118573, 6093970.298017060384154 ], [ 267694.626381771813612, 6093970.306496981531382 ], [ 267694.65764289512299, 6093970.341097908094525 ], [ 267694.68399368977407, 6093970.377096213400364 ], [ 267695.052262494980823, 6093970.779151058755815 ], [ 267695.771806670643855, 6093971.598466897383332 ], [ 267695.831509816925973, 6093971.654578759334981 ], [ 267695.883570298901759, 6093971.71314484346658 ], [ 267695.904105590016115, 6093971.732061419636011 ], [ 267695.922436869412195, 6093971.752597370184958 ], [ 267695.966604268644005, 6093971.793001522310078 ], [ 267696.005463205859996, 6093971.836148803122342 ], [ 267696.02120884123724, 6093971.850341343320906 ], [ 267696.035274568595923, 6093971.865909792482853 ], [ 267696.10477499384433, 6093971.928224083036184 ], [ 267696.164970612386242, 6093971.993942220695317 ], [ 267696.573261310288217, 6093972.351712168194354 ], [ 267697.166600312222727, 6093972.909360442310572 ], [ 267697.263881271122955, 6093972.984651433303952 ], [ 267697.350231913500465, 6093973.064195401035249 ], [ 267697.383709593676031, 6093973.089363533072174 ], [ 267697.414171775570139, 6093973.117230209521949 ], [ 267697.486231851275079, 6093973.170859565027058 ], [ 267697.550892488914542, 6093973.22914230171591 ], [ 267697.576595459482633, 6093973.247862736694515 ], [ 267697.600026190804783, 6093973.268870800733566 ], [ 267697.713621820556, 6093973.350967654958367 ], [ 267697.814035945921205, 6093973.438956816680729 ], [ 267698.192950807046145, 6093973.703708558343351 ], [ 267698.680323248496279, 6093974.080912429839373 ], [ 267698.81917672988493, 6093974.168531102128327 ], [ 267698.944142409425694, 6093974.262478852644563 ], [ 267919.21888562355889, 6094123.27581009734422 ], [ 268637.671148516179528, 6094865.497995676472783 ], [ 269121.257651518564671, 6095765.335232476703823 ], [ 269121.773328077571932, 6095766.191828813403845 ], [ 269122.161686515726615, 6095766.852659060619771 ], [ 269122.215115672908723, 6095766.925687332637608 ], [ 269122.2632606230909, 6095767.005661469884217 ], [ 269122.904548454389442, 6095767.868020831607282 ], [ 269123.345927220827434, 6095768.471308067440987 ], [ 269123.388014449854381, 6095768.51815234310925 ], [ 269123.426744699245319, 6095768.570234093815088 ], [ 269124.234566645696759, 6095769.460388862527907 ], [ 269124.686327835021075, 6095769.963211834430695 ], [ 269124.712527608906385, 6095769.987063376232982 ], [ 269124.737046044552699, 6095770.014080719090998 ], [ 269125.909914090065286, 6095771.077130563557148 ], [ 269126.169409119989723, 6095771.313367586582899 ], [ 269126.175720814615488, 6095771.318049223162234 ], [ 269126.181711611745413, 6095771.323479088954628 ], [ 269127.747011361760087, 6095772.485984738916159 ], [ 269127.764412841643207, 6095772.496445725671947 ], [ 269127.780257022590376, 6095772.508197989314795 ], [ 269128.262903031776659, 6095772.796115601435304 ], [ 269129.418068753497209, 6095773.490549264475703 ], [ 269129.462062536331359, 6095773.511462118476629 ], [ 269129.502672652306501, 6095773.535687673836946 ], [ 269130.152811902225949, 6095773.839816255494952 ], [ 269131.179002129822038, 6095774.32762532774359 ], [ 269131.251566113089211, 6095774.353802390396595 ], [ 269131.319335179345217, 6095774.385504076257348 ], [ 269132.035828187479638, 6095774.636720675975084 ], [ 269133.013075656082947, 6095774.989257395267487 ], [ 269133.115423006995115, 6095775.015247942879796 ], [ 269133.21197601541644, 6095775.049101334996521 ], [ 269133.958349312655628, 6095775.229304451495409 ], [ 269134.902858376910444, 6095775.46915734373033 ], [ 269135.03540768410312, 6095775.489347617141902 ], [ 269135.161562524444889, 6095775.519806230440736 ], [ 269135.916852025140543, 6095775.623611635528505 ], [ 269136.830389879003633, 6095775.762764224782586 ], [ 269136.99274757259991, 6095775.771480462513864 ], [ 269137.148489417741075, 6095775.792885295115411 ], [ 269137.897718383115716, 6095775.820064183324575 ], [ 269138.77735098649282, 6095775.867287611588836 ], [ 269138.968306316703092, 6095775.858900628052652 ], [ 269139.152775906783063, 6095775.865592411719263 ], [ 269139.884097775735427, 6095775.818677985109389 ], [ 269140.725237865175586, 6095775.781734118238091 ], [ 269140.942770524183288, 6095775.750763941556215 ], [ 269141.154266632802319, 6095775.737196428701282 ], [ 269141.857895045541227, 6095775.620477443560958 ], [ 269142.655537882470526, 6095775.506916841492057 ], [ 269142.89683823188534, 6095775.448135918006301 ], [ 269143.132834351621568, 6095775.408988511189818 ], [ 269143.80058724200353, 6095775.227982064709067 ], [ 269144.54990555049153, 6095775.045447632670403 ], [ 269144.81140714691719, 6095774.953981126658618 ], [ 269145.068582335719839, 6095774.884269160218537 ], [ 269145.693670451291837, 6095774.645388203673065 ], [ 269146.390336880926043, 6095774.401712275110185 ], [ 269146.667760951037053, 6095774.273134012706578 ], [ 269146.942044458235614, 6095774.168315020389855 ], [ 269800.938993769988883, 6095485.875877480022609 ], [ 269801.628035920963157, 6095485.532281890511513 ], [ 269802.294836406887043, 6095485.216081476770341 ], [ 269802.460187376360409, 6095485.117323865182698 ], [ 269802.634461112029385, 6095485.030421072617173 ], [ 269803.295770245720632, 6095484.618263176642358 ], [ 269803.935768595081754, 6095484.236017407849431 ], [ 269804.084223450161517, 6095484.126863320358098 ], [ 269804.242322253470775, 6095484.028328963555396 ], [ 269804.869101658754516, 6095483.549767578020692 ], [ 269805.475653171888553, 6095483.103789729066193 ], [ 269805.606797405285761, 6095482.986518858000636 ], [ 269805.748149027931504, 6095482.878593441098928 ], [ 269806.333769398683216, 6095482.33645108807832 ], [ 269806.900426432897802, 6095481.829739031381905 ], [ 269807.014121998392511, 6095481.706609680317342 ], [ 269807.138428876176476, 6095481.591531676240265 ], [ 269807.676492979167961, 6095480.989279070869088 ], [ 269808.197075980715454, 6095480.425501168705523 ], [ 270720.995863953081425, 6094391.824290927499533 ], [ 270721.322494406718761, 6094391.392588345333934 ], [ 270721.675422092492227, 6094390.967307846993208 ], [ 270721.931786249391735, 6094390.587296434678137 ], [ 270722.203670910908841, 6094390.227950545959175 ], [ 270722.480783342325594, 6094389.773511998355389 ], [ 270722.78454524721019, 6094389.323242382146418 ], [ 270723.006491661828477, 6094388.911399375647306 ], [ 270723.245852657943033, 6094388.518869661726058 ], [ 270723.472217337810434, 6094388.047200406901538 ], [ 270723.72539001487894, 6094387.577414054423571 ], [ 270723.909092268149834, 6094387.136897292919457 ], [ 270724.11196887731785, 6094386.714169422164559 ], [ 270724.28695364727173, 6094386.230788259766996 ], [ 270724.488705291296355, 6094385.746989181265235 ], [ 270724.630631942884065, 6094385.281404985114932 ], [ 270724.793343032768462, 6094384.831928863190114 ], [ 270724.916903205448762, 6094384.342304581776261 ], [ 270725.066985577868763, 6094383.849965898320079 ], [ 270725.163951666210778, 6094383.363340871408582 ], [ 270725.283149287861306, 6094382.891003801487386 ], [ 270725.35581092123175, 6094382.400493789464235 ], [ 270725.454544781183358, 6094381.904997186735272 ], [ 270725.503760552965105, 6094381.401744210161269 ], [ 270725.576480885734782, 6094380.910837940871716 ], [ 270725.599317751650233, 6094380.424629700370133 ], [ 270725.647572123329155, 6094379.931207464076579 ], [ 270725.64668834785698, 6094379.416086134500802 ], [ 270725.67039930348983, 6094378.911268088966608 ], [ 270725.645003973622806, 6094378.434324271045625 ], [ 270725.644169612030964, 6094377.948004537262022 ], [ 270725.591318852908444, 6094377.426076430827379 ], [ 270725.56396368984133, 6094376.91232543811202 ], [ 270725.492413212487008, 6094376.449332965537906 ], [ 270725.444370703422464, 6094375.974888772703707 ], [ 270725.338203969993629, 6094375.451467947103083 ], [ 270725.25824029033538, 6094374.934034897014499 ], [ 270725.143056987260934, 6094374.489358711056411 ], [ 270725.050139972823672, 6094374.031261350028217 ], [ 270724.889858212089166, 6094373.511860561557114 ], [ 270724.756291765661445, 6094372.996214487589896 ], [ 270724.600399730843492, 6094372.573856369592249 ], [ 270724.465353797888383, 6094372.136233499273658 ], [ 270724.250733742839657, 6094371.626506691798568 ], [ 270724.063146510976367, 6094371.118276811204851 ], [ 270723.869824428693391, 6094370.721839658915997 ], [ 270723.695762242830824, 6094370.308438580483198 ], [ 270723.427176192984916, 6094369.814120251685381 ], [ 270723.185748282645363, 6094369.319034578278661 ], [ 270722.958579214522615, 6094368.951692453585565 ], [ 270722.748932519403752, 6094368.565848870202899 ], [ 270722.427361681533512, 6094368.092690924182534 ], [ 270722.132886637351476, 6094367.616512150503695 ], [ 270721.875705482088961, 6094367.280986367724836 ], [ 270721.634174580278341, 6094366.925598839297891 ], [ 270358.948783828644082, 6093886.376226283609867 ], [ 270357.467322543030605, 6093884.630831304937601 ], [ 270068.156511577835772, 6093580.878408153541386 ], [ 270017.187543670122977, 6093399.434106496162713 ], [ 270046.895148957788479, 6093153.974565656855702 ], [ 270046.932962692400906, 6093153.425567521713674 ], [ 270047.007736137078609, 6093152.707769514992833 ], [ 270047.011983127158601, 6093152.278310530818999 ], [ 270047.037115693674423, 6093151.913423743098974 ], [ 270047.020376859523822, 6093151.42952970508486 ], [ 270047.026301714940928, 6093150.830403654836118 ], [ 270046.981075190647971, 6093150.293378700502217 ], [ 270046.965690588694997, 6093149.848633440211415 ], [ 270046.909571746597067, 6093149.444338577799499 ], [ 270046.868745977408253, 6093148.959568696096539 ], [ 270046.752734888985287, 6093148.314444705843925 ], [ 270046.68163583095884, 6093147.802228436805308 ], [ 270046.603580978116952, 6093147.485017385333776 ], [ 270046.536457324284129, 6093147.111750656738877 ], [ 270046.325492665288039, 6093146.354880270548165 ], [ 270046.187982611707412, 6093145.796046230942011 ], [ 270046.106289571907837, 6093145.56845314707607 ], [ 270046.032363922393415, 6093145.303232729434967 ], [ 270045.693292093346827, 6093144.417861001566052 ], [ 270045.489998779201414, 6093143.851495097391307 ], [ 270045.422980762086809, 6093143.712034123949707 ], [ 270045.360907902359031, 6093143.549951785244048 ], [ 270044.819489844026975, 6093142.456201222725213 ], [ 270044.595132624614052, 6093141.989325634203851 ], [ 270044.560510396317113, 6093141.93302156124264 ], [ 270044.528006214008201, 6093141.867357945069671 ], [ 270043.540998485288583, 6093140.270278424024582 ], [ 270043.52529526327271, 6093140.249512698501348 ], [ 270043.512933399993926, 6093140.229409335181117 ], [ 270043.321301527437754, 6093139.979754184372723 ], [ 270042.408582344942261, 6093138.772786875255406 ], [ 269687.463016786263324, 6092712.559357834048569 ], [ 269686.22676478815265, 6092711.206129687838256 ], [ 269684.871817596373148, 6092709.971762024797499 ], [ 269683.409555227612145, 6092708.866622131317854 ], [ 269681.852259023929946, 6092707.899991925805807 ], [ 269680.213008503778838, 6092707.079990004189312 ], [ 269540.777865657291841, 6092645.147487522102892 ], [ 269367.202293459849898, 6092568.070572670549154 ], [ 268977.182301124033984, 6092168.558494587428868 ], [ 268976.989275324216578, 6092168.384723703376949 ], [ 268976.446562713827007, 6092167.842566063627601 ], [ 268975.267101630393881, 6092166.834342121146619 ], [ 268921.443468072859105, 6092124.325082410126925 ], [ 268919.894437108247075, 6092123.217216480523348 ], [ 268919.880531771224923, 6092123.209151147864759 ], [ 268919.867667673912365, 6092123.199966225773096 ], [ 268919.326965768937953, 6092122.888073429465294 ], [ 268918.247055627638474, 6092122.261707136407495 ], [ 268918.217833689646795, 6092122.248293353244662 ], [ 268918.190454759402201, 6092122.232500378973782 ], [ 268917.520046425634064, 6092121.927987175993621 ], [ 268916.516260701871943, 6092121.467218135483563 ], [ 268916.470707699307241, 6092121.451356023550034 ], [ 268916.427549147163518, 6092121.431752524338663 ], [ 268915.693970577558503, 6092121.180886662565172 ], [ 268914.717745724832639, 6092120.840953234583139 ], [ 268914.655264836736023, 6092120.825674798339605 ], [ 268914.595473816851154, 6092120.80522773694247 ], [ 268913.826890566793736, 6092120.623112635686994 ], [ 268912.867818118887953, 6092120.388590878807008 ], [ 268912.788244839874096, 6092120.377006475813687 ], [ 268912.711400047177449, 6092120.358798172324896 ], [ 268911.925347907817923, 6092120.251384587027133 ], [ 268910.983251472935081, 6092120.114232709631324 ], [ 268910.88686180516379, 6092120.109476041048765 ], [ 268910.792986476561055, 6092120.096648029983044 ], [ 268910.002705415303353, 6092120.065844406373799 ], [ 268909.081133453582879, 6092120.020366375334561 ], [ 268908.968645574292168, 6092120.025538758374751 ], [ 268908.858213595987763, 6092120.021234333515167 ], [ 268908.074704427912366, 6092120.066643681377172 ], [ 268907.178710868523922, 6092120.107842978090048 ], [ 268907.051280201063491, 6092120.125957635231316 ], [ 268906.925215225433931, 6092120.133263903670013 ], [ 268906.158043241652194, 6092120.252933986485004 ], [ 268905.293233286996838, 6092120.375869353301823 ], [ 268905.15244094847003, 6092120.409796480089426 ], [ 268905.012108553142752, 6092120.431686733849347 ], [ 268904.269750185951125, 6092120.622500961646438 ], [ 268903.441796635161154, 6092120.822015263140202 ], [ 268903.289631424995605, 6092120.874428619630635 ], [ 268903.13682433089707, 6092120.913705832324922 ], [ 268902.426822474051733, 6092121.171623444184661 ], [ 268901.641188184847124, 6092121.442235430702567 ], [ 268707.449580786284059, 6092198.858754151500762 ], [ 268240.415789985156152, 6091669.989922855980694 ], [ 268238.996921773126815, 6091668.538766952231526 ], [ 268237.438289616839029, 6091667.238879933953285 ], [ 268235.755943688447587, 6091666.103647518903017 ], [ 268233.967208115383983, 6091665.144759877584875 ], [ 268232.090502583072521, 6091664.372091252356768 ], [ 268230.145152656536084, 6091663.793598277494311 ], [ 268228.151190773525741, 6091663.415238041430712 ], [ 268226.129149958083872, 6091663.240906747989357 ], [ 267803.862842513481155, 6091648.353020525537431 ], [ 267801.89748504239833, 6091648.380372181534767 ], [ 267799.944303522177506, 6091648.600508619099855 ], [ 267798.022162649547681, 6091649.011303662322462 ], [ 267796.149627316859551, 6091649.608789670281112 ], [ 267794.344783304259181, 6091650.387195858173072 ], [ 267792.62506259867223, 6091651.339004030451179 ], [ 267791.007075028494, 6091652.455021200701594 ], [ 267789.506447837862652, 6091653.724468378350139 ], [ 267595.666660654125735, 6091834.773776306770742 ], [ 267594.32520833046874, 6091836.15338159352541 ], [ 267593.122547720267903, 6091837.655517586506903 ], [ 267592.069811868306715, 6091839.266278993338346 ] ] ], [ [ [ 270650.326313356286846, 6099270.872751442715526 ], [ 270649.582634509424679, 6099270.470595339313149 ], [ 270649.538113621936645, 6099270.451750411652029 ], [ 270649.495183109189384, 6099270.428819942288101 ], [ 270648.605155502271373, 6099270.05684525705874 ], [ 270647.827867802465335, 6099269.727832718752325 ], [ 270647.787518131779507, 6099269.715125067159534 ], [ 270647.748225258430466, 6099269.698703155852854 ], [ 270646.811930324300192, 6099269.407875218428671 ], [ 270646.01037923200056, 6099269.155436175875366 ], [ 270645.974912903213408, 6099269.147884437814355 ], [ 270645.940053438127507, 6099269.13705653976649 ], [ 270644.961529808759224, 6099268.932107849977911 ], [ 270644.146666607586667, 6099268.75860150065273 ], [ 270644.116645500296727, 6099268.755149494856596 ], [ 270644.086873081803787, 6099268.748913755640388 ], [ 270643.068274179357104, 6099268.634601512923837 ], [ 270642.253647326200735, 6099268.540930863469839 ], [ 270642.229475776664913, 6099268.540467378683388 ], [ 270642.205293004692066, 6099268.537753467448056 ], [ 270641.144253608363215, 6099268.519658448174596 ], [ 270640.348504809080623, 6099268.504400115460157 ], [ 270640.330424700281583, 6099268.505779369734228 ], [ 270640.312176549516153, 6099268.50546816457063 ], [ 270639.194042440503836, 6099268.592469099909067 ], [ 270638.448532523005269, 6099268.649340855889022 ], [ 270638.43662090349244, 6099268.651403338648379 ], [ 270638.424490451812744, 6099268.652347197756171 ], [ 270637.188879899913445, 6099268.867448249831796 ], [ 270636.570977003371809, 6099268.974437421187758 ], [ 270636.565146161941811, 6099268.976030831225216 ], [ 270636.559152778587304, 6099268.977074188180268 ], [ 270634.732881302770693, 6099269.476738826371729 ], [ 270568.683575313480105, 6099290.95613622944802 ], [ 270567.371420013601892, 6099291.434121233411133 ], [ 269921.722224908880889, 6099552.505096013657749 ], [ 269919.89599321805872, 6099553.35285765118897 ], [ 269918.164251976006199, 6099554.37993810325861 ], [ 269916.544551609375048, 6099555.57592836394906 ], [ 269915.053307060501538, 6099556.928707606159151 ], [ 269913.705631429329515, 6099558.424566014669836 ], [ 269912.515182808449026, 6099560.048343728296459 ], [ 269911.494025864987634, 6099561.783584483899176 ], [ 269910.652509569947142, 6099563.612702388316393 ], [ 269847.556459304934833, 6099721.201585928909481 ], [ 269709.924588332709391, 6099815.869767900556326 ], [ 269708.333576877543237, 6099817.085800273343921 ], [ 269706.872143736341968, 6099818.454838385805488 ], [ 269705.554939967230894, 6099819.963157454505563 ], [ 269704.395170709700324, 6099821.59563638176769 ], [ 269703.404462801932823, 6099823.335909355431795 ], [ 269702.592748219962232, 6099825.166529911570251 ], [ 269701.968164508289192, 6099827.069145838730037 ], [ 269701.536973200156353, 6099829.024683165363967 ], [ 269701.303497044602409, 6099831.013537375256419 ], [ 269701.27007667068392, 6099833.015769943594933 ], [ 269701.437047121871728, 6099835.011308229528368 ], [ 269792.953188359329943, 6100516.132367110811174 ], [ 269752.442456039192621, 6101076.075333485379815 ], [ 269668.509518127539195, 6102227.53084675129503 ], [ 269579.37549511087127, 6102882.27138117980212 ], [ 269579.206411865074188, 6102884.22878282982856 ], [ 269579.230196825636085, 6102886.193329760804772 ], [ 269579.446620467060711, 6102888.146064042113721 ], [ 269579.853594295622315, 6102890.068141737021506 ], [ 269580.447191003360786, 6102891.941014748066664 ], [ 269581.221682366507594, 6102893.746609800495207 ], [ 269614.922228157345671, 6102962.745873074047267 ], [ 269623.73253270983696, 6103032.582666955888271 ], [ 269484.291406633739825, 6103231.963093060068786 ], [ 269483.195705908176024, 6103233.716222553513944 ], [ 269482.286835251143202, 6103235.573095523752272 ], [ 269481.574505998229142, 6103237.513871176168323 ], [ 269481.066329428635072, 6103239.517812211997807 ], [ 269475.444447435671464, 6103267.737200088799 ], [ 269475.160542285186239, 6103269.631972964853048 ], [ 269475.059243568219244, 6103271.545217579230666 ], [ 269475.141480894468259, 6103273.459376248531044 ], [ 269475.406499579024967, 6103275.356882897205651 ], [ 269477.534487914526835, 6103286.622935345396399 ], [ 269477.946401665976737, 6103288.369810876436532 ], [ 269478.513262089632917, 6103290.072724943049252 ], [ 269479.230504191829823, 6103291.717963778413832 ], [ 269480.092351937491912, 6103293.292278081178665 ], [ 269481.091864765505306, 6103294.782989711500704 ], [ 269754.710788742406294, 6103665.730269589461386 ], [ 269775.554723445500713, 6103745.912372960709035 ], [ 269749.858291130105499, 6103783.986406108364463 ], [ 269748.832851977786049, 6103785.681127062067389 ], [ 269747.980082102818415, 6103787.468971603550017 ], [ 269747.308346334437374, 6103789.332402746193111 ], [ 269746.824233736551832, 6103791.253142071887851 ], [ 269732.29871021566214, 6103863.893480964936316 ], [ 269732.050102212408092, 6103865.45583083294332 ], [ 269731.925757614139002, 6103867.032942582853138 ], [ 269725.544752100657206, 6104030.063334807753563 ], [ 269725.566820033825934, 6104032.067579893395305 ], [ 269725.789386904041748, 6104034.059551114216447 ], [ 269726.210217313375324, 6104036.019241683185101 ], [ 269726.825084561889526, 6104037.92696902807802 ], [ 269727.627813099126797, 6104039.763572484254837 ], [ 269728.61034054972697, 6104041.51060573104769 ], [ 269798.280758589855395, 6104152.036032455042005 ], [ 269446.879206430457998, 6104391.227829677052796 ], [ 269445.396981712256093, 6104392.340640988200903 ], [ 269444.02413909311872, 6104393.585888864472508 ], [ 269442.772469023009762, 6104394.952878683805466 ], [ 269441.652721279999241, 6104396.42987026181072 ], [ 269440.674512647034135, 6104398.004178682342172 ], [ 269439.846244320331607, 6104399.662283235229552 ], [ 269282.344780795334373, 6104755.293497098609805 ], [ 269281.646004620415624, 6104757.103764622472227 ], [ 269281.12594750802964, 6104758.973229051567614 ], [ 269264.365001694299281, 6104832.954835603013635 ], [ 269264.288344312808476, 6104833.307970242574811 ], [ 269256.921613428799901, 6104868.787141101434827 ], [ 269256.591324960696511, 6104870.985639527440071 ], [ 269256.507081114687026, 6104873.207213018089533 ], [ 269261.279149147390854, 6105142.707166660577059 ], [ 269197.872831740125548, 6105307.994462692178786 ], [ 269197.803051142022014, 6105308.209200826473534 ], [ 269197.713199218036607, 6105308.425328875891864 ], [ 269197.463256842282135, 6105309.254861021414399 ], [ 269197.228974169236608, 6105309.975826811045408 ], [ 269197.187764668778982, 6105310.169190226122737 ], [ 269197.128712542529684, 6105310.365177948959172 ], [ 269196.956518286257051, 6105311.254245609976351 ], [ 269196.794723641243763, 6105312.013419218361378 ], [ 269196.776822383399121, 6105312.182045524008572 ], [ 269196.7434783585486, 6105312.354206284508109 ], [ 269196.65824611694552, 6105313.299010479822755 ], [ 269196.574792161176447, 6105314.085130223073065 ], [ 269196.574573210556991, 6105314.22652935795486 ], [ 269196.561449784319848, 6105314.372003275901079 ], [ 269196.572802568902262, 6105315.370016316883266 ], [ 269196.571566181490198, 6105316.168479913845658 ], [ 269196.583166154974606, 6105316.281069810502231 ], [ 269196.584494723880198, 6105316.39786310121417 ], [ 269196.703652269323356, 6105317.450513787567616 ], [ 269196.785080706991721, 6105318.240862091071904 ], [ 269196.802527421095874, 6105318.323987607844174 ], [ 269196.812376699352171, 6105318.410997200757265 ], [ 269197.055982511490583, 6105319.531583791598678 ], [ 269197.213018914801069, 6105320.279789562337101 ], [ 269197.230360946850851, 6105320.333724490366876 ], [ 269197.242757277563214, 6105320.390747603960335 ], [ 269197.64986998331733, 6105321.638426817953587 ], [ 269197.850737294182181, 6105322.263138147071004 ], [ 269197.862172348424792, 6105322.289070347324014 ], [ 269197.871220066095702, 6105322.316798907704651 ], [ 269198.691316032665782, 6105324.169386747293174 ], [ 269438.735500916722231, 6105799.766328042373061 ], [ 269526.952737995481584, 6106218.298819940537214 ], [ 269546.590950197482016, 6106557.71713309455663 ], [ 269240.86953550943872, 6107580.427640534006059 ], [ 269240.753353714069817, 6107580.890944637358189 ], [ 269240.645929772465024, 6107581.237230439670384 ], [ 269240.627940237638541, 6107581.327762557193637 ], [ 269240.600262114428915, 6107581.420860947109759 ], [ 269240.535201799881179, 6107581.760880212299526 ], [ 269240.434035628277343, 6107582.164305742830038 ], [ 269240.328480757889338, 6107582.834788788110018 ], [ 269240.238192244491074, 6107583.289164646528661 ], [ 269240.233969315711875, 6107583.335186279378831 ], [ 269240.224852682789788, 6107583.382831773720682 ], [ 269240.202068957034498, 6107583.637754762545228 ], [ 269240.155594528012443, 6107583.932959678582847 ], [ 269240.096509701572359, 6107584.818838187493384 ], [ 269240.047029335109983, 6107585.372465061955154 ], [ 269222.76565132435644, 6108026.24333406612277 ], [ 269222.767797299020458, 6108026.602058955468237 ], [ 269222.750312862393912, 6108027.007827148772776 ], [ 269222.751974791812245, 6108027.048165947198868 ], [ 269222.750393724185415, 6108027.086619386449456 ], [ 269222.773648385133129, 6108027.580136785283685 ], [ 269222.776453847880475, 6108028.049102862365544 ], [ 269222.791241532075219, 6108028.202181734144688 ], [ 269222.792935648292769, 6108028.331860854290426 ], [ 269222.798683773959056, 6108028.380536524578929 ], [ 269222.799406592559535, 6108028.427302953787148 ], [ 269222.802726106427144, 6108028.453780422918499 ], [ 269222.803162842814345, 6108028.479819211177528 ], [ 269222.814599653880578, 6108028.568213449791074 ], [ 269222.819645304814912, 6108028.690682847052813 ], [ 269222.829756613529753, 6108028.770882460288703 ], [ 269222.833374761044979, 6108028.847667873837054 ], [ 269222.90305970213376, 6108029.359698968008161 ], [ 269222.950089071877301, 6108029.846536714583635 ], [ 269222.996080115903169, 6108030.090106408111751 ], [ 269223.03032649110537, 6108030.361737522296607 ], [ 269465.088702534441836, 6109461.644840557128191 ], [ 269465.421670782496221, 6109463.223442601971328 ], [ 269465.880792832933366, 6109464.770070938393474 ], [ 269473.111915944667999, 6109485.956474035046995 ], [ 269473.840569803840481, 6109487.790051660500467 ], [ 269474.746345123916399, 6109489.542910588905215 ], [ 269475.820426574908197, 6109491.19799136929214 ], [ 269477.052360811212566, 6109492.739186163060367 ], [ 269478.430158207251225, 6109494.151495509780943 ], [ 269479.940409545029979, 6109495.421174308285117 ], [ 269481.568416517286096, 6109496.535865589044988 ], [ 269483.29833477671491, 6109497.484720778651536 ], [ 269485.113328138890211, 6109498.258505276404321 ], [ 269492.928338698809966, 6109501.143571167252958 ], [ 269494.568042436847463, 6109501.669868979603052 ], [ 269496.246942531317472, 6109502.053160263225436 ], [ 269497.952591542387381, 6109502.290603280998766 ], [ 269800.220425922714639, 6109531.170554047450423 ], [ 269853.421559680369683, 6109548.58277468662709 ], [ 269980.549052076006774, 6109817.522376334294677 ], [ 269981.54844117333414, 6109819.376961486414075 ], [ 269982.737369174836203, 6109821.116132225841284 ], [ 269984.102644137805328, 6109822.720591302961111 ], [ 270199.274690563965123, 6110050.144500736147165 ], [ 270200.401262046594638, 6110051.244997623376548 ], [ 270371.26325901679229, 6110205.483236573636532 ], [ 270741.548589800717309, 6110549.417648797854781 ], [ 270743.016661590139847, 6110550.655432862229645 ], [ 270744.596672237850726, 6110551.74672133103013 ], [ 270746.274056636262685, 6110552.681454313918948 ], [ 270748.033352051454131, 6110553.451015104539692 ], [ 270749.858340664184652, 6110554.048309615813196 ], [ 270751.732199071615469, 6110554.467831769958138 ], [ 270753.637653371610213, 6110554.705714261159301 ], [ 270755.557138399628457, 6110554.759764203801751 ], [ 270757.472959650913253, 6110554.62948334403336 ], [ 271413.406306613760535, 6110478.24948572460562 ], [ 271752.226698217331432, 6110553.706925342790782 ], [ 272572.125863124325406, 6110763.53990213572979 ], [ 272572.367025926767383, 6110763.589023514650762 ], [ 272572.608055504737422, 6110763.656953741796315 ], [ 272573.062000529374927, 6110763.738042226992548 ], [ 272573.620093726844061, 6110763.862018916755915 ], [ 272573.862281851295847, 6110763.893585544079542 ], [ 272574.069570891268086, 6110763.935807326808572 ], [ 272574.301825857080985, 6110763.959513004869223 ], [ 272574.535600009898189, 6110764.001272228546441 ], [ 272574.92364976007957, 6110764.03192348126322 ], [ 272575.384287189634051, 6110764.09196263551712 ], [ 272575.741906207054853, 6110764.106498368084431 ], [ 272576.042936598940287, 6110764.137223779223859 ], [ 272576.263739034417085, 6110764.137774380855262 ], [ 272576.487576129147783, 6110764.155454812571406 ], [ 272576.799594693875406, 6110764.149489023722708 ], [ 272577.161935086187441, 6110764.164216659963131 ], [ 272577.637491542380303, 6110764.141200020909309 ], [ 272578.026548540976364, 6110764.14217018801719 ], [ 272578.233714927686378, 6110764.122068673372269 ], [ 272578.44527425407432, 6110764.118023662827909 ], [ 272578.67533673660364, 6110764.090968953445554 ], [ 272578.938970654446166, 6110764.078209234401584 ], [ 272579.535579666786361, 6110763.995747729204595 ], [ 272580.000894220196642, 6110763.950597898103297 ], [ 272580.192624063056428, 6110763.912540175020695 ], [ 272580.389929931261577, 6110763.889337552711368 ], [ 272580.535583323216997, 6110763.857530228793621 ], [ 272580.701331978023518, 6110763.834620947949588 ], [ 272608.491968902584631, 6110758.724744584411383 ], [ 273062.721985828655306, 6111231.203581871464849 ], [ 273064.147100419620983, 6111232.547534721903503 ], [ 273065.696852843218949, 6111233.745628327131271 ], [ 273067.356376476120204, 6111234.786369493231177 ], [ 273069.109751670446713, 6111235.659774490632117 ], [ 273070.940158469544258, 6111236.357464831322432 ], [ 273072.830037960025948, 6111236.872747641056776 ], [ 273074.761260712926742, 6111237.200679860077798 ], [ 273076.715300697251223, 6111237.338115668855608 ], [ 273078.673412998730782, 6111237.283736658282578 ], [ 273080.616813637607265, 6111237.038064480759203 ], [ 273099.326502873329446, 6111233.735088368877769 ], [ 273239.688738463912159, 6111462.592542148195207 ], [ 273234.764427003858145, 6111499.292313150130212 ], [ 273234.6943507566466, 6111499.880546226166189 ], [ 273230.505755195219535, 6111540.103334347717464 ], [ 273230.472220778174233, 6111540.455583698116243 ], [ 273220.64059269829886, 6111654.40355421230197 ], [ 272552.188978893973399, 6112324.215781278908253 ], [ 272550.842497955018189, 6112325.707971278578043 ], [ 272549.652583311952185, 6112327.327769123949111 ], [ 272548.631252037419472, 6112329.058816304430366 ], [ 272547.788818662986159, 6112330.883630795404315 ], [ 272547.133791011641733, 6112332.783783602528274 ], [ 272546.672784276190214, 6112334.740084883756936 ], [ 272546.410454212047625, 6112336.732777749188244 ], [ 272546.349450117966626, 6112338.741737782023847 ], [ 272546.490388080710545, 6112340.746676286682487 ], [ 272546.831844753003679, 6112342.727345176972449 ], [ 272547.370371728204191, 6112344.66374147310853 ], [ 272548.100530365831219, 6112346.536309302784503 ], [ 272549.014946717361454, 6112348.326137409545481 ], [ 272550.104385996237397, 6112350.015150130726397 ], [ 272551.357845840801019, 6112351.58628995064646 ], [ 272790.804583909455687, 6112622.582803790457547 ], [ 272791.097785300284158, 6112622.907413462176919 ], [ 273128.820667636406142, 6112988.685649052262306 ], [ 273130.284272477147169, 6112990.116448819637299 ], [ 273131.886448040779214, 6112991.390168005600572 ], [ 273133.610414233466145, 6112992.493466546759009 ], [ 273135.438115409458987, 6112993.414789244532585 ], [ 273137.350409473641776, 6112994.144486795179546 ], [ 273139.327268362569157, 6112994.674916843883693 ], [ 273479.998530691082124, 6113067.625903797335923 ], [ 273951.346954572014511, 6113394.367340359836817 ], [ 273981.119457885855809, 6113421.371632014401257 ], [ 273982.605738349200692, 6113422.594674371182919 ], [ 273984.202705087547656, 6113423.669178657233715 ], [ 274058.764053862076253, 6113468.782695029862225 ], [ 274059.035680863657035, 6113468.928844409063458 ], [ 274059.324707466934342, 6113469.109612136147916 ], [ 274060.006101499660872, 6113469.450980913825333 ], [ 274060.542242846800946, 6113469.739452695474029 ], [ 274060.771013576886617, 6113469.834191052243114 ], [ 274061.013468516001012, 6113469.955657549202442 ], [ 274061.814177632797509, 6113470.266185338608921 ], [ 274062.407842117943801, 6113470.512033212929964 ], [ 274062.586007100529969, 6113470.565513138659298 ], [ 274062.774511287512723, 6113470.63861807435751 ], [ 274063.718500848743133, 6113470.905454695224762 ], [ 274064.341834963182919, 6113471.092561396770179 ], [ 274064.463431763462722, 6113471.116023601032794 ], [ 274064.592128571181092, 6113471.152402203530073 ], [ 274065.753409167111386, 6113471.364925815723836 ], [ 274066.324507510114927, 6113471.475119716487825 ], [ 274066.385457510361448, 6113471.480595703236759 ], [ 274066.45010855345754, 6113471.492427360266447 ], [ 274068.331879415141884, 6113471.655660768970847 ], [ 274068.333831321680918, 6113471.655645253136754 ], [ 274068.335649677261245, 6113471.65580862108618 ], [ 274068.387147443776485, 6113471.655221432447433 ], [ 274070.22065713990014, 6113471.640646507032216 ], [ 274070.289938127156347, 6113471.633525410667062 ], [ 274070.35476118203951, 6113471.632786284200847 ], [ 274070.941452328290325, 6113471.566559049300849 ], [ 274072.099595215287991, 6113471.447518491186202 ], [ 274072.234617665933911, 6113471.420583156868815 ], [ 274072.361260507605039, 6113471.406287380494177 ], [ 274072.9980391729041, 6113471.268289862200618 ], [ 274073.951934891287237, 6113471.077999281696975 ], [ 274074.149400091613643, 6113471.018776242621243 ], [ 274074.334694697638042, 6113470.978620694950223 ], [ 274263.830012550635729, 6113419.773701722733676 ], [ 274275.555430456879549, 6113427.868673622608185 ], [ 274225.962058424483985, 6113682.950947674922645 ], [ 274225.892883819004055, 6113683.428742099553347 ], [ 274225.802428934315685, 6113683.891126901842654 ], [ 274225.756466772290878, 6113684.370985337533057 ], [ 274225.685651062522084, 6113684.860114998184144 ], [ 274225.662246535706799, 6113685.354672209359705 ], [ 274225.616204464109614, 6113685.835364924743772 ], [ 274225.617241129337344, 6113686.305674058385193 ], [ 274225.594461294240318, 6113686.787031011655927 ], [ 274225.61941934726201, 6113687.29387713316828 ], [ 274225.620509597356431, 6113687.788496387191117 ], [ 274225.666242685983889, 6113688.24476170912385 ], [ 274225.689337485644501, 6113688.713769033551216 ], [ 274225.764804914942943, 6113689.22808753605932 ], [ 274225.815303276700433, 6113689.731894561089575 ], [ 274225.903011553979013, 6113690.16998038161546 ], [ 274225.969396974949632, 6113690.622404037974775 ], [ 274226.097033230646048, 6113691.13908099476248 ], [ 274226.198727783514187, 6113691.647025546990335 ], [ 274226.325319327414036, 6113692.063192762434483 ], [ 274226.432034283992834, 6113692.495179416611791 ], [ 274226.612974523333833, 6113693.008853572420776 ], [ 274226.7671264547389, 6113693.515625020489097 ], [ 274226.929190050985198, 6113693.906562919728458 ], [ 274227.072945358231664, 6113694.314672173000872 ], [ 274271.037522572907619, 6113802.213795249350369 ], [ 274271.811695547658019, 6113803.888309475965798 ], [ 274272.736869125219528, 6113805.484365722164512 ], [ 274283.52332397113787, 6113822.258490359410644 ], [ 274284.683365942677483, 6113823.878913788124919 ], [ 274285.998911975300871, 6113825.375846684910357 ], [ 274514.831722869828809, 6114060.972338868305087 ], [ 274607.26926277653547, 6114229.962979071773589 ], [ 274402.308871362009086, 6114395.393857129849494 ], [ 274352.601679752056953, 6114379.686657805927098 ], [ 274352.453249651065562, 6114379.647606795653701 ], [ 274352.324094331765082, 6114379.601154247298837 ], [ 274352.150624461646657, 6114379.559102683328092 ], [ 274351.961062107642647, 6114379.495939627289772 ], [ 274351.338777625118382, 6114379.354396335780621 ], [ 274350.714603423315566, 6114379.190180095843971 ], [ 274350.458892167604063, 6114379.149002709425986 ], [ 274350.236940769769717, 6114379.095198533497751 ], [ 274350.147895750997122, 6114379.083521284162998 ], [ 274350.050985474255867, 6114379.061478312127292 ], [ 274349.421534732799046, 6114378.98195622023195 ], [ 274348.788127487408929, 6114378.879958149977028 ], [ 274348.445815693645272, 6114378.858688085339963 ], [ 274348.107568920007907, 6114378.815955447033048 ], [ 273963.56606053042924, 6114349.27188229188323 ], [ 273962.923767335596494, 6114349.232917301356792 ], [ 273905.83470905746799, 6114346.690568691119552 ], [ 273903.938769092434086, 6114346.696091281250119 ], [ 273902.051871043106075, 6114346.881117229349911 ], [ 273900.190971607691608, 6114347.243983791209757 ], [ 273898.37279384676367, 6114347.78143004886806 ], [ 273896.613676900335122, 6114348.488626215606928 ], [ 273591.333208559139166, 6114488.371442971751094 ], [ 273589.53807864303235, 6114489.306659799069166 ], [ 273587.846671295468695, 6114490.418533494696021 ], [ 273586.276311271823943, 6114491.695675353519619 ], [ 273584.843083463376388, 6114493.125003859400749 ], [ 273583.561668142734561, 6114494.691878681071103 ], [ 273582.445190597034525, 6114496.380250624381006 ], [ 273581.50508668780094, 6114498.172826025635004 ], [ 273580.750985715887509, 6114500.051243885420263 ], [ 273580.190611790458206, 6114501.996263935230672 ], [ 273579.82970471214503, 6114503.987963714636862 ], [ 273579.671961181797087, 6114506.00594263151288 ], [ 273579.718996935582254, 6114508.029530921019614 ], [ 273579.970330195443239, 6114510.038001365028322 ], [ 273630.834520618722308, 6114797.525313165038824 ], [ 273631.228239258693065, 6114799.284371751360595 ], [ 273631.778740051551722, 6114801.000836244784296 ], [ 273632.481551139615476, 6114802.660763368010521 ], [ 273633.330963410029653, 6114804.2506691114977 ], [ 273715.321533448179252, 6114942.358357237651944 ], [ 273839.204476733168121, 6115216.606673725880682 ], [ 273806.909794066450559, 6115225.129279242828488 ], [ 273720.271145685692318, 6115142.773781892843544 ], [ 273381.453331064782105, 6114412.342544639483094 ], [ 273381.295242350606713, 6114412.042253686115146 ], [ 273381.147814861498773, 6114411.712997801601887 ], [ 273380.80445275711827, 6114411.109994380734861 ], [ 273380.517115134745836, 6114410.564193949103355 ], [ 273380.35019757662667, 6114410.312243482097983 ], [ 273380.19178167154314, 6114410.034037671051919 ], [ 273379.764996394922491, 6114409.428922919556499 ], [ 273379.407151052029803, 6114408.888780214823782 ], [ 273379.239427052263636, 6114408.683747817762196 ], [ 273379.078205086931121, 6114408.455160294659436 ], [ 273378.563084956957027, 6114407.85696070920676 ], [ 273378.13464676606236, 6114407.333221058361232 ], [ 273377.973726440104656, 6114407.17254944331944 ], [ 273377.817477301054168, 6114406.991100176237524 ], [ 273377.209017568500713, 6114406.409022470936179 ], [ 273376.712451489001978, 6114405.913223861716688 ], [ 273376.565387362788897, 6114405.793299239128828 ], [ 273376.42136376153212, 6114405.655520315282047 ], [ 273375.713410266151186, 6114405.098547675646842 ], [ 273375.154925949464086, 6114404.643127156421542 ], [ 273375.028080001124181, 6114404.559373551048338 ], [ 273374.902893371880054, 6114404.460884698666632 ], [ 273374.085466808523051, 6114403.936986676417291 ], [ 273373.47779738396639, 6114403.535755845718086 ], [ 273373.376722007698845, 6114403.482744037173688 ], [ 273373.276236902398523, 6114403.418341984972358 ], [ 273372.327389206213411, 6114402.932392092421651 ], [ 273371.698000730131753, 6114402.602291697636247 ], [ 273371.627335012715776, 6114402.57386114820838 ], [ 273371.556574744696263, 6114402.537621459923685 ], [ 273370.406973582983483, 6114402.082879845052958 ], [ 273369.833507624454796, 6114401.852160438895226 ], [ 273369.796890260186046, 6114401.841552430763841 ], [ 273369.759955244197045, 6114401.82694224268198 ], [ 273367.903144932701252, 6114401.292936580255628 ], [ 272859.526618238538504, 6114281.339860429055989 ], [ 272857.837946028448641, 6114281.017332779243588 ], [ 272857.661912435491104, 6114280.999183965846896 ], [ 272857.520277287520003, 6114280.973307626321912 ], [ 272857.055435599933844, 6114280.936657067388296 ], [ 272856.127813890459947, 6114280.841020588763058 ], [ 272855.765496066014748, 6114280.834951462224126 ], [ 272855.487037201062776, 6114280.812996303662658 ], [ 272855.055785899981856, 6114280.823063224554062 ], [ 272854.408858153154142, 6114280.812226643785834 ], [ 272853.845039284788072, 6114280.851326303556561 ], [ 272853.448042481555603, 6114280.860593603923917 ], [ 272853.125785205804277, 6114280.901205070316792 ], [ 272852.69378034339752, 6114280.931163704954088 ], [ 272408.413769025239162, 6114331.003216897137463 ], [ 272406.567526734725107, 6114331.299255052581429 ], [ 272406.495968322851695, 6114331.317718993872404 ], [ 272406.428575113299303, 6114331.328770874999464 ], [ 272405.872424177825451, 6114331.478609685786068 ], [ 272404.756999833858572, 6114331.766418328508735 ], [ 272404.617526642105076, 6114331.81670559104532 ], [ 272404.486128334829118, 6114331.85210707038641 ], [ 272030.625530851073563, 6114453.048644815571606 ], [ 271653.711979616375174, 6114473.598379935137928 ], [ 271651.489352890581358, 6114473.844765006564558 ], [ 271649.308125473675318, 6114474.337737745605409 ], [ 271647.195566935406532, 6114475.071135037578642 ], [ 271547.614079159044195, 6114516.013713805004954 ], [ 271545.903237587481271, 6114516.813529765233397 ], [ 271544.275464621605352, 6114517.771151623688638 ], [ 271542.745274642831646, 6114518.878040543757379 ], [ 271541.326311913086101, 6114520.124326716177166 ], [ 271540.031228913168889, 6114521.498897368088365 ], [ 271538.871573524083942, 6114522.989495849236846 ], [ 271537.857686057919636, 6114524.582830923609436 ], [ 271536.998607056390028, 6114526.264695282094181 ], [ 271536.301996678696014, 6114528.020092227496207 ], [ 271535.77406639844412, 6114529.833369391039014 ], [ 271535.419523617369123, 6114531.688358304090798 ], [ 271497.871622603503056, 6114795.044873708859086 ], [ 271497.794626188930124, 6114795.847643062472343 ], [ 271497.726738001627382, 6114796.380992598831654 ], [ 271497.721773244556971, 6114796.604454195126891 ], [ 271497.696461860323325, 6114796.866800808347762 ], [ 271497.696444058208726, 6114796.871295995078981 ], [ 271497.696013822162058, 6114796.875781662762165 ], [ 271497.692169274610933, 6114797.936916247010231 ], [ 271497.68038400268415, 6114798.467366307973862 ], [ 271497.68967640196206, 6114798.580188157036901 ], [ 271497.689159985166043, 6114798.710587894544005 ], [ 271497.689358109142631, 6114798.71282677538693 ], [ 271497.689349945983849, 6114798.715079891495407 ], [ 271497.851687335700262, 6114800.547212243080139 ], [ 271632.181121335772332, 6115794.192297097295523 ], [ 271632.223224786692299, 6115794.406460263766348 ], [ 271632.257512082171161, 6115794.706865781918168 ], [ 271632.641851367196068, 6115796.535843773745 ], [ 271641.652095990430098, 6115831.26231521833688 ], [ 271641.658786735031754, 6115831.288031794130802 ], [ 271709.957187095598783, 6116093.086225089617074 ], [ 271710.112161892699078, 6116093.646770322695374 ], [ 271747.78491406259127, 6116222.580454877577722 ], [ 271747.924434193293564, 6116222.986424875445664 ], [ 271748.029450986126903, 6116223.358133653178811 ], [ 271748.041617450711783, 6116223.389067092910409 ], [ 271748.051152481231838, 6116223.42217387445271 ], [ 271748.227635135117453, 6116223.868666634894907 ], [ 271748.3924908261979, 6116224.348357014358044 ], [ 271748.41319628781639, 6116224.394163941033185 ], [ 271748.428790597594343, 6116224.439181195572019 ], [ 271748.599813226843253, 6116224.810259588994086 ], [ 271748.75664065714227, 6116225.207025563344359 ], [ 272348.720042613276746, 6117552.912347480654716 ], [ 272349.454629439860582, 6117554.3752794964239 ], [ 272350.306396685307845, 6117555.773235307075083 ], [ 272513.01068775652675, 6117799.74514418374747 ], [ 272514.316244076588191, 6117801.488977894186974 ], [ 272515.803712733264547, 6117803.080477284267545 ], [ 272517.455447018437553, 6117804.50076146889478 ], [ 272519.251851444831118, 6117805.732980788685381 ], [ 272544.929026132565923, 6117821.360771785490215 ], [ 272550.625425493170042, 6117824.825339122675359 ], [ 272552.27819233504124, 6117825.726846009492874 ], [ 272552.355406236310955, 6117825.7599638979882 ], [ 272552.423021644819528, 6117825.796493227593601 ], [ 272552.953277742140926, 6117826.016397543251514 ], [ 272554.008403525978792, 6117826.468952561728656 ], [ 272554.169014361163136, 6117826.520579825155437 ], [ 272554.310319259937387, 6117826.579180861823261 ], [ 272554.908719350642059, 6117826.758352975361049 ], [ 272555.800727868278045, 6117827.045083061791956 ], [ 272556.049067103595007, 6117827.099794296547771 ], [ 272556.267622065381147, 6117827.165233715437353 ], [ 272556.857426763221156, 6117827.277882766909897 ], [ 272557.639283786993474, 6117827.450132483616471 ], [ 272557.977848056238145, 6117827.491876308806241 ], [ 272558.274503197870217, 6117827.548535607755184 ], [ 272558.823789922054857, 6117827.596178070642054 ], [ 272559.507780054584146, 6117827.680511733517051 ], [ 272559.937339742726181, 6117827.692761975340545 ], [ 272560.310018383199349, 6117827.725086310878396 ], [ 272560.800848454935476, 6117827.717387634329498 ], [ 272561.389660145621747, 6117827.734179446473718 ], [ 272561.90951919183135, 6117827.699998118914664 ], [ 272562.352924515609629, 6117827.693043299950659 ], [ 272562.77429644681979, 6117827.643138023093343 ], [ 272563.268248942214996, 6117827.61066008079797 ], [ 272563.876794193522073, 6117827.512563462369144 ], [ 272564.381901355693117, 6117827.452740984968841 ], [ 272564.727426732017193, 6117827.37544272094965 ], [ 272565.126900490315165, 6117827.311048125848174 ], [ 272565.82280747796176, 6117827.130392614752054 ], [ 272566.375774033309426, 6117827.00668721459806 ], [ 272566.642711316526402, 6117826.91754786670208 ], [ 272566.949145497346763, 6117826.837998408824205 ], [ 272567.734405189286917, 6117826.552994520403445 ], [ 272568.313734033610672, 6117826.35953711066395 ], [ 272568.502495268883649, 6117826.274222209118307 ], [ 272568.718837264867034, 6117826.195702566765249 ], [ 272569.608443425619043, 6117825.774363972246647 ], [ 272570.175556359230541, 6117825.518044479191303 ], [ 272570.289392162696458, 6117825.451850486919284 ], [ 272570.420294762472622, 6117825.389851908199489 ], [ 272571.491223026649095, 6117824.753001962788403 ], [ 272571.941810603020713, 6117824.490991332568228 ], [ 272571.986559425771702, 6117824.458439788781106 ], [ 272572.038441575597972, 6117824.427586980164051 ], [ 273463.317243222321849, 6117235.92457390204072 ], [ 273860.304054310370702, 6117325.846851389855146 ], [ 274415.187552940449677, 6117489.194238124415278 ], [ 274546.415084122971166, 6118242.686114933341742 ], [ 274546.809920997184236, 6118244.46791105158627 ], [ 274547.365535270655528, 6118246.206297183409333 ], [ 274691.851444592641201, 6118635.971973578445613 ], [ 274382.192536975024268, 6119054.671969210729003 ], [ 274074.806069045851473, 6119077.690712929703295 ], [ 273982.317990213050507, 6118905.944233911111951 ], [ 273804.850602697872091, 6118476.707956620492041 ], [ 273804.026984695694409, 6118474.960155732929707 ], [ 273803.038557592139114, 6118473.299985133111477 ], [ 273801.894546265073586, 6118471.742939006537199 ], [ 273557.607767765002791, 6118170.875374385155737 ], [ 273556.268275000562426, 6118169.384904408827424 ], [ 273554.786353594739921, 6118168.035960168577731 ], [ 273553.176881081250031, 6118166.842084193602204 ], [ 273551.456015524454415, 6118165.815262226387858 ], [ 273549.641033302992582, 6118164.965802896767855 ], [ 273547.750155665969942, 6118164.302234228700399 ], [ 273545.802365803334396, 6118163.831218020990491 ], [ 273543.817218267242424, 6118163.55748297367245 ], [ 273541.814642656536307, 6118163.483777210116386 ], [ 273050.10869192465907, 6118170.038797929883003 ], [ 273049.609914943401236, 6118170.066161531955004 ], [ 273049.27686892444035, 6118170.067207065410912 ], [ 273048.947530352394097, 6118170.102500875480473 ], [ 273048.452615284710191, 6118170.129652607254684 ], [ 273047.630072474072222, 6118170.243687217123806 ], [ 273047.217209362948779, 6118170.287931995466352 ], [ 273047.043735959159676, 6118170.324974968098104 ], [ 273046.809761104988866, 6118170.357412466779351 ], [ 273045.191427476063836, 6118170.720511179417372 ], [ 272538.257989786972757, 6118306.76342025026679 ], [ 272536.321265540434979, 6118307.390435182489455 ], [ 272534.458311455964576, 6118308.211075549013913 ], [ 272532.688427963876165, 6118309.216839415952563 ], [ 272531.029951271775644, 6118310.3973069479689 ], [ 272486.572348193381913, 6118345.582967457361519 ], [ 272485.113632478518412, 6118346.857053499668837 ], [ 272483.784993579320144, 6118348.266260884702206 ], [ 272482.598891294619534, 6118349.797374254092574 ], [ 272481.566448733909056, 6118351.43603502959013 ], [ 272480.697348006011453, 6118353.166876069270074 ], [ 272479.999739422055427, 6118354.973665775731206 ], [ 272479.480165062414017, 6118356.839460315182805 ], [ 272479.143497426412068, 6118358.746762515045702 ], [ 272478.992893738264684, 6118360.67768594995141 ], [ 272479.029766339343041, 6118362.614122674800456 ], [ 272479.253769443312194, 6118364.537913044914603 ], [ 272479.66280237887986, 6118366.43101601023227 ], [ 272558.560699027613737, 6118661.551267370581627 ], [ 272558.739879808854312, 6118662.180113130249083 ], [ 272716.068987065693364, 6119181.941063900478184 ], [ 272716.256748162384611, 6119182.487474489025772 ], [ 272716.337925416708458, 6119182.76475543808192 ], [ 272716.424270908522885, 6119182.974988697096705 ], [ 272716.550593720807228, 6119183.342605437152088 ], [ 272717.134659706032835, 6119184.704637218266726 ], [ 272750.675188923429232, 6119255.551749336533248 ], [ 272751.519612043455709, 6119257.145369849167764 ], [ 272751.564987880759872, 6119257.215011985972524 ], [ 272751.600748055730946, 6119257.281856931746006 ], [ 272751.905520546773914, 6119257.737656278535724 ], [ 272751.94100237096427, 6119257.792113236151636 ], [ 272752.093230136786588, 6119258.061541240662336 ], [ 273348.870005347242113, 6120156.305553716607392 ], [ 273409.087349093228113, 6121227.169814090244472 ], [ 273204.705081399239134, 6122123.192182824015617 ], [ 273032.416467213071883, 6122801.589594570919871 ], [ 273032.197789138648659, 6122802.548994736745954 ], [ 273010.271106035681441, 6122910.994706777855754 ], [ 273010.211700131359976, 6122911.300781385973096 ], [ 273004.981105140584987, 6122939.420248609036207 ], [ 273004.960069417778868, 6122939.535202770493925 ], [ 272948.594972983875778, 6123252.719062553718686 ], [ 272948.489053081138991, 6123253.368747404776514 ], [ 272927.183595907641575, 6123399.115151792764664 ], [ 272927.10935127286939, 6123399.678933806717396 ], [ 272922.992098712304141, 6123434.79316377826035 ], [ 272799.965193593583535, 6124310.205759312026203 ], [ 272755.044650733470917, 6124555.449362818151712 ], [ 272755.023532684077509, 6124555.610003752633929 ], [ 272754.98990993417101, 6124555.762217240408063 ], [ 272754.979453199484851, 6124555.85423266608268 ], [ 272754.958654551999643, 6124555.955420061945915 ], [ 272754.915898425679188, 6124556.348805036395788 ], [ 272754.850998542446177, 6124556.744594128802419 ], [ 272754.825241677346639, 6124557.118365250527859 ], [ 272754.781751105852891, 6124557.449189651757479 ], [ 272737.571517275529914, 6124771.407753553241491 ], [ 272737.512748241249938, 6124773.485422832891345 ], [ 272737.669926678820048, 6124775.557971595786512 ], [ 272738.041354996850714, 6124777.603015468455851 ], [ 272738.623021617822815, 6124779.598467141389847 ], [ 272739.408644304494374, 6124781.522774920798838 ], [ 272740.389738010941073, 6124783.35515549685806 ], [ 272741.555706524115521, 6124785.075818411074579 ], [ 272742.893956908024848, 6124786.666179799474776 ], [ 272797.330784541903995, 6124844.923432097770274 ], [ 272727.604932371294126, 6124902.60721630603075 ], [ 272726.811368713446427, 6124903.33459085971117 ], [ 272726.173536933318246, 6124903.913222179748118 ], [ 272726.143183809123002, 6124903.947044179774821 ], [ 272726.109288441657554, 6124903.978112421929836 ], [ 272725.364386410976294, 6124904.814845646731555 ], [ 272724.80320691812085, 6124905.440158967860043 ], [ 272724.783158675068989, 6124905.46772688254714 ], [ 272724.760229557752609, 6124905.49348269123584 ], [ 272724.06310314493021, 6124906.457859996706247 ], [ 272723.596519297396298, 6124907.099449567496777 ], [ 272723.585105900419876, 6124907.119102615863085 ], [ 272723.571638570923824, 6124907.137732790783048 ], [ 272722.901988259516656, 6124908.295382047072053 ], [ 272722.566172468359582, 6124908.873632679693401 ], [ 272722.561502068361733, 6124908.883993117138743 ], [ 272722.555746994388755, 6124908.893942126072943 ], [ 272721.723009131965227, 6124910.744037955068052 ], [ 272690.780318954843096, 6124990.004205379635096 ], [ 272690.537237302225549, 6124990.730725809000432 ], [ 272690.317154506279621, 6124991.325342809781432 ], [ 272690.24919819959905, 6124991.591614692471921 ], [ 272690.154578569286969, 6124991.874413060024381 ], [ 272689.96602719189832, 6124992.701158178970218 ], [ 272689.800014118663967, 6124993.351643995381892 ], [ 272689.768414886610117, 6124993.567632935941219 ], [ 272689.716068972600624, 6124993.797155146487057 ], [ 272659.871518683736213, 6125162.68481355253607 ], [ 272659.837046730041038, 6125162.963852022774518 ], [ 272659.78008041047724, 6125163.249221012927592 ], [ 272659.704764386464376, 6125164.034631565213203 ], [ 272659.616655782971065, 6125164.747840052470565 ], [ 272659.611804601387121, 6125165.00403478462249 ], [ 272659.586517885734793, 6125165.267729709856212 ], [ 272648.698980092769489, 6125407.666950731538236 ], [ 272648.701197426998988, 6125408.233115680515766 ], [ 272648.68369003769476, 6125409.004956035874784 ], [ 272648.685055694542825, 6125409.025387411937118 ], [ 272648.684579218213912, 6125409.043612237088382 ], [ 272683.539794204349164, 6126863.194205267354846 ], [ 272681.994836407247931, 6126885.128227044828236 ], [ 272513.381863425136544, 6127962.230124249123037 ], [ 272273.280445296142716, 6128726.096086638979614 ], [ 271857.486444470181596, 6129862.93666448444128 ], [ 271857.433368596306536, 6129863.09438531473279 ], [ 271857.371328383276705, 6129863.259981063194573 ], [ 271748.472925799142104, 6130177.62362159229815 ], [ 271748.317657874664292, 6130178.090319579467177 ], [ 271500.235329410294071, 6130955.553557185456157 ], [ 271500.216822073154617, 6130955.627853211946785 ], [ 271500.182724577141926, 6130955.720946921035647 ], [ 271500.105145490029827, 6130956.025895117782056 ], [ 271499.934968235844281, 6130956.59074579924345 ], [ 271499.869395954941865, 6130956.887972582131624 ], [ 271499.815746977808885, 6130957.072770401835442 ], [ 271167.200579856405966, 6132377.287864690646529 ], [ 271044.80352640786441, 6132812.504711726680398 ], [ 271044.599987469322514, 6132813.2890908382833 ], [ 270687.340000915981364, 6134314.532041137106717 ], [ 270220.00786562130088, 6136272.42553686350584 ], [ 270219.920566058717668, 6136272.887648084200919 ], [ 270219.838449648232199, 6136273.264854487031698 ], [ 270219.779424471489619, 6136273.516335317865014 ], [ 270219.773399271129165, 6136273.563667095266283 ], [ 270219.760416441014968, 6136273.623304463922977 ], [ 270219.71042413264513, 6136274.00001267157495 ], [ 270219.654609103163239, 6136274.295463766902685 ], [ 270219.64710027188994, 6136274.377273051999509 ], [ 270219.633575425774325, 6136274.450065507553518 ], [ 270219.608311208314262, 6136274.769466571509838 ], [ 270219.543637259223033, 6136275.256805689074099 ], [ 270219.534563943918329, 6136275.439870353788137 ], [ 270219.517082633683458, 6136275.577197154052556 ], [ 270219.510549894883297, 6136275.864999741315842 ], [ 270219.48067396361148, 6136276.190500273369253 ], [ 270219.481347376073245, 6136276.374597750604153 ], [ 270219.468422161764465, 6136276.538003848865628 ], [ 270219.47243683662964, 6136276.693356836214662 ], [ 270219.462065623898525, 6136276.902608087286353 ], [ 270217.936357812955976, 6136460.371719770133495 ], [ 270218.006940399471205, 6136462.22500638384372 ], [ 270218.248892749194056, 6136464.06378647685051 ], [ 270218.660134281730279, 6136465.872248136438429 ], [ 270219.237128676497377, 6136467.634840159676969 ], [ 270219.97491428203648, 6136469.336405783891678 ], [ 270220.867146781762131, 6136470.962313019670546 ], [ 270221.906153749790974, 6136472.498580474406481 ], [ 270223.083000627229922, 6136473.931997580453753 ], [ 270224.387567551166285, 6136475.250238193199039 ], [ 270398.871504423907027, 6136635.928081375546753 ], [ 270447.051286208734382, 6136866.008434748277068 ], [ 270436.539692322374322, 6137153.19023946300149 ], [ 270198.740544220432639, 6137459.380252339877188 ], [ 270156.922413722262718, 6137425.572893361561 ], [ 270155.472815030661877, 6137424.50518487393856 ], [ 270153.93307344202185, 6137423.57216096110642 ], [ 270152.315666012989823, 6137422.781382237561047 ], [ 270150.6336991530261, 6137422.139256654307246 ], [ 270148.900802419055253, 6137421.650987578555942 ], [ 270147.131018070154823, 6137421.320531620644033 ], [ 270141.935352210071869, 6137420.590622508898377 ], [ 270139.649186824797653, 6137420.402294602245092 ], [ 270102.936241513292771, 6137419.491171047091484 ], [ 270101.171400452556554, 6137419.525291792117059 ], [ 270099.41644158231793, 6137419.714890206232667 ], [ 270097.685035278380383, 6137420.058489399962127 ], [ 270095.990668452170212, 6137420.553412881679833 ], [ 269912.191500304907095, 6137483.1677609058097 ], [ 269910.379641725507099, 6137483.885302160866559 ], [ 269908.646217308065388, 6137484.77577212266624 ], [ 269907.007684604381211, 6137485.830716454423964 ], [ 269905.479600241000298, 6137487.0401192586869 ], [ 269904.076472221291624, 6137488.392498171888292 ], [ 269902.811622182955034, 6137489.875013381242752 ], [ 269901.697058918711264, 6137491.473589526489377 ], [ 269900.743364362395369, 6137493.17304934002459 ], [ 269899.959593121369835, 6137494.957257737405598 ], [ 269899.353186509921215, 6137496.809275012463331 ], [ 269493.630679188354407, 6138976.075793823227286 ], [ 269493.376801673497539, 6138977.108282092027366 ], [ 269441.510158797260374, 6139215.166246882639825 ], [ 269441.421194925555028, 6139215.597326811403036 ], [ 269244.201317717670463, 6140227.360311757773161 ], [ 269244.198828533350024, 6140227.378444829955697 ], [ 269244.194298476504628, 6140227.396498902700841 ], [ 269243.896340165927541, 6140229.581995394080877 ], [ 269234.440910767472815, 6140347.038729560561478 ], [ 269234.376570378313772, 6140348.72129646781832 ], [ 269234.382036198687274, 6140348.840050564147532 ], [ 269234.378664248099085, 6140348.943218461237848 ], [ 269234.378907661885023, 6140348.947099362500012 ], [ 269234.378781903069466, 6140348.950970044359565 ], [ 269234.409409696585499, 6140349.434785624034703 ], [ 269234.453987472632434, 6140350.40331242326647 ], [ 269307.327096635010093, 6141175.413755459710956 ], [ 269307.397333651955705, 6141175.967676602303982 ], [ 269307.397333652013913, 6141175.967676603235304 ], [ 269307.427535564405844, 6141176.316450421698391 ], [ 269307.473394434549846, 6141176.567526618018746 ], [ 269307.518382398469839, 6141176.922322215512395 ], [ 269307.588412971352227, 6141177.263971922919154 ], [ 269307.619000875740312, 6141177.480545616708696 ], [ 269307.69604255259037, 6141177.789051376283169 ], [ 269307.700287615298294, 6141177.809761251322925 ], [ 269307.766204046958592, 6141178.170652107335627 ], [ 269512.959098724764772, 6142063.305756866000593 ], [ 269513.248463552503381, 6142064.409781839698553 ], [ 269524.205309432349168, 6142101.826195447705686 ], [ 269524.760911267134361, 6142103.458913697861135 ], [ 269835.96176564542111, 6142903.122996906749904 ], [ 269835.979572262207512, 6142903.168279758654535 ], [ 269835.980213458940852, 6142903.170223345048726 ], [ 269995.621304415981285, 6143310.328179006464779 ], [ 270482.089500698610209, 6144826.270933351479471 ], [ 270479.751417375635356, 6144935.749768754467368 ], [ 270479.753040840208996, 6144936.674071454443038 ], [ 270481.072091534966603, 6144989.709325239062309 ], [ 270481.200841311714612, 6144991.531343644484878 ], [ 270481.49528201832436, 6144993.334017283283174 ], [ 270481.952957777946722, 6144995.102310379967093 ], [ 270508.084031704463996, 6145079.893527668900788 ], [ 270508.702686568838544, 6145081.616485428996384 ], [ 270509.47629206761485, 6145083.275657455436885 ], [ 270510.398366707144305, 6145084.857142720371485 ], [ 270511.461185075808316, 6145086.347691074945033 ], [ 270876.591378334676847, 6145551.789996012113988 ], [ 270877.475687638157979, 6145552.84084863960743 ], [ 270972.123192724306136, 6145657.77760205604136 ], [ 270973.53264222224243, 6145659.191503246314824 ], [ 271394.905807198374532, 6146041.664886414073408 ], [ 271396.482093548984267, 6146042.955524943768978 ], [ 271398.181499731261283, 6146044.079110765829682 ], [ 271399.986392594058998, 6146045.023985479958355 ], [ 271401.878044449549634, 6146045.780345004983246 ], [ 271403.836827392864507, 6146046.34034130256623 ], [ 271405.842416962550487, 6146046.698163814842701 ], [ 271407.874003028555308, 6146046.850099751725793 ], [ 271417.060986612050328, 6146047.067820191383362 ], [ 271419.017398923984729, 6146047.018408154137433 ], [ 271420.959615667932667, 6146046.778023455291986 ], [ 271422.869040163699538, 6146046.348967772908509 ], [ 271424.727389716310427, 6146045.735349304974079 ], [ 271426.516870672057848, 6146044.94304343406111 ], [ 271428.220348792441655, 6146043.979636470787227 ], [ 271429.821513313916512, 6146042.854353013448417 ], [ 271897.017671488516498, 6145679.105477421544492 ], [ 271898.451469377207104, 6145677.876135141588748 ], [ 271899.762912851991132, 6145676.517027037218213 ], [ 271900.940306923002936, 6145675.040273155085742 ], [ 271901.9731520054047, 6145673.459042665548623 ], [ 271902.852237551414873, 6145671.787436422891915 ], [ 271903.569724186265375, 6145670.040361222811043 ], [ 271904.119213617406785, 6145668.233396864496171 ], [ 271904.495805692102294, 6145666.382657218724489 ], [ 271951.452978945453651, 6145362.89343389775604 ], [ 271951.459846355952322, 6145362.848714406602085 ], [ 271983.559222500596661, 6145152.235069658607244 ], [ 272226.708403893979266, 6144278.60717198997736 ], [ 272227.135003330360632, 6144276.72829698305577 ], [ 272227.378832283371594, 6144274.817091654054821 ], [ 272227.437627923674881, 6144272.891292744316161 ], [ 272227.31084460450802, 6144270.968772429972887 ], [ 272226.999658925225958, 6144269.067372460849583 ], [ 272226.506958812184166, 6144267.204738581553102 ], [ 272225.837316717486829, 6144265.398156772367656 ], [ 272224.99694718484534, 6144263.6643928270787 ], [ 272223.993649176496547, 6144262.019536761566997 ], [ 272121.401912538683973, 6144110.733557859435678 ], [ 272120.218497133231722, 6144109.160981934517622 ], [ 272118.886248739203438, 6144107.712333848699927 ], [ 271427.817083519999869, 6143426.782715149223804 ], [ 271428.082850712002255, 6143323.404924241825938 ], [ 271427.917107720044442, 6143320.783513423986733 ], [ 271420.885765587387141, 6143266.518419382162392 ], [ 271420.571275203255937, 6143264.731661319732666 ], [ 271420.096166544826701, 6143262.980752887204289 ], [ 271419.464349053858314, 6143261.280101472511888 ], [ 271418.68102165410528, 6143259.643700922839344 ], [ 271417.752629971771967, 6143258.085016394034028 ], [ 271296.018856386828702, 6143073.31640069000423 ], [ 271287.961610616941471, 6143031.351036600768566 ], [ 271277.878187244932633, 6142978.852069743908942 ], [ 271416.725568157678936, 6143094.450064069591463 ], [ 271417.926207538403105, 6143095.374941822141409 ], [ 271419.193434921849985, 6143096.206247144378722 ], [ 271427.372108677751385, 6143101.13869287353009 ], [ 271428.792504969867878, 6143101.918653480708599 ], [ 271430.27138160483446, 6143102.581064285710454 ], [ 271446.928199830115773, 6143109.245526709593832 ], [ 271448.925763205217663, 6143109.924887702800333 ], [ 271450.983780982671306, 6143110.390025989152491 ], [ 271453.079348500876222, 6143110.635764821432531 ], [ 271455.189143189403694, 6143110.659369255416095 ], [ 271457.289684136863798, 6143110.460576586425304 ], [ 271509.222587499651127, 6143102.764049806632102 ], [ 271511.108186568482779, 6143102.391230722889304 ], [ 271512.949289323529229, 6143101.83912696223706 ], [ 271514.728890980884898, 6143101.112837861292064 ], [ 271516.43055479315808, 6143100.219071567989886 ], [ 271518.038563861802686, 6143099.166083081625402 ], [ 271519.538066301844083, 6143097.963598008267581 ], [ 271520.915212416672148, 6143096.622722736559808 ], [ 271522.157282616652083, 6143095.15584184974432 ], [ 272398.91243043076247, 6141952.617866784334183 ], [ 272753.769138535368256, 6141877.844104854390025 ], [ 272755.600972769141663, 6141877.36654996406287 ], [ 272757.379449781088624, 6141876.717940026894212 ], [ 272759.088635860884096, 6141875.90408606082201 ], [ 272760.713218088436406, 6141874.932279537431896 ], [ 272762.23864152567694, 6141873.811227054335177 ], [ 272763.651239616679959, 6141872.550972332246602 ], [ 272764.938356629223563, 6141871.162806228734553 ], [ 272766.08846103947144, 6141869.65916558727622 ], [ 272767.091248845448717, 6141868.053521807305515 ], [ 272796.505605561076663, 6141815.58150468673557 ], [ 272797.191004200198222, 6141814.243245917372406 ], [ 272871.308952659019269, 6141655.04564107209444 ], [ 272876.771541779511608, 6141659.47848763410002 ], [ 272878.461891820828896, 6141660.709417378529906 ], [ 272880.271523637988139, 6141661.757131073623896 ], [ 272882.180655822914559, 6141662.610175971873105 ], [ 272884.16841931140516, 6141663.259227289818227 ], [ 272886.213085506518837, 6141663.697190130129457 ], [ 272888.292303797556087, 6141663.91927704308182 ], [ 272915.115289732057136, 6141665.372067376971245 ], [ 272917.211178125580773, 6141665.37560520041734 ], [ 272919.295928334351629, 6141665.159787589684129 ], [ 272921.346645836601965, 6141664.726984632201493 ], [ 272923.340809854329564, 6141664.081949327141047 ], [ 272925.256520674447529, 6141663.231765389442444 ], [ 273321.748979465977754, 6141461.775424914434552 ], [ 273323.203386237670202, 6141460.958410794846714 ], [ 273324.584646956354845, 6141460.023033889010549 ], [ 273472.241777650313452, 6141350.779768384993076 ], [ 273851.565032622194849, 6141362.943954821676016 ], [ 274176.102106847509276, 6141533.3733771732077 ], [ 274217.430978140095249, 6141611.496908582746983 ], [ 274217.870044943701942, 6141612.237637802027166 ], [ 274218.262245264369994, 6141612.922628968954086 ], [ 274218.34521326579852, 6141613.039272217079997 ], [ 274218.419359292136505, 6141613.16436053533107 ], [ 274218.938190399261657, 6141613.87292829528451 ], [ 274219.400947780290153, 6141614.523510724306107 ], [ 274219.486425779527053, 6141614.621653478592634 ], [ 274219.564515799516812, 6141614.728301036171615 ], [ 274220.16148012370104, 6141615.396726514212787 ], [ 274220.691217843268532, 6141616.004952246323228 ], [ 274220.776455407554749, 6141616.085319000296295 ], [ 274220.855690939817578, 6141616.17403962649405 ], [ 274221.528623505495489, 6141616.794505250640213 ], [ 274222.120606070326176, 6141617.352659600786865 ], [ 274222.203027877549175, 6141617.416327929124236 ], [ 274222.280756403750274, 6141617.487996147945523 ], [ 274223.027131608745549, 6141618.05292288493365 ], [ 274223.675320773851126, 6141618.553629212081432 ], [ 274223.752568547613919, 6141618.602001577615738 ], [ 274223.826326218957547, 6141618.657828299328685 ], [ 274224.643563053396065, 6141619.159940145909786 ], [ 274225.340361033333465, 6141619.596273327246308 ], [ 274225.410331521939952, 6141619.63104413356632 ], [ 274225.477882487582974, 6141619.672547574155033 ], [ 274226.363915802212432, 6141620.104913837276399 ], [ 274227.099661433778238, 6141620.470531823113561 ], [ 274227.160539950185921, 6141620.493650242686272 ], [ 274227.219911756401416, 6141620.522622478194535 ], [ 274228.174371653469279, 6141620.878649548627436 ], [ 274228.936247075849678, 6141621.167969272471964 ], [ 274228.986536139796954, 6141621.181598413735628 ], [ 274229.036050737951882, 6141621.200068060308695 ], [ 274230.063076227845158, 6141621.47335800062865 ], [ 274230.832397360762116, 6141621.681856336072087 ], [ 274230.870940111286473, 6141621.688329366967082 ], [ 274230.909240015142132, 6141621.698520913720131 ], [ 274232.025829223217443, 6141621.882286275736988 ], [ 274232.769816970452666, 6141622.00723468977958 ], [ 274232.795814894430805, 6141622.009008524008095 ], [ 274232.821884284145199, 6141622.013298956677318 ], [ 274234.093892501085065, 6141622.097576152533293 ], [ 274234.729812393081374, 6141622.140964865684509 ], [ 274234.742837293830235, 6141622.140572138130665 ], [ 274234.756017631152645, 6141622.141445404849946 ], [ 274236.693472290295176, 6141622.081756548024714 ], [ 274682.471200715575833, 6141586.667853799648583 ], [ 274682.752632363990415, 6141586.643494823016226 ], [ 274873.110727811639663, 6141568.812018767930567 ], [ 274874.914106926531531, 6141568.559833007864654 ], [ 274876.687074759684037, 6141568.144671650603414 ], [ 274878.414934409956913, 6141567.56997615005821 ], [ 274880.083362897625193, 6141566.840510406531394 ], [ 275093.175905412936118, 6141461.870618815533817 ], [ 275308.269472345768008, 6141538.60442971624434 ], [ 275593.659248668351211, 6141867.225167335942388 ], [ 275594.994030134985223, 6141868.620030678808689 ], [ 275595.021394250739831, 6141868.643590778112411 ], [ 275595.045489008189179, 6141868.668681024573743 ], [ 275595.517448754690122, 6141869.070686370134354 ], [ 275596.457083190791309, 6141869.879697724245489 ], [ 275596.516136741265655, 6141869.921347707509995 ], [ 275596.56905654782895, 6141869.966423681005836 ], [ 275597.157521760615055, 6141870.373711282387376 ], [ 275598.034774795349222, 6141870.992430626414716 ], [ 275598.129030845651869, 6141871.046110594645143 ], [ 275598.214695066330023, 6141871.105400377884507 ], [ 275598.859124365844764, 6141871.461907743476331 ], [ 275599.712403681711294, 6141871.947860701940954 ], [ 275599.844493238255382, 6141872.007027681916952 ], [ 275599.965925986936782, 6141872.074205989018083 ], [ 275600.638935492315795, 6141872.362882832996547 ], [ 275601.474337346211541, 6141872.737085049971938 ], [ 275601.645952852733899, 6141872.794827094301581 ], [ 275601.805213384795934, 6141872.863139394670725 ], [ 275602.488911537977401, 6141873.07845040038228 ], [ 275603.30415771517437, 6141873.352749509736896 ], [ 275603.516010654624552, 6141873.401905631646514 ], [ 275603.714139582880307, 6141873.464300620369613 ], [ 275604.394765438046306, 6141873.605802622623742 ], [ 275605.18481413210975, 6141873.789117188192904 ], [ 275605.436607273353729, 6141873.822401366196573 ], [ 275605.673589577199891, 6141873.871669948101044 ], [ 275606.339800595014822, 6141873.941793211735785 ], [ 275607.098782239423599, 6141874.042121918871999 ], [ 275607.389197010023054, 6141874.052249357104301 ], [ 275607.66394244437106, 6141874.081168191507459 ], [ 275608.306164546229411, 6141874.084226145409048 ], [ 275609.028227274131496, 6141874.109406149946153 ], [ 275609.354926408268511, 6141874.089219845831394 ], [ 275609.665267815464176, 6141874.090697542764246 ], [ 275610.275426195934415, 6141874.032343390397727 ], [ 275610.955170255911071, 6141873.990342911332846 ], [ 275611.314815691963304, 6141873.932938557118177 ], [ 275611.657525448768865, 6141873.900162579491735 ], [ 275612.228928259108216, 6141873.787033627741039 ], [ 275612.861655518994667, 6141873.686041660606861 ], [ 275613.249941344372928, 6141873.584888769313693 ], [ 275613.620765901985578, 6141873.511471220292151 ], [ 275614.14805143250851, 6141873.350920834578574 ], [ 275614.729918027238455, 6141873.199337941594422 ], [ 275615.141617880086415, 6141873.048395034857094 ], [ 275615.535330296203028, 6141872.928515621460974 ], [ 275616.014438105921727, 6141872.728390011005104 ], [ 275616.542548911995254, 6141872.534766963683069 ], [ 275616.971577188756783, 6141872.328588463366032 ], [ 275617.382047169201542, 6141872.157133200205863 ], [ 275617.810194104793482, 6141871.92557358648628 ], [ 275618.282657692208886, 6141871.69852134026587 ], [ 275618.722143467515707, 6141871.432353561744094 ], [ 275619.142424449091777, 6141871.205048182047904 ], [ 275619.518075910571497, 6141870.950309358537197 ], [ 275619.934029663098045, 6141870.698393386788666 ], [ 275620.376401931163855, 6141870.368256623856723 ], [ 275620.798834624351002, 6141870.081794256344438 ], [ 275795.79273014672799, 6141738.166004273109138 ], [ 276025.920209020725451, 6141855.580923331901431 ], [ 276025.991112200717907, 6141855.612774700857699 ], [ 276026.060340099094901, 6141855.651728739030659 ], [ 276026.166414739680476, 6141855.698506976477802 ], [ 276026.271830206853338, 6141855.755996141582727 ], [ 276027.106903150910512, 6141856.114014129154384 ], [ 276027.728505573119037, 6141856.393252495676279 ], [ 276027.783802086429205, 6141856.41176444850862 ], [ 276027.838303179538343, 6141856.435799081809819 ], [ 276027.920943837147206, 6141856.463015028275549 ], [ 276028.003669210127555, 6141856.498481596820056 ], [ 276028.968018031620886, 6141856.808211680501699 ], [ 276029.608337442274205, 6141857.022575334645808 ], [ 276029.646252699662, 6141857.031208887696266 ], [ 276029.683963704563212, 6141857.043628206476569 ], [ 276029.740594061557204, 6141857.056348073296249 ], [ 276029.797697243338916, 6141857.074688504450023 ], [ 276030.960693958681077, 6141857.330515779554844 ], [ 276031.541236149205361, 6141857.462709042243659 ], [ 276031.560533049050719, 6141857.465128498151898 ], [ 276031.579899012402166, 6141857.469478328712285 ], [ 276031.60871498065535, 6141857.473062573000789 ], [ 276031.63798983633751, 6141857.479502235539258 ], [ 276033.508211857581045, 6141857.709329509176314 ], [ 276094.836218514363281, 6141862.326821530237794 ], [ 276095.483340905746445, 6141862.34747726470232 ], [ 276095.967863706289791, 6141862.3798484262079 ], [ 276096.242110814782791, 6141862.371696716174483 ], [ 276096.564455976884346, 6141862.381985768675804 ], [ 276096.646363809239119, 6141862.377511262893677 ], [ 276096.720946034358349, 6141862.379599798470736 ], [ 276097.244051985791884, 6141862.344860426150262 ], [ 276097.362318041385151, 6141862.338399723172188 ], [ 276097.894794952764641, 6141862.322572401724756 ], [ 276098.07850140472874, 6141862.299275666475296 ], [ 276098.290999295422807, 6141862.287667215801775 ], [ 276098.45417318091495, 6141862.264496494084597 ], [ 276098.454173182253726, 6141862.264496494084597 ], [ 276098.602268387447111, 6141862.254661518149078 ], [ 276099.161543280992191, 6141862.164049811661243 ], [ 276099.301160199684091, 6141862.144224183633924 ], [ 276099.807260403700639, 6141862.080043083056808 ], [ 276099.898406760476064, 6141862.059415063820779 ], [ 276100.002943215484265, 6141862.044570867903531 ], [ 276100.245152171584778, 6141861.988487396389246 ], [ 276100.463465399458073, 6141861.953117072582245 ], [ 276100.986034337722231, 6141861.816936169750988 ], [ 276101.687491607735865, 6141861.654513776302338 ], [ 276586.511172001424711, 6141727.067679969593883 ], [ 276824.980453908327036, 6141919.125889578834176 ], [ 276826.538720384065527, 6141920.26154122594744 ], [ 276828.199105079926085, 6141921.241858386434615 ], [ 276829.946175139280967, 6141922.057729258202016 ], [ 276831.763691986736376, 6141922.701570529490709 ], [ 276833.63476226181956, 6141923.167397856712341 ], [ 276835.541994838335086, 6141923.450881492346525 ], [ 276837.467662470822688, 6141923.549386527389288 ], [ 276839.39386656449642, 6141923.461997384205461 ], [ 276841.302703538211063, 6141923.189526320435107 ], [ 276843.176431234111078, 6141922.734505887143314 ], [ 276844.997633825871162, 6141922.101165384054184 ], [ 276846.749383695016149, 6141921.295391552150249 ], [ 276848.415398768323939, 6141920.324673854745924 ], [ 277098.24703314906219, 6141758.14057083055377 ], [ 277324.923418953199871, 6141764.16920296382159 ], [ 277325.270296419679653, 6141764.160377868451178 ], [ 277325.676989259605762, 6141764.175042166374624 ], [ 277326.438343384186737, 6141764.130660960450768 ], [ 277327.002829317178112, 6141764.116299571469426 ], [ 277327.260658060666174, 6141764.082726213149726 ], [ 277327.558464972185902, 6141764.06536631565541 ], [ 277328.470994068717118, 6141763.925121427513659 ], [ 277329.065498601528816, 6141763.847707586362958 ], [ 277329.231246963085141, 6141763.808279584161937 ], [ 277329.421263321593869, 6141763.779076325707138 ], [ 277330.562449852703139, 6141763.491614790633321 ], [ 277331.089115189854056, 6141763.366332332603633 ], [ 277331.163593228848185, 6141763.340188539586961 ], [ 277331.248842753237113, 6141763.318714435212314 ], [ 277333.024974454659969, 6141762.688368634320796 ], [ 277333.038786477700341, 6141762.68194533046335 ], [ 277333.051789893535897, 6141762.677380782552063 ], [ 277333.243491590430494, 6141762.586746890097857 ], [ 277334.733886466827244, 6141761.893636362627149 ], [ 277334.836305554956198, 6141761.83368662931025 ], [ 277334.932292724086437, 6141761.788305232301354 ], [ 277335.426612874376588, 6141761.488157615996897 ], [ 277336.360403737984598, 6141760.941574801690876 ], [ 277336.541770682146307, 6141760.811041868291795 ], [ 277336.710282535175793, 6141760.708722691051662 ], [ 277739.331097534974106, 6141486.608265275135636 ], [ 277818.528440538502764, 6141504.417221617884934 ], [ 277819.199043569969945, 6141504.541641440242529 ], [ 277819.531876773457043, 6141504.616048755124211 ], [ 277819.7271100115031, 6141504.639615844935179 ], [ 277820.012382343236823, 6141504.692543629556894 ], [ 277821.512860756134614, 6141504.855178259313107 ], [ 278007.118778011295944, 6141517.911085231229663 ], [ 278007.287458067992702, 6141517.911194038577378 ], [ 278007.561687821580563, 6141517.937306852079928 ], [ 278007.571896775683854, 6141517.937318564392626 ], [ 278007.581715929962229, 6141517.938259715214372 ], [ 278007.935889277956448, 6141517.937736147083342 ], [ 278009.436777533905115, 6141517.939458009786904 ], [ 278009.479877476231195, 6141517.93545369617641 ], [ 278009.5216497592628, 6141517.9353919448331 ], [ 278009.7504110232112, 6141517.912782766856253 ], [ 278009.899786452413537, 6141517.912879121489823 ], [ 278486.149299418379087, 6141485.029890093952417 ], [ 278954.654483684804291, 6141946.40351668279618 ], [ 278955.046554528118577, 6141946.752843640744686 ], [ 278955.467683171096724, 6141947.161002175882459 ], [ 278955.828522195748519, 6141947.449560550041497 ], [ 278956.14474793797126, 6141947.731311101466417 ], [ 278956.53656488575507, 6141948.015773274004459 ], [ 278956.954265465436038, 6141948.349803109653294 ], [ 278957.38301476475317, 6141948.630302515812218 ], [ 278957.759938115137629, 6141948.903951819986105 ], [ 278958.141965202637948, 6141949.126828451640904 ], [ 278958.547128878359217, 6141949.3918975032866 ], [ 278959.045890747162048, 6141949.654183412902057 ], [ 278959.483967222680803, 6141949.909759555011988 ], [ 278959.847524124954361, 6141950.075741581618786 ], [ 278960.231845354370307, 6141950.277846132405102 ], [ 278960.801689757499844, 6141950.511366223916411 ], [ 278961.299664251622744, 6141950.738716647960246 ], [ 278961.637064660724718, 6141950.853699715808034 ], [ 278961.993154838739429, 6141950.999624130316079 ], [ 278962.634228495124262, 6141951.193524308502674 ], [ 278963.188945197325666, 6141951.382566841319203 ], [ 278963.493615490209777, 6141951.453455892391503 ], [ 278963.815103502012789, 6141951.550693677738309 ], [ 278964.52687034214614, 6141951.6938680941239 ], [ 278965.132993173203431, 6141951.834897506050766 ], [ 278965.39957042853348, 6141951.869414801709354 ], [ 278965.681188249087427, 6141951.926063221879303 ], [ 278966.462924124440178, 6141952.007101318798959 ], [ 278967.112445823149756, 6141952.091203514486551 ], [ 278967.336854366527405, 6141952.097696679644287 ], [ 278967.57450620282907, 6141952.122332689352334 ], [ 278968.426361362449825, 6141952.12922109849751 ], [ 278969.107588167185895, 6141952.148932104930282 ], [ 278969.287093795370311, 6141952.136181293055415 ], [ 278969.477907809603494, 6141952.137724284082651 ], [ 278970.403476527775638, 6141952.056881347671151 ], [ 278971.098548958834726, 6141952.007508311420679 ], [ 278971.231790447607636, 6141951.984533041715622 ], [ 278971.374152178585064, 6141951.972098588943481 ], [ 278972.388119594776072, 6141951.785143388435245 ], [ 278973.065498599084094, 6141951.668340689502656 ], [ 278973.152496119437274, 6141951.644207728095353 ], [ 278973.246063248836435, 6141951.626955831423402 ], [ 278974.407161136798095, 6141951.296165832318366 ], [ 278974.988846635562368, 6141951.134807284921408 ], [ 278975.030987150850706, 6141951.118441447615623 ], [ 278975.076685368840117, 6141951.10542229283601 ], [ 278976.849436879740097, 6141950.412221991457045 ], [ 279255.675360234279651, 6141825.777483761310577 ], [ 279266.526360759395175, 6141844.223141480237246 ], [ 279267.576168252970092, 6141845.826604374684393 ], [ 279268.774635456851684, 6141847.322219762951136 ], [ 279270.110756879497785, 6141848.696253449656069 ], [ 279271.57226295460714, 6141849.936087721027434 ], [ 279273.145732711825985, 6141851.030337213538587 ], [ 279274.816717021691147, 6141851.968953463248909 ], [ 279276.569871280982625, 6141852.743317183107138 ], [ 279278.389096322236583, 6141853.346317413263023 ], [ 279858.413861277746037, 6142015.204566346481442 ], [ 279860.336817448842339, 6142015.640271809883416 ], [ 279862.293330816144589, 6142015.88451580889523 ], [ 279864.264386027818546, 6142015.934924533590674 ], [ 279866.230826399871148, 6142015.791008063592017 ], [ 279868.173540099756792, 6142015.45416512247175 ], [ 279870.073645894648507, 6142014.927669486030936 ], [ 279871.912676657782868, 6142014.216638164594769 ], [ 279974.592827437212691, 6141968.578674616292119 ], [ 279976.429740539693739, 6141967.646121434867382 ], [ 280065.0963811223628, 6141916.726684533059597 ], [ 280332.9407319315942, 6142337.921602805145085 ], [ 280334.065187855740078, 6142339.51296001765877 ], [ 280335.339164397970308, 6142340.987342150881886 ], [ 280336.750568912597373, 6142342.330754298716784 ], [ 280338.286004281369969, 6142343.530444731004536 ], [ 280412.582690128765535, 6142395.95962433796376 ], [ 280598.777833421481773, 6142641.476638037711382 ], [ 280541.682375407661311, 6142785.969925075769424 ], [ 280540.974118755024392, 6142788.107211297377944 ], [ 280540.51058256678516, 6142790.310561945661902 ], [ 280540.297641723765992, 6142792.552051645703614 ], [ 280531.7989243658958, 6143013.786300311796367 ], [ 280531.820830684388056, 6143015.764217260293663 ], [ 280532.038010302581824, 6143017.730296697467566 ], [ 280532.448338858957868, 6143019.665307244285941 ], [ 280533.047802688495722, 6143021.550321423448622 ], [ 280533.830538082693238, 6143023.366900803521276 ], [ 280534.788888646231499, 6143025.097276351414621 ], [ 280535.913480188348331, 6143026.724522246979177 ], [ 280537.193312417482957, 6143028.232721439562738 ], [ 280538.615866541920695, 6143029.607121346518397 ], [ 280984.039621161704417, 6143419.260168093256652 ], [ 280961.971564280160237, 6143525.203475314192474 ], [ 280961.681959126377478, 6143526.999563694931567 ], [ 280961.556763067492284, 6143528.814537678845227 ], [ 280961.597012039739639, 6143530.633379244245589 ], [ 280961.802373002516106, 6143532.441038362681866 ], [ 280962.171146694221534, 6143534.222557540982962 ], [ 280967.844869878783356, 6143556.47843418084085 ], [ 280968.559466853796039, 6143558.72092745359987 ], [ 280969.532554955745582, 6143560.863945060409606 ], [ 280983.909174911212176, 6143588.137650445103645 ], [ 280964.949824279872701, 6143594.924166794866323 ], [ 280964.940032850718126, 6143594.928199081681669 ], [ 280964.93070619169157, 6143594.931021084077656 ], [ 280964.913731149339583, 6143594.938112039119005 ], [ 280964.896289581723977, 6143594.943415527231991 ], [ 280964.570888647227548, 6143595.080219302326441 ], [ 280964.448891493899282, 6143595.130459924228489 ], [ 280963.961307046818547, 6143595.307863729074597 ], [ 280963.599012140592095, 6143595.480455524288118 ], [ 280963.215345243224874, 6143595.638456451706588 ], [ 280963.131362625805195, 6143595.682657732628286 ], [ 280963.051386810955591, 6143595.716065890155733 ], [ 280963.027137588942423, 6143595.729237023741007 ], [ 280963.001931275532115, 6143595.739834162406623 ], [ 280962.64857460767962, 6143595.933229541406035 ], [ 280962.235377587901894, 6143596.130070330575109 ], [ 280961.906213181093335, 6143596.327471817843616 ], [ 280961.555414475791622, 6143596.512102311477065 ], [ 280961.404744955827482, 6143596.610450862906873 ], [ 280961.261653262423351, 6143596.688172111287713 ], [ 280961.231274074176326, 6143596.708931254222989 ], [ 280961.199295032245573, 6143596.726433680392802 ], [ 280960.920755783212371, 6143596.918455388396978 ], [ 280960.595836748892907, 6143597.113310906104743 ], [ 280960.301119546114933, 6143597.330835188739002 ], [ 280959.984633671643678, 6143597.537419290281832 ], [ 280959.776563209132291, 6143597.70298517215997 ], [ 280959.580065694462974, 6143597.837258676066995 ], [ 280959.544926977774594, 6143597.86693571601063 ], [ 280959.50741162529448, 6143597.8927983622998 ], [ 280959.300235603703186, 6143598.069565604440868 ], [ 280959.057665244676173, 6143598.248601449653506 ], [ 280958.79812376271002, 6143598.481549262069166 ], [ 280958.516820311080664, 6143598.705388117581606 ], [ 280958.262255402107257, 6143598.950239238329232 ], [ 280958.024062744807452, 6143599.15140916313976 ], [ 280957.985735991038382, 6143599.191126249730587 ], [ 280957.944142589403782, 6143599.226614675484598 ], [ 280957.802467213594355, 6143599.375186814926565 ], [ 280957.634917564399075, 6143599.525568650104105 ], [ 280957.410703427914996, 6143599.769297355785966 ], [ 280957.164886114362162, 6143600.005734674632549 ], [ 280956.876163852051832, 6143600.340948971919715 ], [ 280956.609780695755035, 6143600.616995382122695 ], [ 280956.570009672024753, 6143600.6676404485479 ], [ 280956.525991653033998, 6143600.713801266625524 ], [ 280956.44184795714682, 6143600.822477557696402 ], [ 280956.340593553497456, 6143600.932544679380953 ], [ 280956.151300482917577, 6143601.182534801773727 ], [ 280955.940723462612368, 6143601.427020375616848 ], [ 280955.63139061111724, 6143601.862893174402416 ], [ 280955.351886135351378, 6143602.218818704597652 ], [ 280955.312554864678532, 6143602.281022767536342 ], [ 280955.267930505098775, 6143602.338657624088228 ], [ 280955.231525850249454, 6143602.397236283868551 ], [ 280955.186519632290583, 6143602.456673800013959 ], [ 280955.03120971203316, 6143602.708592320792377 ], [ 280954.855100786080584, 6143602.956742784008384 ], [ 280954.539653594954871, 6143603.503398705273867 ], [ 280954.26342386007309, 6143603.94026767462492 ], [ 280954.227970869338606, 6143604.011475875973701 ], [ 280954.183240736369044, 6143604.084029830992222 ], [ 280676.818540147331078, 6144106.22400158084929 ], [ 280675.966234223160427, 6144107.960484445095062 ], [ 280675.940503557794727, 6144108.028942893259227 ], [ 280675.910837199655361, 6144108.08992672432214 ], [ 280675.706394691544119, 6144108.651807842776179 ], [ 280675.285668504657224, 6144109.771182770840824 ], [ 280675.247568082413636, 6144109.912827435880899 ], [ 280675.201348061382305, 6144110.039856581017375 ], [ 280675.040850192017388, 6144110.681335618719459 ], [ 280674.783209340530448, 6144111.639158389531076 ], [ 280674.74673023779178, 6144111.856876364909112 ], [ 280674.697709675820079, 6144112.052802098914981 ], [ 280674.606376569077838, 6144112.694548188708723 ], [ 280674.46355698275147, 6144113.546937332488596 ], [ 280674.443107667320874, 6144113.841746429912746 ], [ 280674.405343208229169, 6144114.107095927000046 ], [ 280674.38243932678597, 6144114.716376133263111 ], [ 280674.329701617709361, 6144115.476673290133476 ], [ 280674.339909487811383, 6144115.847738478332758 ], [ 280674.327395692060236, 6144116.180625638924539 ], [ 280674.364428554661572, 6144116.739028436131775 ], [ 280674.382895394868683, 6144117.410314557142556 ], [ 280674.438440336030908, 6144117.855020635761321 ], [ 280674.464706154773012, 6144118.251071754842997 ], [ 280674.549866238201503, 6144118.747123047709465 ], [ 280674.622640713234432, 6144119.329772894270718 ], [ 280674.738152109435759, 6144119.843874556012452 ], [ 280674.815796585986391, 6144120.296147986315191 ], [ 280725.407770254649222, 6144344.518672108650208 ], [ 280725.811367388640065, 6144346.029600505717099 ], [ 280792.562957860180177, 6144561.718593158759177 ], [ 280768.147441187815275, 6144759.920280961319804 ], [ 280768.130323167308234, 6144760.063496571965516 ], [ 280766.734966694610193, 6144772.105887961573899 ], [ 280766.607850926753599, 6144773.925986328162253 ], [ 280766.608318809478078, 6144773.947713199071586 ], [ 280766.606863022374455, 6144773.968884538859129 ], [ 280766.60805148712825, 6144774.016894204542041 ], [ 280766.605028326564934, 6144774.062414980493486 ], [ 280766.622901319060475, 6144774.624874955974519 ], [ 280766.647132657875773, 6144775.750095268711448 ], [ 280766.65202570555266, 6144775.793293202295899 ], [ 280766.653075679962058, 6144775.835708362050354 ], [ 280766.664411929785274, 6144775.931206677109003 ], [ 280766.667305372306146, 6144776.022262811660767 ], [ 280766.747684019792359, 6144776.637806027196348 ], [ 280766.852484973846003, 6144777.563034017570317 ], [ 280766.865702398528811, 6144777.626908592879772 ], [ 280766.873201789392624, 6144777.690084616653621 ], [ 280766.903535056684632, 6144777.831320119090378 ], [ 280766.921199212083593, 6144777.966592997312546 ], [ 280767.058286220533773, 6144778.557589882053435 ], [ 280767.222198873001616, 6144779.349714770913124 ], [ 280767.247516916017048, 6144779.432942856103182 ], [ 280767.265322309394833, 6144779.515847004018724 ], [ 280767.323246052255854, 6144779.69986030459404 ], [ 280767.364269366313238, 6144779.876716237515211 ], [ 280767.546361523563974, 6144780.415335709229112 ], [ 280767.753197488549631, 6144781.095268251374364 ], [ 280767.794205993006472, 6144781.196015227586031 ], [ 280767.826018765859772, 6144781.297078678384423 ], [ 280767.91973032662645, 6144781.51974190864712 ], [ 280767.992256953846663, 6144781.734272035770118 ], [ 280882.841204209136777, 6145073.462927701883018 ], [ 280882.896016070561018, 6145073.585704081691802 ], [ 280882.934024429356214, 6145073.694454702548683 ], [ 281018.408360508037731, 6145405.608356163837016 ], [ 280834.292963380576111, 6145386.583042436279356 ], [ 280832.155327735526953, 6145386.477279341779649 ], [ 280830.018630087492056, 6145386.600547925569117 ], [ 280819.288722403114662, 6145387.798211972229183 ], [ 280817.222927828377578, 6145388.139067195355892 ], [ 280815.204086966696195, 6145388.694018619135022 ], [ 280813.2543247466092, 6145389.456984407268465 ], [ 280811.395009048748761, 6145390.419603046029806 ], [ 280809.646516529959626, 6145391.57132498268038 ], [ 280702.962803350936156, 6145470.147995171137154 ], [ 280622.996833832876291, 6145470.604927937500179 ], [ 280620.793165733281057, 6145470.739377630874515 ], [ 280618.617743162147235, 6145471.115896488539875 ], [ 280471.243775847309735, 6145505.094852768816054 ], [ 280469.378118731023278, 6145505.621417374350131 ], [ 280467.572203833726235, 6145506.326128765009344 ], [ 280465.84299748565536, 6145507.202366270124912 ], [ 280464.20674535020953, 6145508.241897755302489 ], [ 280462.678819798515178, 6145509.4349569613114 ], [ 280461.273575487663038, 6145510.770335254259408 ], [ 280460.004214500950184, 6145512.235486934892833 ], [ 280458.882662315969355, 6145513.816647095605731 ], [ 280457.91945576609578, 6145515.498960949480534 ], [ 280457.123644048697315, 6145517.266623380593956 ], [ 280456.502703709062189, 6145519.103027435950935 ], [ 280226.074298954510596, 6146327.813449771143496 ], [ 280225.945507446071133, 6146328.357675714418292 ], [ 280225.92699323623674, 6146328.431912056170404 ], [ 280225.814795851707458, 6146328.823401212692261 ], [ 280225.796417469857261, 6146328.92934930883348 ], [ 280225.764794792223256, 6146329.047317932359874 ], [ 280225.74694140808424, 6146329.153865037485957 ], [ 280225.716599825653248, 6146329.275525540113449 ], [ 280225.691424831748009, 6146329.431336177513003 ], [ 280225.658062132133637, 6146329.572314778342843 ], [ 280225.576900667743757, 6146330.140138056129217 ], [ 280225.448008643696085, 6146330.937864104285836 ], [ 280178.63667993893614, 6146725.531052242964506 ], [ 280178.500102987571154, 6146727.559155461378396 ], [ 280177.855711271520704, 6146766.844523834064603 ], [ 280091.998397427261807, 6147112.588783896528184 ], [ 280091.987033861223608, 6147112.652459893375635 ], [ 280091.964177363668568, 6147112.728740182705224 ], [ 280091.913369316491298, 6147113.005949205718935 ], [ 280091.826507379941177, 6147113.343060055747628 ], [ 280091.665640280290972, 6147114.357560377568007 ], [ 280091.568289208516944, 6147114.888708434067667 ], [ 280047.448016562557314, 6147462.230686280876398 ], [ 280047.373278958257288, 6147462.912367957644165 ], [ 280017.351463002734818, 6147788.116359299980104 ], [ 280017.332520239637233, 6147788.542830145917833 ], [ 280017.291497603582684, 6147788.96084722969681 ], [ 280017.290730907174293, 6147789.433788065798581 ], [ 280017.267092490335926, 6147789.843050221912563 ], [ 280017.2680366266286, 6147789.863334536552429 ], [ 280017.266908229445107, 6147789.883217792026699 ], [ 280017.270112276950385, 6147789.947861529886723 ], [ 280017.266887385572772, 6147790.020465624518692 ], [ 280017.289074451022316, 6147790.455582057125866 ], [ 280017.288379703182727, 6147790.884141040965915 ], [ 280017.337132922781166, 6147791.398069510236382 ], [ 280017.363949488208164, 6147791.923976296558976 ], [ 280037.379018690844532, 6147994.228122355416417 ], [ 280037.688687032205053, 6147996.272502729669213 ], [ 280038.207776180235669, 6147998.273985194042325 ], [ 280038.930737869348377, 6148000.211176974698901 ], [ 280039.849844749551266, 6148002.06337246671319 ], [ 280040.955272980034351, 6148003.810774545185268 ], [ 280056.756324022542685, 6148026.143068396486342 ], [ 280057.904444735206198, 6148027.61493191216141 ], [ 280058.282989016384818, 6148028.016556140035391 ], [ 280058.472660905856173, 6148028.249317067675292 ], [ 280127.870405836321879, 6148102.485500729642808 ], [ 280142.980260956392158, 6148252.32310026884079 ], [ 280088.41344538476551, 6148492.380132980644703 ], [ 279956.749551182845607, 6148623.994885452091694 ], [ 279955.475440647394862, 6148625.395220825448632 ], [ 279954.339447461534292, 6148626.909755835309625 ], [ 279953.351750966918189, 6148628.524919123388827 ], [ 279952.521201657189522, 6148630.226237629540265 ], [ 279929.258766680315603, 6148684.220673711039126 ], [ 279928.663601581472903, 6148685.777663683518767 ], [ 279928.200155414117035, 6148687.378806062042713 ], [ 279927.871647320745979, 6148689.012979156337678 ], [ 279744.352104102727026, 6149850.591216644272208 ], [ 279643.188377445854712, 6149909.258147094398737 ], [ 279641.508763948455453, 6149910.348048050887883 ], [ 279639.946543045865837, 6149911.600426367484033 ], [ 279638.517372040892951, 6149913.002730127424002 ], [ 279637.235574748425279, 6149914.540904791094363 ], [ 279636.113997935666703, 6149916.199534058570862 ], [ 279635.163882565801032, 6149917.961994378827512 ], [ 279634.394751135900151, 6149919.810621555894613 ], [ 279633.814312238187995, 6149921.726887790486217 ], [ 279366.125921483209822, 6150996.772492432035506 ], [ 279365.84285165037727, 6150998.099914136342704 ], [ 279355.689566504734103, 6151055.138336533680558 ], [ 279355.438650368712842, 6151057.113310335204005 ], [ 279355.385327457392123, 6151059.103445278480649 ], [ 279355.530126131663565, 6151061.089021711610258 ], [ 279355.871611624781508, 6151063.050365149974823 ], [ 279356.406400259118527, 6151064.96804122813046 ], [ 279357.129192973836325, 6151066.823048267513514 ], [ 279358.032827832270414, 6151068.597005558200181 ], [ 279374.855869652878027, 6151097.916293242946267 ], [ 279391.443337374017574, 6151613.954743593931198 ], [ 279339.588194737851154, 6151913.701595521531999 ], [ 279339.573921371193137, 6151913.823558195494115 ], [ 279339.546500760829076, 6151913.952061383984983 ], [ 279339.537958749977406, 6151914.031604175455868 ], [ 279339.521350651164539, 6151914.113526763394475 ], [ 279339.514544357429259, 6151914.180786469951272 ], [ 279339.501185133878607, 6151914.249724593944848 ], [ 279339.411339287704322, 6151915.185804860666394 ], [ 279339.340324784745462, 6151915.77218051161617 ], [ 279283.502987021347508, 6152748.101263006217778 ], [ 279283.466096667107195, 6152750.004291891120374 ], [ 279283.610278180683963, 6152751.90220957249403 ], [ 279283.934225681354292, 6152753.777826230973005 ], [ 279284.435005112027284, 6152755.614154033362865 ], [ 279285.108080813370179, 6152757.394560990855098 ], [ 279285.94735660450533, 6152759.102921602316201 ], [ 279286.945230996992905, 6152760.72376290615648 ], [ 279288.092666043376084, 6152762.242404618300498 ], [ 279289.379269195371307, 6152763.645092097111046 ], [ 279290.793387431476731, 6152764.919120922684669 ], [ 279292.322212800616398, 6152766.052951961755753 ], [ 279293.951898426341359, 6152767.036315879784524 ], [ 279369.50042101246072, 6152807.850579154677689 ], [ 279371.251003233599477, 6152808.689247173257172 ], [ 279373.074641807877924, 6152809.354261841624975 ], [ 279374.954158505832311, 6152809.839358884841204 ], [ 279594.546902689093258, 6152855.276847972534597 ], [ 279419.675825244339649, 6153122.094698887318373 ], [ 279419.515857011487242, 6153122.367910009808838 ], [ 279419.309317136532627, 6153122.675423070788383 ], [ 279418.937615002738312, 6153123.355494515039027 ], [ 279418.656406100664753, 6153123.835773619823158 ], [ 279418.560777507605962, 6153124.044961688108742 ], [ 279418.434434318740387, 6153124.276120960712433 ], [ 279418.057175824476872, 6153125.146593113429844 ], [ 279417.817586715740617, 6153125.670695593580604 ], [ 279417.77219800412422, 6153125.804140286520123 ], [ 279417.709037247812375, 6153125.949875055812299 ], [ 279417.312476849008817, 6153127.155739535577595 ], [ 279417.167903244146146, 6153127.580791926011443 ], [ 279417.15660844912054, 6153127.629705589264631 ], [ 279417.139160599268507, 6153127.682761169970036 ], [ 279416.72954525356181, 6153129.460363192483783 ], [ 279254.317649604519829, 6154017.657491959631443 ], [ 279254.042454283684492, 6154019.827458880841732 ], [ 279254.005873279937077, 6154022.014500428922474 ], [ 279254.741762565739919, 6154041.377680475823581 ], [ 279254.91452502773609, 6154043.348077381029725 ], [ 279255.281072164827492, 6154045.291773352771997 ], [ 279255.837818861065898, 6154047.189757533371449 ], [ 279256.579319701180793, 6154049.023466163314879 ], [ 279257.498322230763733, 6154050.774964146316051 ], [ 279258.585837890859693, 6154052.4271204713732 ], [ 279259.831229933537543, 6154053.963775766082108 ], [ 279352.06217231194023, 6154156.909903143532574 ], [ 279353.369721476745326, 6154158.239112560637295 ], [ 279354.795371581043582, 6154159.440779849886894 ], [ 279356.326732005632948, 6154160.504461072385311 ], [ 279357.950493381242268, 6154161.420911556109786 ], [ 279359.652543262811378, 6154162.182166240178049 ], [ 279361.418088783859275, 6154162.781608902849257 ], [ 279363.231785224110354, 6154163.214029665105045 ], [ 279365.077869373781141, 6154163.475670269690454 ], [ 280443.429938170535024, 6154265.313863819465041 ], [ 280951.071970884047914, 6154426.508612943813205 ], [ 280952.934257800981868, 6154427.002587183378637 ], [ 280954.835434875043575, 6154427.315075333230197 ], [ 280956.757858597673476, 6154427.443177407607436 ], [ 280958.68368828506209, 6154427.385704579763114 ], [ 280960.595051645010244, 6154427.143190215341747 ], [ 280962.47421063715592, 6154426.717884921468794 ], [ 280964.30372608784819, 6154426.113735662773252 ], [ 280966.066619530494791, 6154425.336349130608141 ], [ 280967.746530771430116, 6154424.392939710989594 ], [ 280969.327869717264548, 6154423.292262532748282 ], [ 280970.795961055904627, 6154422.044532220810652 ], [ 280972.137180447927676, 6154420.661328095011413 ], [ 280973.339080964506138, 6154419.155486715957522 ], [ 280974.39050859893905, 6154417.540982754901052 ], [ 280975.281705779198091, 6154415.83279930613935 ], [ 280976.004401921178214, 6154414.046788835898042 ], [ 280976.55189018213423, 6154412.199526073411107 ], [ 281159.89752378675621, 6153662.804647489450872 ], [ 281916.332087148912251, 6153781.204219741746783 ], [ 281916.568400080956053, 6153781.239763140678406 ], [ 281937.734522934886627, 6153784.294122152030468 ], [ 281939.666490418778267, 6153784.477782029658556 ], [ 281941.607162854983471, 6153784.473331747576594 ], [ 281943.538267699826974, 6153784.280813208781183 ], [ 281945.441622494137846, 6153783.902039085514843 ], [ 281947.299306061468087, 6153783.340575753711164 ], [ 281949.093827246048022, 6153782.601709712296724 ], [ 281950.808289602107834, 6153781.692397807724774 ], [ 281952.426550483796746, 6153780.621201734058559 ], [ 281953.93337303714361, 6153779.398207415826619 ], [ 281955.314569663954899, 6153778.034930045716465 ], [ 281956.557135606301017, 6153776.544205661863089 ], [ 281957.649371393432375, 6153774.940070289187133 ], [ 281958.580992999253795, 6153773.237627780996263 ], [ 281970.22652764065424, 6153749.262837057001889 ], [ 281970.924918999779038, 6153747.647919977083802 ], [ 281971.478676057420671, 6153745.977871838957071 ], [ 281971.883513138687704, 6153744.265617593191564 ], [ 282026.828025387250818, 6153455.727344219572842 ], [ 282048.338112213241402, 6153461.892281774431467 ], [ 282050.304533141257707, 6153462.349863791838288 ], [ 282052.307067754270975, 6153462.606861246749759 ], [ 282054.325309260631911, 6153462.660655212588608 ], [ 282056.338690807577223, 6153462.51069750264287 ], [ 282058.326695067982655, 6153462.158516258001328 ], [ 282060.269063321291469, 6153461.607700374908745 ], [ 282062.146001899964176, 6153460.863862932659686 ], [ 282063.938383896253072, 6153459.934583992697299 ], [ 282065.627944074745756, 6153458.829333354718983 ], [ 282067.197465003817342, 6153457.559374055825174 ], [ 282068.630952509585768, 6153456.137647591531277 ], [ 282361.754313919111155, 6153134.482690079137683 ], [ 282711.628531923168339, 6153050.962323231622577 ], [ 282846.074471193249337, 6153022.216888136230409 ], [ 282848.04179328889586, 6153021.690224741585553 ], [ 282849.945354965282604, 6153020.966219559311867 ], [ 282851.765417570131831, 6153020.052380036562681 ], [ 282853.483108280284796, 6153018.958182073198259 ], [ 282861.459318619978148, 6153013.286369128152728 ], [ 282862.976989500166383, 6153012.092808402143419 ], [ 282864.372497343516443, 6153010.758465880528092 ], [ 282865.632836323638912, 6153009.295777342282236 ], [ 282866.746260358195286, 6153007.718374721705914 ], [ 282867.70239257987123, 6153006.040959066711366 ], [ 282994.438982786959969, 6152756.408369547687471 ], [ 283151.081523442699108, 6152688.995554287917912 ], [ 283152.776205537957139, 6152688.169491935521364 ], [ 283154.385576412722003, 6152687.187528697773814 ], [ 283155.895335493376479, 6152686.058390118181705 ], [ 283157.292067338596098, 6152684.792109514586627 ], [ 283158.56336084601935, 6152683.399938823655248 ], [ 283159.697919535450637, 6152681.894248618744314 ], [ 283160.685661927156616, 6152680.288418184965849 ], [ 283161.517811123922002, 6152678.596716636791825 ], [ 283162.186972801107913, 6152676.834176123142242 ], [ 283197.402955387427937, 6152569.015279228799045 ], [ 283557.368812743574381, 6152425.805111739784479 ], [ 283852.272834515606519, 6152411.145838774740696 ], [ 283854.321044694224838, 6152410.937934508547187 ], [ 283854.373475298576523, 6152410.927080065011978 ], [ 283854.424036496086046, 6152410.921814670786262 ], [ 283855.061001216236036, 6152410.784745045937598 ], [ 283856.337030859780498, 6152410.520575070753694 ], [ 283856.43923304247437, 6152410.488160770386457 ], [ 283856.53846878639888, 6152410.466806045733392 ], [ 283857.241070848598611, 6152410.233851021155715 ], [ 283858.299431677674875, 6152409.898182790726423 ], [ 283858.447133771784138, 6152409.833968308754265 ], [ 283858.591403858037665, 6152409.78613406047225 ], [ 283879.894706854014657, 6152401.419002570211887 ], [ 283881.612228498444892, 6152400.649280468933284 ], [ 283883.249790054454934, 6152399.721517102792859 ], [ 283884.792889470641967, 6152398.64392863586545 ], [ 283886.227861241030041, 6152397.426058064214885 ], [ 283887.541997425199952, 6152396.078690703958273 ], [ 283888.72366018849425, 6152394.613758683204651 ], [ 283889.762384865141939, 6152393.044235265813768 ], [ 283890.648972632247023, 6152391.384019965305924 ], [ 283891.375571973330807, 6152389.647815451957285 ], [ 283891.935748210526071, 6152387.850997349247336 ], [ 283980.744948573003057, 6152047.357262685894966 ], [ 284036.865560197154991, 6151971.407021518796682 ], [ 284037.648850700294133, 6151970.215064319781959 ], [ 284038.043126933916938, 6151969.620822100900114 ], [ 284038.056386065960396, 6151969.594905246049166 ], [ 284038.072813378006686, 6151969.569907301105559 ], [ 284039.071154374687467, 6151967.611396605148911 ], [ 284087.470490629668348, 6151858.183783731423318 ], [ 284087.565770426183008, 6151857.964838747866452 ], [ 284114.146603891043924, 6151795.873899653553963 ], [ 284052.890256279846653, 6152150.874972777441144 ], [ 284052.649493603501469, 6152152.855493912473321 ], [ 284052.60724999755621, 6152154.85014829505235 ], [ 284052.76394583133515, 6152156.839086969383061 ], [ 284053.118021812639199, 6152158.802517851814628 ], [ 284053.665954504220281, 6152160.720902692526579 ], [ 284054.402291385980789, 6152162.575151496566832 ], [ 284055.319705113128293, 6152164.346812492236495 ], [ 284056.409066431340761, 6152166.018255745992064 ], [ 284113.545149572019, 6152244.794523329474032 ], [ 284113.897849317581858, 6152245.23688289616257 ], [ 284114.175549785664771, 6152245.617897612042725 ], [ 284114.419198018673342, 6152245.890763679519296 ], [ 284114.681847989792004, 6152246.220181914046407 ], [ 284115.141078836109955, 6152246.699211076833308 ], [ 284115.494674662942998, 6152247.095209444873035 ], [ 284115.712280627165455, 6152247.295038464479148 ], [ 284115.943660836666822, 6152247.536393915303051 ], [ 284116.526749687385745, 6152248.042970876209438 ], [ 284116.953445999068208, 6152248.434808967635036 ], [ 284117.131985193991568, 6152248.568788449279964 ], [ 284117.320100600540172, 6152248.732219683937728 ], [ 284118.054791253525764, 6152249.261281081475317 ], [ 284118.537558569107205, 6152249.623559596948326 ], [ 284118.665590525197331, 6152249.701126498170197 ], [ 284118.799727051577065, 6152249.797720156610012 ], [ 284119.756467564206105, 6152250.362023620866239 ], [ 284120.231478008150589, 6152250.64980402495712 ], [ 284120.299345344305038, 6152250.682223097421229 ], [ 284120.370242327335291, 6152250.72403946518898 ], [ 284122.018593146232888, 6152251.503478539176285 ], [ 284537.61583805346163, 6152425.308424179442227 ], [ 284538.193575917801354, 6152425.518956073559821 ], [ 284538.6481691992376, 6152425.706967584788799 ], [ 284538.983414502523374, 6152425.806779017671943 ], [ 284539.368408881593496, 6152425.947073779068887 ], [ 284539.390897741832305, 6152425.952963744290173 ], [ 284539.412212341791019, 6152425.960703260265291 ], [ 284539.999444203916937, 6152426.112345651723444 ], [ 284540.08508191164583, 6152426.134774672798812 ], [ 284540.617628844862338, 6152426.293328042142093 ], [ 284540.878480429644696, 6152426.342570423148572 ], [ 284541.172856533783488, 6152426.419669261202216 ], [ 284541.218748084094841, 6152426.427209623157978 ], [ 284541.262643633759581, 6152426.438544883392751 ], [ 284541.963369608507492, 6152426.549557104706764 ], [ 284542.052722462278325, 6152426.564238518476486 ], [ 284542.636859098100103, 6152426.6745091881603 ], [ 284542.814795702637639, 6152426.689453462138772 ], [ 284543.01348512218101, 6152426.722099779173732 ], [ 284543.083096158981789, 6152426.726949319243431 ], [ 284543.150235509034246, 6152426.737585842609406 ], [ 284921.281495368632022, 6152468.241230108775198 ], [ 284929.978191809786949, 6152478.627665877342224 ], [ 284947.041046884667594, 6152648.812301560305059 ], [ 284854.386844300257508, 6153104.768779336474836 ], [ 284854.378908731974661, 6153104.819859634153545 ], [ 284854.367384153418243, 6153104.865772386081517 ], [ 284854.297547239635605, 6153105.343573767691851 ], [ 284854.102296073164325, 6153106.600382025353611 ], [ 284854.093907226982992, 6153106.736812301911414 ], [ 284854.075957996421494, 6153106.85961508192122 ], [ 284854.049004922795575, 6153107.467071700841188 ], [ 284853.988538077799603, 6153108.450461812317371 ], [ 284853.995502478384878, 6153108.672886461019516 ], [ 284853.986638342088554, 6153108.872662499547005 ], [ 284854.02054256858537, 6153109.472601126879454 ], [ 284854.04654742020648, 6153110.303127734921873 ], [ 284854.084837059839629, 6153110.610298480838537 ], [ 284854.100331860478036, 6153110.884480504319072 ], [ 284854.187705636490136, 6153111.435540446080267 ], [ 284854.275825838383753, 6153112.142466613091528 ], [ 284854.361455999838654, 6153112.531371135264635 ], [ 284854.415884466201533, 6153112.874647445976734 ], [ 284854.543527929694392, 6153113.358283003792167 ], [ 284854.674403982004151, 6153113.952679740265012 ], [ 284854.823420414002612, 6153114.418783510103822 ], [ 284854.930093033821322, 6153114.822961448691785 ], [ 284855.082825369085185, 6153115.230168038979173 ], [ 284855.238858327793423, 6153115.718218579888344 ], [ 284855.467555033159442, 6153116.255913205444813 ], [ 284855.637737911951263, 6153116.709645478986204 ], [ 285034.922908247564919, 6153530.077303441241384 ], [ 285096.910196581040509, 6154207.153475894592702 ], [ 285096.933042994525749, 6154207.316690173000097 ], [ 285096.9424643352977, 6154207.476952528581023 ], [ 285096.961212273512501, 6154207.595858406275511 ], [ 285096.968811718921643, 6154207.708350405097008 ], [ 285097.069571668631397, 6154208.292048037983477 ], [ 285097.175024785916321, 6154209.045402803458273 ], [ 285097.185581117344555, 6154209.089565671049058 ], [ 285097.191679059353191, 6154209.132437225431204 ], [ 285097.193513740843628, 6154209.139893192797899 ], [ 285097.194589637569152, 6154209.147436611354351 ], [ 285097.225662562297657, 6154209.273093173280358 ], [ 285097.246558441082016, 6154209.405622029677033 ], [ 285097.292032643337734, 6154209.580753963440657 ], [ 285097.320729637343902, 6154209.746994295157492 ], [ 285097.466461385891307, 6154210.264640377834439 ], [ 285097.619152867991943, 6154210.90343177318573 ], [ 285097.648627332178876, 6154210.989430650137365 ], [ 285097.6692938808701, 6154211.0734174977988 ], [ 285097.67443346750224, 6154211.087888834998012 ], [ 285097.678091593494173, 6154211.102682020515203 ], [ 285097.711461974133272, 6154211.196075753308833 ], [ 285097.737264944589697, 6154211.295449109748006 ], [ 285097.820578866638243, 6154211.52248246408999 ], [ 285097.88135947403498, 6154211.738378064706922 ], [ 285098.056622648611665, 6154212.179855648428202 ], [ 285098.238528690009844, 6154212.710610513575375 ], [ 285098.294912581390236, 6154212.834948129020631 ], [ 285098.338270246167667, 6154212.957028646022081 ], [ 285098.348108006641269, 6154212.977857927791774 ], [ 285098.355798821954522, 6154212.999382223933935 ], [ 285098.385375605663285, 6154213.061573354527354 ], [ 285098.409907119348645, 6154213.12842258810997 ], [ 285098.541597956442274, 6154213.401479801163077 ], [ 285098.644702608755324, 6154213.661194330081344 ], [ 285098.833387094317004, 6154214.022390767931938 ], [ 285099.027501188626047, 6154214.450450679287314 ], [ 285099.11827358987648, 6154214.608513210900128 ], [ 285099.191925883642398, 6154214.764455652795732 ], [ 285099.207749781489838, 6154214.790780295617878 ], [ 285099.220838086039294, 6154214.8183010853827 ], [ 285099.240793511795346, 6154214.851241941563785 ], [ 285099.258074283017777, 6154214.887073130346835 ], [ 285099.447936032840516, 6154215.198814396746457 ], [ 285099.602591431932524, 6154215.49486936442554 ], [ 285099.788688784348778, 6154215.775911243632436 ], [ 285099.978871933766641, 6154216.107078311964869 ], [ 285100.110866393253673, 6154216.29320543538779 ], [ 285100.221733797166962, 6154216.477644491009414 ], [ 285100.2446997895604, 6154216.508411915972829 ], [ 285100.264436246769037, 6154216.540991315618157 ], [ 285100.269322821986862, 6154216.547480773180723 ], [ 285100.273682895291131, 6154216.554639744572341 ], [ 285100.530626343563199, 6154216.89637600723654 ], [ 285100.74477673630463, 6154217.219783235341311 ], [ 285100.912903575226665, 6154217.424168614670634 ], [ 285101.083960805670358, 6154217.665378665551543 ], [ 285101.263242582557723, 6154217.872948573902249 ], [ 285101.417407440545503, 6154218.079482458531857 ], [ 285101.432914871606044, 6154218.096424935385585 ], [ 285101.447053598472849, 6154218.115229523740709 ], [ 285101.462604918808211, 6154218.132180394604802 ], [ 285101.476009239268024, 6154218.149981568567455 ], [ 285101.784070212102961, 6154218.483212638646364 ], [ 285102.059037381317466, 6154218.817479729652405 ], [ 285682.771108478074893, 6154854.660835362970829 ], [ 285742.508647104841657, 6154969.474544481374323 ], [ 285856.446617730485741, 6155660.022579596377909 ], [ 285650.840186936722603, 6156535.067869622260332 ], [ 284940.338549158594105, 6157314.558415663428605 ], [ 284939.12915816437453, 6157316.018649809993804 ], [ 284938.063478145573754, 6157317.586845089681447 ], [ 284937.151086662488524, 6157319.248907700181007 ], [ 284936.400183629069943, 6157320.989900225773454 ], [ 284935.817517618008424, 6157322.794175885617733 ], [ 284935.408325209515169, 6157324.645519157871604 ], [ 284935.176283928507473, 6157326.527291510254145 ], [ 284935.123479194124229, 6157328.422580933198333 ], [ 284935.25038557703374, 6157330.314353940077126 ], [ 284935.555862534558401, 6157332.185608644038439 ], [ 284936.037164661043789, 6157334.01952756382525 ], [ 284936.689966361271217, 6157335.7996287625283 ], [ 285089.746750466118101, 6157698.914245640859008 ], [ 284934.939860420417972, 6158168.225812111981213 ], [ 284934.420350783970207, 6158170.103740488179028 ], [ 284934.086042992363218, 6158172.023309072479606 ], [ 284933.940110048861243, 6158173.966298733837903 ], [ 284933.983937041368335, 6158175.914268046617508 ], [ 284934.217107996460982, 6158177.848728321492672 ], [ 284934.637409827264491, 6158179.75131908711046 ], [ 284935.240853338385932, 6158181.603982352651656 ], [ 284936.021711088775191, 6158183.389134005643427 ], [ 284936.972571752034128, 6158185.089830700308084 ], [ 284938.084410459443461, 6158186.68993067741394 ], [ 284939.346674457192421, 6158188.174246967770159 ], [ 284940.747383265697863, 6158189.528691533952951 ], [ 284942.273242389142979, 6158190.740408985875547 ], [ 285096.783387977804523, 6158301.610963034443557 ], [ 285098.517098564247135, 6158302.724374048411846 ], [ 285100.356162568321452, 6158303.653502711094916 ], [ 285504.441426345088985, 6158482.30666483938694 ], [ 285504.879802148556337, 6158482.494263526983559 ], [ 285616.392100099299569, 6158528.649995514191687 ], [ 285618.237429396423977, 6158529.309873637743294 ], [ 285655.337715178728104, 6158540.5594900585711 ], [ 285529.914412054640707, 6158875.143893822096288 ], [ 285529.308837357733864, 6158877.04209741204977 ], [ 285528.89513775362866, 6158878.991135693155229 ], [ 285528.677419105020817, 6158880.971664958633482 ], [ 285528.657842213695403, 6158882.964028963819146 ], [ 285528.836601375311147, 6158884.948454004712403 ], [ 285580.231545432470739, 6159250.52472425904125 ], [ 285580.629137509793509, 6159252.571872222237289 ], [ 285581.237734083901159, 6159254.566491096280515 ], [ 285582.050718349404633, 6159256.486894914880395 ], [ 285583.059251349826809, 6159258.312204595655203 ], [ 285584.252368076820858, 6159260.022574941627681 ], [ 285585.617096684174612, 6159261.599410402588546 ], [ 285587.686024533119053, 6159263.752035561949015 ], [ 285523.723729904042557, 6159409.431660929694772 ], [ 285522.847412898438051, 6159411.834276750683784 ], [ 285512.114765565027483, 6159448.364471334964037 ], [ 285511.69399876735406, 6159450.070421997457743 ], [ 285511.424585260101594, 6159451.806719415821135 ], [ 285511.308604452235159, 6159453.559962357394397 ], [ 285511.131705383828375, 6159461.557746577076614 ], [ 285511.130997115105856, 6159462.40899683535099 ], [ 285511.281116800673772, 6159469.748488861136138 ], [ 285511.428183640760835, 6159471.794513089582324 ], [ 285511.784051589726005, 6159473.814711546525359 ], [ 285512.344977055792697, 6159475.787832531146705 ], [ 285513.105059322086163, 6159477.693119582720101 ], [ 285514.056302619923372, 6159479.510529824532568 ], [ 285515.188700241327751, 6159481.220944811590016 ], [ 285516.490339805546682, 6159482.806371645070612 ], [ 285517.947528572636656, 6159484.250132254324853 ], [ 285556.492394984001294, 6159518.707436727359891 ], [ 285523.068823637324385, 6159704.910800792276859 ], [ 285356.441667935345322, 6159642.464538406580687 ], [ 285354.719735523627605, 6159641.906685199588537 ], [ 285352.954419800720643, 6159641.506795427761972 ], [ 285351.160179811995476, 6159641.268144439905882 ], [ 285349.351711510797031, 6159641.192686936818063 ], [ 285344.39143600006355, 6159641.210376119241118 ], [ 285335.983272040321026, 6159641.248174785636365 ], [ 285330.020420195825864, 6159641.275891466066241 ], [ 285328.11127353401389, 6159641.376138933934271 ], [ 285326.220420612953603, 6159641.658212970942259 ], [ 285324.365138583816588, 6159642.119536202400923 ], [ 285322.562379578361288, 6159642.755893412046134 ], [ 285320.828615813632496, 6159643.561470062471926 ], [ 285319.179689081502147, 6159644.528905415907502 ], [ 285317.630665998789482, 6159645.649359797127545 ], [ 285316.195700340031181, 6159646.912595361471176 ], [ 285314.887903711060062, 6159648.307069637812674 ], [ 285313.719225745939184, 6159649.820041000843048 ], [ 285003.340660124027636, 6160094.002815205603838 ], [ 285002.319349946337752, 6160095.624760434031487 ], [ 285001.457991307077464, 6160097.337022708728909 ], [ 285000.764495313283987, 6160099.12387583963573 ], [ 285000.245231345645152, 6160100.968908558599651 ], [ 284999.904968559043482, 6160102.855175252072513 ], [ 284999.74683208076749, 6160104.765351594425738 ], [ 284999.772274307790212, 6160106.681893661618233 ], [ 285042.369853434036486, 6160801.732942343689501 ], [ 285042.620629987213761, 6160803.892722005955875 ], [ 285043.104376824980136, 6160806.012515879236162 ], [ 285043.815376619633753, 6160808.067270453087986 ], [ 285253.99475663038902, 6161323.020088032819331 ], [ 285254.793540676066186, 6161324.739387961104512 ], [ 285255.751525218889583, 6161326.375332279130816 ], [ 285256.860102652281057, 6161327.913221830502152 ], [ 285258.109312274376862, 6161329.339238490909338 ], [ 285313.458895640156697, 6161386.785006448626518 ], [ 285314.914548014407046, 6161388.152099847793579 ], [ 285316.499275851529092, 6161389.367215430364013 ], [ 285318.197279937157873, 6161390.418238894082606 ], [ 285319.991631730110385, 6161391.294691882096231 ], [ 285321.864442134276032, 6161391.987836445681751 ], [ 285385.155402781674638, 6161411.880692815408111 ], [ 285257.524446191382594, 6161747.828159168362617 ], [ 285256.939085925521795, 6161749.618747720494866 ], [ 285256.524794345023111, 6161751.456468180753291 ], [ 285256.285247100633569, 6161753.325016044080257 ], [ 285256.222569487814326, 6161755.207813303917646 ], [ 285256.337317590776365, 6161757.088155526667833 ], [ 285256.628473348915577, 6161758.949360063299537 ], [ 285257.093453589070123, 6161760.774914056062698 ], [ 285263.168884991493542, 6161780.660215539857745 ], [ 285263.787378961744253, 6161782.394511153921485 ], [ 285264.562748853815719, 6161784.064576302655041 ], [ 285265.488422795198858, 6161785.656255862675607 ], [ 285266.556554967828561, 6161787.156059092842042 ], [ 285267.758092107484117, 6161788.551273976452649 ], [ 285269.082850237551611, 6161789.830074964091182 ], [ 285507.11818895972101, 6161999.320258664898574 ], [ 285508.517865683068521, 6162000.444733016192913 ], [ 285510.012746037100442, 6162001.439152556471527 ], [ 285511.590783014660701, 6162002.295503415167332 ], [ 285513.239259462337941, 6162003.006884394213557 ], [ 286019.967148109921254, 6162195.185533315874636 ], [ 286021.967550006054807, 6162195.826225467957556 ], [ 286024.024115256906953, 6162196.253581932745874 ], [ 286026.11415946361376, 6162196.462888869456947 ], [ 286028.214628946443554, 6162196.451837571337819 ], [ 286030.302355032472406, 6162196.22054993826896 ], [ 286629.477755130676087, 6162097.759978407993913 ], [ 286632.238502544991206, 6162097.10225492157042 ], [ 286675.099116503959522, 6162083.61386182717979 ], [ 286812.270278814190533, 6162084.066219381056726 ], [ 287310.012951957585756, 6162239.613465907052159 ], [ 287311.990834034688305, 6162240.122317860834301 ], [ 287314.010297445638571, 6162240.426809821277857 ], [ 287316.050284499186091, 6162240.52376673836261 ], [ 287318.089523496397305, 6162240.412177605554461 ], [ 287320.106750538572669, 6162240.093206004239619 ], [ 287322.080931254022289, 6162239.570177969522774 ], [ 287323.991480130702257, 6162238.848547307774425 ], [ 287333.394107221101876, 6162234.737001659348607 ], [ 287335.166193086188287, 6162233.855209618806839 ], [ 287336.842438447813038, 6162232.802571502514184 ], [ 287338.406425129971467, 6162231.58939749468118 ], [ 287339.842834487149958, 6162230.227570165880024 ], [ 287341.137597444409039, 6162228.730428088456392 ], [ 287342.278032298723701, 6162227.112635190598667 ], [ 287423.613703213748522, 6162098.675175668671727 ], [ 288001.048045357456431, 6162321.524235457181931 ], [ 288001.28110602212837, 6162321.601493212394416 ], [ 288001.518656127213035, 6162321.699103808030486 ], [ 288002.028478911262937, 6162321.854889955371618 ], [ 288002.467775337048806, 6162322.011768753640354 ], [ 288002.671266320219729, 6162322.062320288270712 ], [ 288002.878384798066691, 6162322.130978414788842 ], [ 288003.088095609273296, 6162322.178676197305322 ], [ 288003.302815835631918, 6162322.244288087822497 ], [ 288003.895222143852152, 6162322.366377223283052 ], [ 288004.398387499328237, 6162322.491374312900007 ], [ 288004.576400329591706, 6162322.51718442235142 ], [ 288004.758647723181639, 6162322.558635773137212 ], [ 288004.941679220180959, 6162322.582041772082448 ], [ 288005.130012804933358, 6162322.620855478569865 ], [ 288005.806112393911462, 6162322.695480572991073 ], [ 288006.36709444236476, 6162322.776817451231182 ], [ 288006.516959415399469, 6162322.783488011918962 ], [ 288006.671355775033589, 6162322.803232160396874 ], [ 288006.82518988486845, 6162322.807962159626186 ], [ 288006.984348357771523, 6162322.825529417954385 ], [ 288007.745782105950639, 6162322.838183489628136 ], [ 288008.354419331008103, 6162322.86527421977371 ], [ 288008.474336835031863, 6162322.858669144101441 ], [ 288008.598728995944839, 6162322.862493880093098 ], [ 288008.721691625949461, 6162322.854401879012585 ], [ 288008.849687680602074, 6162322.856529012322426 ], [ 288009.701169305422809, 6162322.791095013730228 ], [ 288010.340701138717122, 6162322.755869497545063 ], [ 288010.429763956402894, 6162322.741995992138982 ], [ 288010.522851105139125, 6162322.735870054922998 ], [ 288010.614131352398545, 6162322.720936415717006 ], [ 288010.709800214564893, 6162322.713584529235959 ], [ 288011.666719276923686, 6162322.549312816001475 ], [ 288012.306289158470463, 6162322.449685648083687 ], [ 288012.364489834697451, 6162322.434574108570814 ], [ 288012.425836043141317, 6162322.424537740647793 ], [ 288012.485491637839004, 6162322.408756374381483 ], [ 288012.548500879784115, 6162322.397939748130739 ], [ 288013.669737117830664, 6162322.095672619529068 ], [ 288014.231737411173526, 6162321.949751812964678 ], [ 288014.259960592316929, 6162321.939336127601564 ], [ 288014.289994235383347, 6162321.93139098957181 ], [ 288014.318943448306527, 6162321.92065710760653 ], [ 288014.349790903739631, 6162321.91234113369137 ], [ 288016.097997029020917, 6162321.261013944633305 ], [ 288109.5421239992138, 6162281.390090717934072 ], [ 288117.833092268730979, 6162277.846370390616357 ], [ 288118.049977104878053, 6162277.752149248495698 ], [ 288540.95087135193171, 6162091.051991542801261 ], [ 288542.585016117605846, 6162090.239541967399418 ], [ 288542.654899168468546, 6162090.196439933031797 ], [ 288542.721969366481062, 6162090.16276559047401 ], [ 288543.191768738091923, 6162089.86531284917146 ], [ 288544.138300254882779, 6162089.281517011113465 ], [ 288544.270162029017229, 6162089.182529815472662 ], [ 288544.396367412118707, 6162089.102623073384166 ], [ 288544.872611221799161, 6162088.73027777671814 ], [ 288545.597790718369652, 6162088.185893436893821 ], [ 288545.782141665986273, 6162088.01917271502316 ], [ 288545.957624947070144, 6162087.881973295472562 ], [ 288546.377299999585375, 6162087.480931778438389 ], [ 288546.951335413148627, 6162086.961793690919876 ], [ 288547.177251608751249, 6162086.716497950255871 ], [ 288547.390412331093103, 6162086.512801544740796 ], [ 288547.73694401368266, 6162086.108794004656374 ], [ 288548.187664375989698, 6162085.619409943930805 ], [ 288548.442958639177959, 6162085.285679565742612 ], [ 288548.680661343794782, 6162085.008551413193345 ], [ 288548.951593015226535, 6162084.620773348025978 ], [ 288549.29648361238651, 6162084.169919230975211 ], [ 288549.567895040148869, 6162083.738674899563193 ], [ 288549.815703317115549, 6162083.383992799557745 ], [ 288965.329956795671023, 6161421.02949848677963 ], [ 289338.320630447182339, 6162086.069424324668944 ], [ 289339.330168908869382, 6162087.684094404801726 ], [ 289340.488697055028751, 6162089.195431531406939 ], [ 289341.785711879900191, 6162090.589734194800258 ], [ 289343.209454882715363, 6162091.854361901059747 ], [ 289437.475120350369252, 6162167.873943669721484 ], [ 289439.171344495611265, 6162169.101078744977713 ], [ 289440.98655399074778, 6162170.144175735302269 ], [ 289442.900858510576654, 6162170.991804811172187 ], [ 289444.893281886877958, 6162171.634677996858954 ], [ 289580.43026707181707, 6162207.65413245651871 ], [ 289582.299521915439982, 6162208.056324636563659 ], [ 289584.198640856717248, 6162208.278179245069623 ], [ 289586.110266555217095, 6162208.317668600007892 ], [ 289588.016927362594288, 6162208.174431784078479 ], [ 289589.901197008322924, 6162207.849777933210135 ], [ 289591.74585386965191, 6162207.346674282103777 ], [ 289593.534038372163195, 6162206.669719035737216 ], [ 289595.249407080758829, 6162205.825099349953234 ], [ 289596.876282073382754, 6162204.820534777827561 ], [ 289598.399794232333079, 6162203.665206720121205 ], [ 289599.806019143201411, 6162202.369674504734576 ], [ 289601.082104359404184, 6162200.945778883062303 ], [ 289602.21638686984079, 6162199.406533806584775 ], [ 289603.198499694641214, 6162197.766007482074201 ], [ 289604.019466636353172, 6162196.039193797856569 ], [ 289604.671784319332801, 6162194.241875278763473 ], [ 289605.149490768380929, 6162192.390478841029108 ], [ 289605.44821989920456, 6162190.501925657503307 ], [ 289643.969909485720564, 6161838.687817963771522 ], [ 289644.08870254305657, 6161836.545525021851063 ], [ 289643.977319402503781, 6161834.402834041044116 ], [ 289619.641293254913762, 6161604.808458321727812 ], [ 289619.397779373684898, 6161603.165416836738586 ], [ 289619.018769281741697, 6161601.548247803002596 ], [ 289618.506877091480419, 6161599.968105177395046 ], [ 289443.040112100250553, 6161126.376214517280459 ], [ 289442.604658358148299, 6161125.298179206438363 ], [ 289418.551557328610215, 6161070.402236727066338 ], [ 289417.575320827541873, 6161068.466885075904429 ], [ 289010.794233195425477, 6160360.30563061311841 ], [ 289009.720149815024342, 6160358.63393621891737 ], [ 289008.485488518490456, 6160357.07707118242979 ], [ 289007.102436083485372, 6160355.65040260925889 ], [ 289005.584643988637254, 6160354.368012491613626 ], [ 289003.94709366641473, 6160353.242558716796339 ], [ 289002.205948627786711, 6160352.285150124691427 ], [ 289000.378394920087885, 6160351.50523685850203 ], [ 288998.482471490977332, 6160350.910517086274922 ], [ 288996.536892134463415, 6160350.506861014291644 ], [ 288897.386642833822407, 6160335.026960931718349 ], [ 288945.148143058468122, 6160218.535385924391448 ], [ 288983.958579847239889, 6160202.096205987967551 ], [ 288985.755183411180042, 6160201.22706267144531 ], [ 288987.456218165170867, 6160200.183187565766275 ], [ 288989.044745228777174, 6160198.974975564517081 ], [ 288990.504946071421728, 6160197.614458027295768 ], [ 288991.822280033316929, 6160196.115182967856526 ], [ 288992.983629121037666, 6160194.492080146446824 ], [ 288993.97742863651365, 6160192.761312399990857 ], [ 288994.793782337801531, 6160190.940114688128233 ], [ 289185.868245284829754, 6159700.46501549333334 ], [ 289319.373379235272296, 6159734.79686603974551 ], [ 289321.280221536464524, 6159735.189388993196189 ], [ 289323.21619324607309, 6159735.394658011384308 ], [ 289325.162950442638248, 6159735.410728107206523 ], [ 289327.102047008695081, 6159735.237447013147175 ], [ 289329.015109413769096, 6159734.876456619240344 ], [ 289330.884010809008032, 6159734.331177419982851 ], [ 289466.682673361152411, 6159687.425834222696722 ], [ 289467.318659221869893, 6159687.174068166874349 ], [ 289467.833373665402178, 6159686.988292914815247 ], [ 289468.066217050305568, 6159686.878134408965707 ], [ 289468.332131039176602, 6159686.772867735475302 ], [ 289469.03005872486392, 6159686.422139669768512 ], [ 289469.559615712147206, 6159686.171605576761067 ], [ 289469.726460725418292, 6159686.072178304195404 ], [ 289469.917238868831191, 6159685.976306983269751 ], [ 289470.683771642274223, 6159685.50169188901782 ], [ 289471.200096709013451, 6159685.194000384770334 ], [ 289471.304960779612884, 6159685.117069403640926 ], [ 289471.425525713653769, 6159685.042419056408107 ], [ 289472.299537876271643, 6159684.387422044761479 ], [ 289472.73986002249876, 6159684.064390384592116 ], [ 289472.788566042669117, 6159684.02093745674938 ], [ 289472.845124840736389, 6159683.978551497682929 ], [ 289474.164867284765933, 6159682.793074485845864 ], [ 289831.287461605214048, 6159332.16673846822232 ], [ 289832.5899637673283, 6159330.759068242274225 ], [ 289833.751649677345995, 6159329.233115033246577 ], [ 289834.761837495898362, 6159327.602910162881017 ], [ 289835.611238426354248, 6159325.883443557657301 ], [ 290156.262481128505897, 6158589.870526702143252 ], [ 290157.18681031424785, 6158587.273064677603543 ], [ 290230.525306347815786, 6158325.244351298548281 ], [ 290230.92638697574148, 6158323.52092317584902 ], [ 290231.173568266443908, 6158321.768789742141962 ], [ 290231.264915365143679, 6158320.001666126772761 ], [ 290231.877885805210099, 6158237.113878069445491 ], [ 290231.796430467395112, 6158235.156734460964799 ], [ 290231.523909441311844, 6158233.216946233995259 ], [ 290231.062936916423496, 6158231.313121030107141 ], [ 290230.417934824712574, 6158229.46352151222527 ], [ 290229.59509042307036, 6158227.685890176333487 ], [ 290228.602296941215172, 6158225.997279156930745 ], [ 290227.449077864876017, 6158224.413886647671461 ], [ 290226.146495581022464, 6158222.950901525095105 ], [ 290224.707045260118321, 6158221.622357642278075 ], [ 290223.144534995255526, 6158220.440999208949506 ], [ 290221.473953346197959, 6158219.418158542364836 ], [ 289607.67522318783449, 6157883.779974289238453 ], [ 289619.369822755747009, 6157751.691298507153988 ], [ 289619.445961580902804, 6157749.659938441589475 ], [ 289619.315507851017173, 6157747.631342212669551 ], [ 289618.979809225129429, 6157745.626466339454055 ], [ 289618.442333655373659, 6157743.666022296063602 ], [ 289617.708633561152965, 6157741.770262551493943 ], [ 289616.786288469447754, 6157739.958771351724863 ], [ 289615.684826714394148, 6157738.250262400135398 ], [ 289614.415627003880218, 6157736.662385537289083 ], [ 289612.991800871735904, 6157735.211544408462942 ], [ 289611.428057227924, 6157733.912727002985775 ], [ 289609.740550407674164, 6157732.779350821860135 ], [ 289483.068285927467514, 6157656.747015331871808 ], [ 289400.443370347376913, 6157561.907944694161415 ], [ 289399.957747544511221, 6157496.518525165505707 ], [ 289491.520064711163286, 6157130.272987129166722 ], [ 289586.195968651154544, 6156960.972983186133206 ], [ 289587.039849333581515, 6156959.280806642025709 ], [ 289587.720148245338351, 6156957.516496732831001 ], [ 289588.230784201005008, 6156955.695824609138072 ], [ 289588.567192630725913, 6156953.835065239109099 ], [ 289588.726366382965352, 6156951.950851934030652 ], [ 289588.706882605096325, 6156950.060027657076716 ], [ 289588.508915462356526, 6156948.17949446849525 ], [ 289588.134234581084456, 6156946.32606243621558 ], [ 289587.586189230089076, 6156944.516299369744956 ], [ 289586.869678381306585, 6156942.766382724046707 ], [ 289585.991106918023434, 6156941.091954986564815 ], [ 289353.057124930259306, 6156543.994707086123526 ], [ 289352.077282856684178, 6156542.48444645293057 ], [ 289352.055402491125278, 6156542.456575712189078 ], [ 289352.036810481222346, 6156542.428027930669487 ], [ 289351.678169047576375, 6156541.976063843816519 ], [ 289350.965604132681619, 6156541.068413938395679 ], [ 289350.916973652143497, 6156541.016796592622995 ], [ 289350.874658567074221, 6156540.963470632210374 ], [ 289350.414724082569592, 6156540.483699047006667 ], [ 289349.731096073053777, 6156539.758082866668701 ], [ 289349.651421342336107, 6156539.68747484870255 ], [ 289349.580825016018935, 6156539.613833683542907 ], [ 289349.064675854402594, 6156539.167498998343945 ], [ 289348.383761210541707, 6156538.564070121385157 ], [ 289348.269394825329073, 6156538.479787898249924 ], [ 289348.166616397444159, 6156538.390911309048533 ], [ 289347.615567141911015, 6156537.997950072400272 ], [ 289346.934516250679735, 6156537.496050124056637 ], [ 288932.913032255659346, 6156260.241144399158657 ], [ 288932.259679063980002, 6156259.838053211569786 ], [ 288931.988668652134947, 6156259.658069895580411 ], [ 288541.002121227211319, 6156027.71531917154789 ], [ 288558.069842529948801, 6155966.324851642362773 ], [ 288622.20343214814784, 6155857.542879424057901 ], [ 288623.188226599653717, 6155855.648007531650364 ], [ 288623.965370889869519, 6155853.658935801126063 ], [ 288624.526004875137005, 6155851.598341437056661 ], [ 288755.999502362799831, 6155241.444118482992053 ], [ 288756.071047098957933, 6155240.99968967679888 ], [ 288756.185533004987519, 6155240.462240591645241 ], [ 288756.255780322535429, 6155239.852145210839808 ], [ 288756.333868218236603, 6155239.367070945911109 ], [ 288756.353801628982183, 6155239.000833752565086 ], [ 288756.403340712189674, 6155238.57058862876147 ], [ 288756.417803240416106, 6155237.824930098839104 ], [ 288756.448203159787226, 6155237.266391407698393 ], [ 288756.434034600388259, 6155236.988074203021824 ], [ 288756.440265985613223, 6155236.666796658188105 ], [ 288756.371846330352128, 6155235.766491613350809 ], [ 288756.341242092137691, 6155235.165323506109416 ], [ 288756.312076638103463, 6155234.98000773973763 ], [ 288756.295974117296282, 6155234.768121540546417 ], [ 288756.102501790446695, 6155233.648380142636597 ], [ 288756.014168520108797, 6155233.087115173228085 ], [ 288755.989749491738621, 6155232.99581438023597 ], [ 288755.97177303628996, 6155232.891773757524788 ], [ 288755.470601452921983, 6155231.054761404171586 ], [ 288648.418365330377128, 6154901.357236289419234 ], [ 288647.624994043901097, 6154899.305541621521115 ], [ 288646.611102533817757, 6154897.353385630063713 ], [ 288645.388956071692519, 6154895.52438398078084 ], [ 288601.538667447050102, 6154837.128726351074874 ], [ 288600.810273941489868, 6154836.231247688643634 ], [ 288600.810273939801846, 6154836.231247686780989 ], [ 288600.66983722220175, 6154836.051446504890919 ], [ 288304.425081608991604, 6154493.684292889200151 ], [ 288246.139284510107245, 6154204.886030578054488 ], [ 288245.690108223818243, 6154203.092443079687655 ], [ 288245.077213598182425, 6154201.348001727834344 ], [ 288244.30583891418064, 6154199.66761589422822 ], [ 288243.382576948206406, 6154198.065647481940687 ], [ 288242.315318625187501, 6154196.555788176134229 ], [ 288167.437897000287194, 6154100.386567586101592 ], [ 288166.046705966815352, 6154098.783162857405841 ], [ 288164.493405079934746, 6154097.336243519559503 ], [ 288162.795493513520341, 6154096.062110274098814 ], [ 288160.972099596518092, 6154094.97511724755168 ], [ 288159.043765316484496, 6154094.087510284967721 ], [ 288136.415712913265452, 6154085.094444080255926 ], [ 288132.621745623298921, 6154011.986911358311772 ], [ 288132.441738331050146, 6154010.154182531870902 ], [ 288132.093920178536791, 6154008.345779891125858 ], [ 288131.581240052881185, 6154006.57703551556915 ], [ 288130.908044581359718, 6154004.862945251166821 ], [ 288130.080041279317811, 6154003.218041572719812 ], [ 288129.104250160860829, 6154001.65627037640661 ], [ 288019.2355479678954, 6153842.605254618450999 ], [ 288002.376548782805912, 6153636.080396927893162 ], [ 288183.726656198210549, 6153012.797284171916544 ], [ 288184.17437697009882, 6153010.927833834663033 ], [ 288184.440553573833313, 6153009.024035402573645 ], [ 288184.522727004135959, 6153007.103476634249091 ], [ 288184.420138122746721, 6153005.183900124393404 ], [ 288184.133734670991544, 6153003.28303939383477 ], [ 288183.666162514360622, 6153001.418455061502755 ], [ 288183.021741199772805, 6152999.607372616417706 ], [ 288153.999975973798428, 6152928.989701956510544 ], [ 288304.077047316415701, 6152761.415825924836099 ], [ 288304.441354485112242, 6152760.968845093622804 ], [ 288305.018130797543563, 6152760.283818836323917 ], [ 288305.135629732045345, 6152760.117015227675438 ], [ 288305.252422114892397, 6152759.973718688823283 ], [ 288305.567774693423416, 6152759.503534439019859 ], [ 288306.009896258881781, 6152758.875890682451427 ], [ 288481.394110323279165, 6152485.622369795106351 ], [ 288482.488033765577711, 6152483.689751125872135 ], [ 288483.360952456889208, 6152481.647767684422433 ], [ 288496.622287874633912, 6152445.140009716153145 ], [ 288497.203337881946936, 6152443.255697865970433 ], [ 288497.596009281638544, 6152441.323326413519681 ], [ 288497.796485062048305, 6152439.361679217778146 ], [ 288497.802816473238636, 6152437.389824717305601 ], [ 288497.614941969863139, 6152435.426930570043623 ], [ 288497.234687809715979, 6152433.492077337577939 ], [ 288496.665750301035587, 6152431.604073002003133 ], [ 288495.913659872370772, 6152429.781270147301257 ], [ 288494.985727313323878, 6152428.041387557983398 ], [ 288493.890972708875779, 6152426.40133798122406 ], [ 288005.735685205494519, 6151767.882222466170788 ], [ 288004.467699409695342, 6151717.244960844516754 ], [ 288398.154273409978487, 6150759.186859431676567 ], [ 288398.800601628201548, 6150757.369191307574511 ], [ 288399.268798495584633, 6150755.497708134353161 ], [ 288399.554507840948645, 6150753.589822460897267 ], [ 288399.655071383400355, 6150751.663285530172288 ], [ 288399.569553465291392, 6150749.736022117547691 ], [ 288399.298749757639598, 6150747.825963760726154 ], [ 288398.845179857104085, 6150745.950881917960942 ], [ 288398.213063843315467, 6150744.128222619183362 ], [ 288397.408283014665358, 6150742.374944149516523 ], [ 288396.438325167808216, 6150740.707359264604747 ], [ 288395.312214930192567, 6150739.140983413904905 ], [ 288394.040429793531075, 6150737.690390382893384 ], [ 288392.634802629821934, 6150736.369076699949801 ], [ 288391.108411596447695, 6150735.189336055889726 ], [ 288389.475458455330227, 6150734.162144928239286 ], [ 288387.751136437582318, 6150733.297060450538993 ], [ 288168.800092578749172, 6150636.370409204624593 ], [ 288621.982760986080393, 6149853.273377818986773 ], [ 288622.901876849064138, 6149851.482994159683585 ], [ 288623.636408188263886, 6149849.609304930083454 ], [ 288624.178917419281788, 6149847.671282393857837 ], [ 288624.523911300348118, 6149845.688550228253007 ], [ 288624.667896554747131, 6149843.681184824556112 ], [ 288624.609415242739487, 6149841.669512 ], [ 288624.349059523723554, 6149839.673901187255979 ], [ 288623.889465660671704, 6149837.714559180662036 ], [ 288623.235287325805984, 6149835.811325531452894 ], [ 288622.39314847975038, 6149833.983471658080816 ], [ 288621.371576299716253, 6149832.249505713582039 ], [ 288620.180914836178999, 6149830.626985175535083 ], [ 288358.327367515827063, 6149509.06407780200243 ], [ 288356.970300538116135, 6149507.560040724463761 ], [ 288355.468048472655937, 6149506.200998030602932 ], [ 287952.16625180223491, 6149176.903683392331004 ], [ 287950.601007988268975, 6149175.747847638092935 ], [ 287948.930856307211798, 6149174.749580214731395 ], [ 287947.171604513016064, 6149173.918329583480954 ], [ 287945.339903679850977, 6149173.261963416822255 ], [ 287943.453090601833537, 6149172.786694128997624 ], [ 287941.529023702896666, 6149172.49702007882297 ], [ 287904.546522414253559, 6149168.757710628211498 ], [ 287902.986035019857809, 6149168.661351108923554 ], [ 287901.422788751719054, 6149168.687180751003325 ], [ 287834.803480322938412, 6149172.396240489557385 ], [ 287849.870291077357251, 6148377.023424843326211 ], [ 287849.857435265148524, 6148376.645646431483328 ], [ 287849.869486172741745, 6148376.225495924241841 ], [ 287849.846317415533122, 6148375.897830504924059 ], [ 287849.843210355378687, 6148375.537479075603187 ], [ 287849.808052674285136, 6148375.194499163888395 ], [ 287849.798280328162946, 6148374.907330891117454 ], [ 287849.754103883751668, 6148374.593695576302707 ], [ 287849.729514688544441, 6148374.245941534638405 ], [ 287849.683046558115166, 6148373.9750050092116 ], [ 287849.652535473695025, 6148373.677354860119522 ], [ 287849.557504693279043, 6148373.197918938472867 ], [ 287849.50296489498578, 6148372.810707902535796 ], [ 287849.441015960415825, 6148372.563824302516878 ], [ 287849.394053168362007, 6148372.29000360891223 ], [ 287849.335372362751514, 6148372.077248161658645 ], [ 287849.288974411902018, 6148371.843167749233544 ], [ 287849.105250789143611, 6148371.225707433186471 ], [ 287848.987654554483015, 6148370.757053985260427 ], [ 287848.921626411436591, 6148370.57715449668467 ], [ 287848.866404421627522, 6148370.376939469017088 ], [ 287848.806614208151586, 6148370.222046419046819 ], [ 287848.75570507440716, 6148370.050950458273292 ], [ 287848.447623028070666, 6148369.285690549761057 ], [ 287848.258124697720632, 6148368.769385665655136 ], [ 287848.201488626538776, 6148368.654402797110379 ], [ 287848.151763450587168, 6148368.525584321469069 ], [ 287848.101732937444467, 6148368.426517409272492 ], [ 287848.057388793851715, 6148368.316368844360113 ], [ 287847.561518400092609, 6148367.355131661519408 ], [ 287847.322551601973828, 6148366.869979931041598 ], [ 287847.288217076973524, 6148366.815650375559926 ], [ 287847.257166302180849, 6148366.754165809601545 ], [ 287847.227295415184926, 6148366.707245511002839 ], [ 287847.200129586039111, 6148366.654584966599941 ], [ 287846.191420794464648, 6148365.080124557949603 ], [ 287828.687076218542643, 6148340.381458937190473 ], [ 287827.594582232064568, 6148338.976852102205157 ], [ 287826.381564347480889, 6148337.674910827539861 ], [ 287825.057625006767921, 6148336.485941486433148 ], [ 287823.633244723838288, 6148335.419356149621308 ], [ 287726.781575203698594, 6148269.410100049339235 ], [ 287726.449278798885643, 6148269.208778605796397 ], [ 287726.075800130493008, 6148268.950538828037679 ], [ 287725.877738196228165, 6148268.840456435456872 ], [ 287725.693201928806957, 6148268.718622870743275 ], [ 287725.292948618181981, 6148268.508217125199735 ], [ 287724.951242328621447, 6148268.301194712519646 ], [ 287724.948114321799949, 6148268.299731056205928 ], [ 287724.945169793441892, 6148268.297947809100151 ], [ 287724.800110160198528, 6148268.230162812396884 ], [ 287724.681590473046526, 6148268.159585845656693 ], [ 287724.542511562234722, 6148268.09834037348628 ], [ 287724.368947980168741, 6148268.00187411159277 ], [ 287656.480939358239993, 6148234.498224665410817 ], [ 287493.138479792280123, 6148056.819070441648364 ], [ 287267.452035169582814, 6147560.327888031490147 ], [ 287336.719912844884675, 6147581.436713197268546 ], [ 287337.349627710413188, 6147581.596734002232552 ], [ 287337.865385136276018, 6147581.748946693725884 ], [ 287338.185532673902344, 6147581.809151069261134 ], [ 287338.539489049522672, 6147581.899097150191665 ], [ 287339.273543622635771, 6147582.013753673993051 ], [ 287339.851645234914031, 6147582.12246682215482 ], [ 287839.962742458679713, 6147650.220099952071905 ], [ 287938.990542552666739, 6147671.25488437153399 ], [ 287979.911354280193336, 6147688.527366269379854 ], [ 287981.547084539663047, 6147690.454029980115592 ], [ 288140.926385819679126, 6147987.275742123834789 ], [ 288169.148157709510997, 6148100.910750569775701 ], [ 288169.673673292214517, 6148102.675188668072224 ], [ 288169.699340932886116, 6148102.739162992686033 ], [ 288169.717802945582662, 6148102.800406100228429 ], [ 288169.935107453726232, 6148103.326790197752416 ], [ 288170.359209846879821, 6148104.383827911689878 ], [ 288170.422267078945879, 6148104.506853520870209 ], [ 288170.470923298038542, 6148104.624715134501457 ], [ 288170.767700402997434, 6148105.180799136869609 ], [ 288171.198958465305623, 6148106.022190108895302 ], [ 288171.310476938902866, 6148106.197822833433747 ], [ 288171.400184704398271, 6148106.36591212451458 ], [ 288197.355671733617783, 6148149.705803342163563 ], [ 288164.900707404129207, 6148328.566399537958205 ], [ 288164.638836472120602, 6148330.595972869545221 ], [ 288164.58573013509158, 6148332.641681551001966 ], [ 288164.741944382491056, 6148334.682108320295811 ], [ 288165.105843751050998, 6148336.695891213603318 ], [ 288165.673618446860928, 6148338.661947212181985 ], [ 288166.439324231992941, 6148340.559692964889109 ], [ 288167.394944656232838, 6148342.369260288774967 ], [ 288168.530474984727334, 6148344.07170416880399 ], [ 288169.83402694092365, 6148345.649201107211411 ], [ 288424.438170091656502, 6148623.492286244407296 ], [ 288424.441120488394517, 6148623.495190073736012 ], [ 288424.443872097122949, 6148623.498506064526737 ], [ 288425.853741988888942, 6148624.8905641855672 ], [ 288425.882481727108825, 6148624.913801841437817 ], [ 288425.90775465243496, 6148624.938675875775516 ], [ 288426.386233965866268, 6148625.321113172918558 ], [ 288427.394428845029324, 6148626.13629406504333 ], [ 288427.459879992878996, 6148626.179253271780908 ], [ 288427.518451246723998, 6148626.226067901588976 ], [ 288428.127018157043494, 6148626.617132928222418 ], [ 288429.050812522938941, 6148627.22347023896873 ], [ 288429.156886293436401, 6148627.278926075436175 ], [ 288429.253139290143736, 6148627.340778240002692 ], [ 288429.918192128825467, 6148627.67694013286382 ], [ 288430.806637443252839, 6148628.141423272900283 ], [ 288430.956168747798074, 6148628.201602483168244 ], [ 288431.093380255508237, 6148628.270958296023309 ], [ 288431.783463418250903, 6148628.534549086354673 ], [ 288432.644672120630275, 6148628.881144468672574 ], [ 288432.839355096453801, 6148628.937867609784007 ], [ 288433.019613661395852, 6148629.006720902398229 ], [ 288433.71479031589115, 6148629.192935808561742 ], [ 288434.546878271386959, 6148629.435374278575182 ], [ 288434.787219939287752, 6148629.480204346589744 ], [ 288435.011364986712579, 6148629.540245414711535 ], [ 288435.696649760764558, 6148629.649837024509907 ], [ 288436.494587839755695, 6148629.798673547804356 ], [ 288436.779880576359574, 6148629.823068669065833 ], [ 288437.04746330040507, 6148629.865860837511718 ], [ 288940.047177895554341, 6148683.896418916992843 ], [ 289272.666272933711298, 6148832.983946938067675 ], [ 289336.486481093917973, 6148868.229530441574752 ], [ 289464.999951827863697, 6149099.534371356479824 ], [ 289465.148952384188306, 6149099.773602697998285 ], [ 289465.306156065198593, 6149100.066111993044615 ], [ 289526.091206068405882, 6149201.975100480951369 ], [ 289527.151087069301866, 6149203.572661952115595 ], [ 289528.359062559262384, 6149205.06140155531466 ], [ 289529.704032601322979, 6149206.427639446221292 ], [ 289531.173638432577718, 6149207.658821435645223 ], [ 289532.754376027383842, 6149208.7436343440786 ], [ 289534.431720183987636, 6149209.672109960578382 ], [ 289536.190257994981948, 6149210.435716637410223 ], [ 289538.013830474519636, 6149211.027437687851489 ], [ 289539.885681041225325, 6149211.441835860721767 ], [ 289874.420269049413037, 6149268.840308333747089 ], [ 289881.967262330988888, 6149275.788835417479277 ], [ 289451.646639921993483, 6149243.809625100344419 ], [ 289449.772865441977046, 6149243.758459284901619 ], [ 289447.90253051527543, 6149243.882942233234644 ], [ 289446.052064391726162, 6149244.181980472058058 ], [ 289444.237721791316289, 6149244.652947213500738 ], [ 289442.475440120440908, 6149245.291705426760018 ], [ 289362.455396347271744, 6149278.616516221314669 ], [ 289360.714102331374306, 6149279.44226735457778 ], [ 289359.060367791680619, 6149280.431778272613883 ], [ 289357.509547528461553, 6149281.575861440040171 ], [ 289356.076040790823754, 6149282.863894132897258 ], [ 289354.773157580464613, 6149284.283917063847184 ], [ 289353.612995069590397, 6149285.822745427489281 ], [ 289352.606325279455632, 6149287.466091318055987 ], [ 289351.762495063070673, 6149289.198696394450963 ], [ 289267.262297462846618, 6149486.296102472580969 ], [ 289266.591207719175145, 6149488.095403108745813 ], [ 289266.095779042108916, 6149489.950772250071168 ], [ 289265.780579091107938, 6149491.845104115083814 ], [ 289265.648513886961155, 6149493.760933701880276 ], [ 289262.970870777324308, 6149622.49409350566566 ], [ 289263.029345436429139, 6149624.493682278320193 ], [ 289263.287280547781847, 6149626.477427227422595 ], [ 289263.742095616064034, 6149628.425482102669775 ], [ 289264.389240472810343, 6149630.318357714451849 ], [ 289265.222240798349958, 6149632.137116907164454 ], [ 289348.933158067695331, 6149793.118327895179391 ], [ 289352.395887082326226, 6150074.050810965709388 ], [ 289352.525130710622761, 6150076.087602140381932 ], [ 289352.861273809743579, 6150078.100617296993732 ], [ 289353.40081610303605, 6150080.068894797936082 ], [ 289441.26839626126457, 6150346.474133672192693 ], [ 289441.632157718355302, 6150347.414848379790783 ], [ 289441.922282864048611, 6150348.188065221533179 ], [ 289441.962063623301219, 6150348.268010063096881 ], [ 289441.994968853367027, 6150348.353105482645333 ], [ 289442.471953786094673, 6150349.292703632265329 ], [ 289442.837513939710334, 6150350.027346435002983 ], [ 289442.874725430388935, 6150350.086111275479198 ], [ 289442.906880171911325, 6150350.149451925419271 ], [ 289443.509367138263769, 6150351.08834521099925 ], [ 289443.93659907678375, 6150351.763035106472671 ], [ 289443.967419923166744, 6150351.802157639525831 ], [ 289443.994877866993193, 6150351.84494707826525 ], [ 289444.753047655103728, 6150352.799396540038288 ], [ 289445.207941269502044, 6150353.376817103475332 ], [ 289445.228855510649737, 6150353.398384469561279 ], [ 289445.247922997572459, 6150353.422388264909387 ], [ 289446.284572205273435, 6150354.487069830298424 ], [ 289446.638125940109603, 6150354.851664590649307 ], [ 289446.645994209451601, 6150354.85826516058296 ], [ 289446.653302033664659, 6150354.865770597942173 ], [ 289448.196755849465262, 6150356.160449367016554 ], [ 289920.02792489528656, 6150713.051573939621449 ], [ 290227.535013700195123, 6151133.730010489933193 ], [ 290227.577296751493122, 6151133.782098667696118 ], [ 290227.614788678300101, 6151133.838377824053168 ], [ 290228.25063169200439, 6151134.611575 ], [ 290228.811446993728168, 6151135.302439222112298 ], [ 290228.853523902245797, 6151135.344703374430537 ], [ 290228.89170335320523, 6151135.391130311414599 ], [ 290229.612867847958114, 6151136.107426424510777 ], [ 290230.240362926037051, 6151136.737713875249028 ], [ 290230.280733509454876, 6151136.770783510059118 ], [ 290230.31804953457322, 6151136.807847624644637 ], [ 290231.121316048083827, 6151137.459348174743354 ], [ 290231.807108628621791, 6151138.021116374060512 ], [ 290231.84440308297053, 6151138.045818037353456 ], [ 290231.87941559398314, 6151138.074215424247086 ], [ 290232.762066693569068, 6151138.653624684549868 ], [ 290233.495617852488067, 6151139.13948602322489 ], [ 290233.5286206456949, 6151139.156822899356484 ], [ 290233.560025678540114, 6151139.177438482642174 ], [ 290234.521082311403006, 6151139.678178329020739 ], [ 290235.288575720449444, 6151140.081354461610317 ], [ 290235.316246596747078, 6151140.092483198270202 ], [ 290235.342899108247366, 6151140.106369970366359 ], [ 290236.386051574139856, 6151140.522739820182323 ], [ 290237.167596282903105, 6151140.837063265964389 ], [ 290237.189088187296875, 6151140.84326845407486 ], [ 290237.210021946753841, 6151140.851624074392021 ], [ 290238.352300994098186, 6151141.179113698191941 ], [ 290239.113411057507619, 6151141.398862994275987 ], [ 290239.128084593976382, 6151141.401529648341238 ], [ 290239.142529011878651, 6151141.405670840293169 ], [ 290240.451642718398944, 6151141.642062762752175 ], [ 290241.106066618056502, 6151141.760992650873959 ], [ 290241.113500964827836, 6151141.761577166616917 ], [ 290241.120894487074111, 6151141.762912244535983 ], [ 290243.125129208143335, 6151141.919738763943315 ], [ 291029.155887601955328, 6151163.783524561673403 ], [ 291030.886935116141103, 6151163.756714309565723 ], [ 291031.035000844567548, 6151163.741547572426498 ], [ 291031.160277951916214, 6151163.738749042153358 ], [ 291031.642506287666038, 6151163.679319295100868 ], [ 291032.609178570390213, 6151163.580300674773753 ], [ 291032.906294353597332, 6151163.523570246063173 ], [ 291033.150114419986494, 6151163.493521898053586 ], [ 291033.611976718879305, 6151163.388829295523465 ], [ 291034.309713003749494, 6151163.255605545826256 ], [ 291034.756986670079641, 6151163.129284247756004 ], [ 291035.105401211534627, 6151163.050307407043874 ], [ 291035.475289690890349, 6151162.926417464390397 ], [ 291035.975796123559121, 6151162.785061898641288 ], [ 291239.925445020373445, 6151095.526138797402382 ], [ 291240.198333676846232, 6151095.433961030095816 ], [ 291320.843449407548178, 6151067.544657291844487 ], [ 291322.520448179391678, 6151066.878574995324016 ], [ 291322.651701996277552, 6151066.812177793122828 ], [ 291322.767515268409625, 6151066.765264630317688 ], [ 291323.218681993894279, 6151066.525360337458551 ], [ 291324.1305876087863, 6151066.064055796712637 ], [ 291656.391517006151844, 6150878.699724486097693 ], [ 291994.194706614129245, 6150731.919962332583964 ], [ 291995.753815943666268, 6150731.1605293918401 ], [ 291997.241274157771841, 6150730.268885766156018 ], [ 291998.645897205977235, 6150729.25173563696444 ], [ 291999.957123866945039, 6150728.116726853884757 ], [ 292403.609148495190311, 6150346.873841243796051 ], [ 292404.383048792660702, 6150346.099326741881669 ], [ 292404.40440755081363, 6150346.079273126088083 ], [ 292929.166550678084604, 6149791.438601213507354 ], [ 292930.470212999847718, 6149789.914379904046655 ], [ 292931.614656505698804, 6149788.267250549048185 ], [ 292932.588371567078866, 6149786.513778271153569 ], [ 292933.381565565534402, 6149784.671597680076957 ], [ 292933.986261376761831, 6149782.759235520847142 ], [ 292934.396377595956437, 6149780.795924354344606 ], [ 292934.607789698755369, 6149778.801409131847322 ], [ 292934.618371520889923, 6149776.795748624019325 ], [ 292934.428016641410068, 6149774.799113687127829 ], [ 292934.038639452657662, 6149772.831584409810603 ], [ 292933.454155907500535, 6149770.912948166951537 ], [ 292932.680444136494771, 6149769.062500613741577 ], [ 292931.725285332009662, 6149767.298851638101041 ], [ 292930.598285492800642, 6149765.639738196507096 ], [ 292929.310778816929087, 6149764.101845934987068 ], [ 292927.875713714107405, 6149762.700641381554306 ], [ 292926.307522584102117, 6149761.45021640136838 ], [ 292924.621976670227014, 6149760.363146476447582 ], [ 291814.647168953437358, 6149120.931015882641077 ], [ 292132.963322089111898, 6148549.638202453963459 ], [ 292133.848354000074323, 6148547.8442790992558 ], [ 292133.853605855954811, 6148547.830252094194293 ], [ 292133.860124554717913, 6148547.817014198750257 ], [ 292134.089088875858579, 6148547.201308442279696 ], [ 292134.549758979002945, 6148545.970920206978917 ], [ 292134.557408336782828, 6148545.941955078393221 ], [ 292134.567693163524382, 6148545.914298249408603 ], [ 292134.763151331455447, 6148545.16288675647229 ], [ 292135.060520446684677, 6148544.036866120994091 ], [ 292135.067597540910356, 6148543.99248603451997 ], [ 292135.078738222888205, 6148543.949657246470451 ], [ 292135.203530976374168, 6148543.140054597519338 ], [ 292135.375528946518898, 6148542.061464357189834 ], [ 292135.379007158917375, 6148542.001639279536903 ], [ 292135.38799471501261, 6148541.943331813439727 ], [ 292135.430956420837902, 6148541.108114591799676 ], [ 292135.491633257537615, 6148540.064476056024432 ], [ 292135.488488876027986, 6148539.989627871662378 ], [ 292135.492276539269369, 6148539.915992024354637 ], [ 292135.45007379387971, 6148539.075203480198979 ], [ 292135.407671917928383, 6148538.065878302790225 ], [ 292135.394944199477322, 6148537.976878454908729 ], [ 292135.390509337070398, 6148537.888524451293051 ], [ 292135.263404557306785, 6148537.057074313051999 ], [ 292135.124484843865503, 6148536.085664282552898 ], [ 292135.099335486593191, 6148535.983823945745826 ], [ 292135.083741560287308, 6148535.881816986016929 ], [ 292134.874133629025891, 6148535.071886804886162 ], [ 292134.644904927350581, 6148534.143643276765943 ], [ 292134.60467605968006, 6148534.030696156434715 ], [ 292134.575133669597562, 6148533.916543637402356 ], [ 292134.286909210437443, 6148533.138529594056308 ], [ 292133.973729696997907, 6148532.259242498315871 ], [ 292133.915999508986715, 6148532.137320475652814 ], [ 292133.869925573992077, 6148532.012951542623341 ], [ 292133.508104204782285, 6148531.275874805636704 ], [ 292133.117673325468786, 6148530.451312749646604 ], [ 292133.040308499475941, 6148530.322914694435894 ], [ 292132.975382647069637, 6148530.190652369521558 ], [ 292132.545884778723121, 6148529.502347421832383 ], [ 292132.085299463651609, 6148528.73793985042721 ], [ 292131.986503595253453, 6148528.605893994681537 ], [ 292131.900720875419211, 6148528.468420272693038 ], [ 292131.410191792063415, 6148527.835623065941036 ], [ 292130.886935573187657, 6148527.136263705790043 ], [ 291639.865641920478083, 6147935.069921440444887 ], [ 292130.23206667334307, 6148256.228001506067812 ], [ 292130.24521047831513, 6148256.235742134042084 ], [ 292130.256822578900028, 6148256.244188867509365 ], [ 292130.528848009824287, 6148256.402781476266682 ], [ 292130.950809495698195, 6148256.651282332837582 ], [ 292131.632675396278501, 6148257.065712541341782 ], [ 292131.754644103872124, 6148257.124675272963941 ], [ 292131.872259009222034, 6148257.193940847180784 ], [ 292131.940806730824988, 6148257.22596266400069 ], [ 292132.002095871663187, 6148257.261694634333253 ], [ 292132.57378413376864, 6148257.521655732765794 ], [ 292132.634454112150706, 6148257.549997489899397 ], [ 292133.357501865073573, 6148257.899536903947592 ], [ 292133.478795068222098, 6148257.944428266957402 ], [ 292133.596851356560364, 6148257.999577828682959 ], [ 292133.725275649456307, 6148258.045268021523952 ], [ 292133.841113648260944, 6148258.097942486405373 ], [ 292134.441286876506638, 6148258.300652425736189 ], [ 292134.441286879882682, 6148258.300652426667511 ], [ 292135.154195438721217, 6148258.564504285342991 ], [ 292135.273291889752727, 6148258.596013982780278 ], [ 292135.390222057118081, 6148258.637614849954844 ], [ 292135.581521895772312, 6148258.685769524425268 ], [ 292135.755111965001561, 6148258.744399984367192 ], [ 292136.33517932536779, 6148258.876960658468306 ], [ 292137.006270153680816, 6148259.054513128474355 ], [ 292137.121776012645569, 6148259.073487762361765 ], [ 292137.236126446572598, 6148259.102272460237145 ], [ 292137.491777690302115, 6148259.141273856163025 ], [ 292137.724561833601911, 6148259.194471165537834 ], [ 292138.273229424317833, 6148259.262641869485378 ], [ 292138.896731884393375, 6148259.36506724730134 ], [ 292139.007396290428005, 6148259.372492135502398 ], [ 292139.117844001273625, 6148259.389341711066663 ], [ 292139.437777212355286, 6148259.407334291376173 ], [ 292139.729368480155244, 6148259.443563845008612 ], [ 292140.237610479409341, 6148259.455031801015139 ], [ 292140.237610486103222, 6148259.455031801015139 ], [ 292140.808234276657458, 6148259.493317083455622 ], [ 292140.912962608970702, 6148259.490296579897404 ], [ 292141.018329795624595, 6148259.496222278103232 ], [ 292141.40093821217306, 6148259.481281091459095 ], [ 292141.74907637713477, 6148259.489136469550431 ], [ 292142.209878625231795, 6148259.452891811728477 ], [ 292142.723237912927289, 6148259.438085852190852 ], [ 292142.82110257766908, 6148259.425822453573346 ], [ 292142.920368898077868, 6148259.42194601893425 ], [ 292143.362550757592544, 6148259.362227740697563 ], [ 292143.763077955693007, 6148259.330724050290883 ], [ 292144.171320288965944, 6148259.256626986898482 ], [ 292144.624171249335632, 6148259.199880338273942 ], [ 292144.714419883443043, 6148259.179652870632708 ], [ 292144.806732307071798, 6148259.167185740545392 ], [ 292145.303974752547219, 6148259.051047204993665 ], [ 292145.750823870184831, 6148258.969942907802761 ], [ 292146.103214228001889, 6148258.868381764739752 ], [ 292146.493591847131029, 6148258.780886251479387 ], [ 292146.575652945321053, 6148258.754027423448861 ], [ 292146.660333013976924, 6148258.734249105677009 ], [ 292147.20685117773246, 6148258.55030657351017 ], [ 292147.692032667633612, 6148258.410474180243909 ], [ 292147.98705487413099, 6148258.292071607895195 ], [ 292147.987054878554773, 6148258.29207160603255 ], [ 292148.314346419647336, 6148258.184948165901005 ], [ 292148.387832204811275, 6148258.152821813710034 ], [ 292148.464380780642387, 6148258.127057731151581 ], [ 292149.053340568905696, 6148257.864134435541928 ], [ 292149.566897724755108, 6148257.658026261255145 ], [ 292149.804754744225647, 6148257.533374761231244 ], [ 292150.069728226284496, 6148257.417534242384136 ], [ 292150.134434879699256, 6148257.381512556225061 ], [ 292150.202534227981232, 6148257.351111660711467 ], [ 292150.82642343104817, 6148256.997958422638476 ], [ 292151.356289339368232, 6148256.720276559703052 ], [ 292246.781492331181653, 6148200.393256401643157 ], [ 292248.673247955623083, 6148199.126095892861485 ], [ 292250.408715753874276, 6148197.652126213535666 ], [ 292251.965402175439522, 6148195.990451611578465 ], [ 292765.193017855868675, 6147581.487566782161593 ], [ 293305.988278723845724, 6147657.889502090401947 ], [ 293307.898742622812279, 6147658.066463140770793 ], [ 293307.912855964386836, 6147658.066412258893251 ], [ 293307.926705350750126, 6147658.067685316316783 ], [ 293308.556923562369775, 6147658.064090247265995 ], [ 293309.817372257763054, 6147658.059546039439738 ], [ 293309.845461421122309, 6147658.056739804334939 ], [ 293309.873272520897444, 6147658.056581156328321 ], [ 293310.614409706671722, 6147657.97991837374866 ], [ 293311.726510540116578, 6147657.86881444323808 ], [ 293311.768050338083412, 6147657.860586483962834 ], [ 293311.809540174319409, 6147657.856294800527394 ], [ 293312.580127875669859, 6147657.699734936468303 ], [ 293313.608587729686406, 6147657.496023651212454 ], [ 293313.662672529462725, 6147657.479794956743717 ], [ 293313.717165819951333, 6147657.468723585829139 ], [ 293314.484846772567835, 6147657.233093206770718 ], [ 293315.446283128927462, 6147656.944604443386197 ], [ 293315.511639871634543, 6147656.917931490577757 ], [ 293315.578078295569867, 6147656.897539020515978 ], [ 293316.324332187941764, 6147656.586260989308357 ], [ 293317.22268448426621, 6147656.219631514512002 ], [ 293317.297691480081994, 6147656.180252567864954 ], [ 293317.374648958386388, 6147656.148152002133429 ], [ 293318.086698798346333, 6147655.766020848415792 ], [ 293318.921443629486021, 6147655.327776768244803 ], [ 293319.004154740192462, 6147655.273655739612877 ], [ 293319.089858683233615, 6147655.227661562152207 ], [ 293319.758006849850062, 6147654.780381603166461 ], [ 293320.526926937222015, 6147654.277247915044427 ], [ 293320.615100909490138, 6147654.206615161150694 ], [ 293320.707459086668678, 6147654.144787615165114 ], [ 293321.324013478995766, 6147653.638732763007283 ], [ 293322.024359194678254, 6147653.077712940052152 ], [ 293322.115493794030044, 6147652.989102400839329 ], [ 293322.212126449740026, 6147652.90978835336864 ], [ 293322.770906658319291, 6147652.351841823197901 ], [ 293323.399959579401184, 6147651.740211125463247 ], [ 293323.491330028220546, 6147651.632493297569454 ], [ 293323.589606881490909, 6147651.534363069571555 ], [ 293324.085693482367788, 6147650.931790377944708 ], [ 293324.641068483993877, 6147650.27705145906657 ], [ 293324.729769747820683, 6147650.149461710825562 ], [ 293324.826851347868796, 6147650.031541329808533 ], [ 293325.256446391809732, 6147649.391879040747881 ], [ 293325.736264022008982, 6147648.701699352823198 ], [ 293325.819256385613699, 6147648.55386115796864 ], [ 293325.912139286461752, 6147648.41555954143405 ], [ 293326.272480005631223, 6147647.746512638404965 ], [ 293326.675467142951675, 6147647.028652724809945 ], [ 293326.749624493008014, 6147646.860595436766744 ], [ 293326.835189636971336, 6147646.701726090162992 ], [ 293327.124487657973077, 6147646.011070920154452 ], [ 293327.450034389912616, 6147645.273308569565415 ], [ 293327.512194551934954, 6147645.08547948487103 ], [ 293327.587258234911133, 6147644.906276321038604 ], [ 293327.804650012403727, 6147644.201768123544753 ], [ 293328.052837444585748, 6147643.451821265742183 ], [ 293328.099853938503657, 6147643.245091710239649 ], [ 293328.161220645881258, 6147643.046218740753829 ], [ 293328.306721538305283, 6147642.335503536276519 ], [ 293328.478328729281202, 6147641.580953902564943 ], [ 293328.507123245217372, 6147641.356619229540229 ], [ 293328.551639656478073, 6147641.139173894189298 ], [ 293328.626097475294955, 6147640.429705053567886 ], [ 293328.722592461039312, 6147639.677924015559256 ], [ 293433.391762236482464, 6146328.719565290957689 ], [ 293433.403214786900207, 6146328.34745257627219 ], [ 293433.438913432182744, 6146327.934914794750512 ], [ 293433.438649083080236, 6146327.887587102130055 ], [ 293433.44241240870906, 6146327.843046580441296 ], [ 293433.441218068241142, 6146327.74939036089927 ], [ 293433.448180577543098, 6146327.657862813211977 ], [ 293433.4474883438088, 6146327.627654091455042 ], [ 293433.449678429751657, 6146327.597982661798596 ], [ 293433.438818197173532, 6146327.190637618303299 ], [ 293433.451916316524148, 6146326.76505758985877 ], [ 293433.430606483889278, 6146326.447681958787143 ], [ 293433.428650523652323, 6146326.097497008740902 ], [ 293433.418878254422452, 6146325.997576207853854 ], [ 293433.417673360265326, 6146325.90309240296483 ], [ 293433.405423646094278, 6146325.791972495615482 ], [ 293433.402914805221371, 6146325.682487980462611 ], [ 293433.397409828961827, 6146325.637494675815105 ], [ 293433.396220607683063, 6146325.592889424413443 ], [ 293433.347690241644159, 6146325.212778091430664 ], [ 293433.32091590098571, 6146324.814017415978014 ], [ 293433.27775027154712, 6146324.554552004672587 ], [ 293433.249801285623107, 6146324.26877548918128 ], [ 293433.220871269935742, 6146324.117856460623443 ], [ 293433.205085786350537, 6146323.97466279566288 ], [ 293433.178402513905894, 6146323.847502767108381 ], [ 293433.162951679958496, 6146323.721219917759299 ], [ 293433.14972679130733, 6146323.662240623496473 ], [ 293433.142193238250911, 6146323.603234497830272 ], [ 293433.061325315677095, 6146323.253637573681772 ], [ 293433.000013261626009, 6146322.885095342993736 ], [ 293432.946182430023327, 6146322.684888942167163 ], [ 293432.903875299263746, 6146322.464185602962971 ], [ 293432.846361019997858, 6146322.265147904865444 ], [ 293432.806650154234376, 6146322.075904443860054 ], [ 293432.762342475994956, 6146321.934615234844387 ], [ 293432.730633334664162, 6146321.793201358057559 ], [ 293432.706906022387557, 6146321.721461513079703 ], [ 293432.690151364658959, 6146321.649030113592744 ], [ 293432.582537060952745, 6146321.332427380606532 ], [ 293432.492276002187282, 6146320.996730509214103 ], [ 293432.438983710948378, 6146320.855351191945374 ], [ 293432.393792361021042, 6146320.698959033936262 ], [ 293432.298632659483701, 6146320.455928109586239 ], [ 293432.226115777390078, 6146320.224684827961028 ], [ 293432.161242421192583, 6146320.071640343405306 ], [ 293432.110179363633506, 6146319.917250508442521 ], [ 293432.073347292433027, 6146319.834384211339056 ], [ 293432.044641688116826, 6146319.749931936152279 ], [ 293431.916023101424798, 6146319.467987050302327 ], [ 293431.802557734074071, 6146319.166974356397986 ], [ 293431.760770509194117, 6146319.082267481833696 ], [ 293431.723857838078402, 6146318.987995217554271 ], [ 293276.921360761509277, 6145971.555317024700344 ], [ 293276.041492861870211, 6145969.814318825490773 ], [ 293276.033903326489963, 6145969.802360438741744 ], [ 293276.027905147697311, 6145969.790444591082633 ], [ 293029.869592406728771, 6145537.969149872660637 ], [ 293029.856165969453286, 6145537.945633667521179 ], [ 292786.49502589716576, 6145112.371569977141917 ], [ 292740.582549118495081, 6144920.75382967479527 ], [ 292775.796377432765439, 6144730.455438602715731 ], [ 293044.351806812046561, 6144264.769396649673581 ], [ 293044.387944682210218, 6144264.698935711756349 ], [ 293044.430501513474155, 6144264.631677784025669 ], [ 293044.634876962983981, 6144264.225517213344574 ], [ 293044.861830578534864, 6144263.827588959597051 ], [ 293044.891737577796448, 6144263.760755900293589 ], [ 293044.927769079688005, 6144263.696442596614361 ], [ 293045.050565435783938, 6144263.416770302690566 ], [ 293045.187043231620919, 6144263.155865309759974 ], [ 293045.215031002124306, 6144263.086298408918083 ], [ 293045.249643368530087, 6144263.018811869435012 ], [ 293045.26316074776696, 6144262.98452029004693 ], [ 293045.279307496908586, 6144262.952897064387798 ], [ 293045.292981620819774, 6144262.917648954316974 ], [ 293045.310710787889548, 6144262.882415326312184 ], [ 293045.472991564834956, 6144262.461829788982868 ], [ 293045.658500539313536, 6144262.047273577190936 ], [ 293045.679818280041218, 6144261.983628538437188 ], [ 293045.706985255819745, 6144261.921754956245422 ], [ 293045.810142312082462, 6144261.6070791259408 ], [ 293045.929125043156091, 6144261.31133352778852 ], [ 293045.947172718821093, 6144261.249283699318767 ], [ 293045.971139415691141, 6144261.188483755104244 ], [ 293045.990296127856709, 6144261.121123747900128 ], [ 293046.015632849885151, 6144261.055458183400333 ], [ 293046.016218685253989, 6144261.053343820385635 ], [ 293046.016980494139716, 6144261.05138008762151 ], [ 293046.041663667652756, 6144260.961509260348976 ], [ 293046.134970133833122, 6144260.624752956442535 ], [ 293046.277968972281087, 6144260.197823727503419 ], [ 293046.291621267911978, 6144260.138349832966924 ], [ 293046.310757669212762, 6144260.07997512537986 ], [ 293046.388588385249022, 6144259.731649680994451 ], [ 293046.484400794724934, 6144259.402236424386501 ], [ 293046.494305925443769, 6144259.348893565125763 ], [ 293046.509313293034211, 6144259.296123738400638 ], [ 293046.520945427531842, 6144259.231713235378265 ], [ 293046.538509809935931, 6144259.168320881202817 ], [ 293046.546027510426939, 6144259.125132927671075 ], [ 293046.557154136826284, 6144259.0846211547032 ], [ 293046.621076123905368, 6144258.703136009164155 ], [ 293046.714344413951039, 6144258.296828630380332 ], [ 293046.72135951416567, 6144258.242357823066413 ], [ 293046.733415849157609, 6144258.188400614075363 ], [ 293046.780329149507452, 6144257.808550792746246 ], [ 293046.847382997395471, 6144257.447440570220351 ], [ 293046.851071473327465, 6144257.403709534555674 ], [ 293046.858957283722702, 6144257.36004351451993 ], [ 293046.863837652257644, 6144257.299365906044841 ], [ 293046.874328993668314, 6144257.239094873890281 ], [ 293046.880687324330211, 6144257.153781537897885 ], [ 293046.89421071583638, 6144257.073074206709862 ], [ 293046.916260143334512, 6144256.728994624689221 ], [ 293046.963476709090173, 6144256.362367727793753 ], [ 293046.964966510771774, 6144256.313570304773748 ], [ 293046.970990301982965, 6144256.264796587638557 ], [ 293046.981586225796491, 6144255.856310179457068 ], [ 293047.014484495157376, 6144255.466264151968062 ], [ 293047.013971514359582, 6144255.43275199085474 ], [ 293047.016688007221092, 6144255.398977842181921 ], [ 293047.015666246355977, 6144255.342692635953426 ], [ 293047.019870996940881, 6144255.28627510741353 ], [ 293047.016871162515599, 6144255.158967583440244 ], [ 293047.024644903314766, 6144255.0376589698717 ], [ 293047.013146887358744, 6144254.735455382615328 ], [ 293047.022996481449809, 6144254.412838738411665 ], [ 293047.020134744467214, 6144254.370215509086847 ], [ 293047.02124979137443, 6144254.327229026705027 ], [ 293046.990413337363862, 6144253.893736341968179 ], [ 293046.984053914493416, 6144253.478286060504615 ], [ 293046.981403782323468, 6144253.455294226296246 ], [ 293046.980979159532581, 6144253.431903254240751 ], [ 293046.974964830849785, 6144253.380538987927139 ], [ 293046.973740549641661, 6144253.328582717105746 ], [ 293046.953228012425825, 6144253.160601165145636 ], [ 293046.947100206976756, 6144252.999543397687376 ], [ 293046.910836734168697, 6144252.742311138659716 ], [ 293046.892337667348329, 6144252.466782685369253 ], [ 293046.886337552918121, 6144252.43065984454006 ], [ 293046.883722293481696, 6144252.393895052373409 ], [ 293046.806714592094067, 6144251.939737810753286 ], [ 293046.756391984410584, 6144251.503152404911816 ], [ 293046.753677347151097, 6144251.490673999302089 ], [ 293046.75217628251994, 6144251.477854433469474 ], [ 293046.742121364746708, 6144251.431803702376783 ], [ 293046.736379891226534, 6144251.384785548783839 ], [ 293046.690395364770666, 6144251.178626609966159 ], [ 293046.662383077898994, 6144250.979923527687788 ], [ 293046.610389604466036, 6144250.769354230724275 ], [ 293046.572742899355944, 6144250.542707565240562 ], [ 293046.564834150369279, 6144250.513234325684607 ], [ 293046.55969943018863, 6144250.482952024787664 ], [ 293046.4328576484113, 6144250.015400264412165 ], [ 293046.399624852638226, 6144249.863196680322289 ], [ 293046.333748564124107, 6144249.560382359661162 ], [ 293046.333009682013653, 6144249.558104450814426 ], [ 293046.332493420108221, 6144249.55574001185596 ], [ 293046.319374446815345, 6144249.515256675891578 ], [ 293046.310064531688113, 6144249.473518239334226 ], [ 293046.230991805961821, 6144249.23282431345433 ], [ 293046.17345452302834, 6144248.99980304390192 ], [ 293046.11481911293231, 6144248.836180068552494 ], [ 293046.067251688160468, 6144248.658912320621312 ], [ 293046.05865777580766, 6144248.636061322875321 ], [ 293046.052224338345695, 6144248.612347015179694 ], [ 293045.875400075572543, 6144248.145213199779391 ], [ 293045.725991693907417, 6144247.684159607626498 ], [ 293045.722763035853859, 6144247.676767327822745 ], [ 293045.720300409302581, 6144247.669175265356898 ], [ 293045.708332555950619, 6144247.641872366890311 ], [ 293045.698881436488591, 6144247.613103571347892 ], [ 293045.579589666042011, 6144247.342614414170384 ], [ 293045.485399311699439, 6144247.079774843528867 ], [ 293045.429066052485723, 6144246.961992679163814 ], [ 293045.380671515478753, 6144246.833312815986574 ], [ 293045.372587078891229, 6144246.816883306019008 ], [ 293045.366063089692034, 6144246.799648250453174 ], [ 293045.138184351322707, 6144246.338326079770923 ], [ 293044.938540005125105, 6144245.881223836913705 ], [ 293044.929479153302964, 6144245.865032776258886 ], [ 293044.922109894978348, 6144245.848220895975828 ], [ 293044.914798954559956, 6144245.835228968411684 ], [ 293044.908689845993649, 6144245.821376817300916 ], [ 293044.742667900514789, 6144245.526864284649491 ], [ 293044.605373094789684, 6144245.239806876517832 ], [ 293044.559951924951747, 6144245.165414175018668 ], [ 293044.51953211199725, 6144245.083271441049874 ], [ 293044.513101001211908, 6144245.072895131073892 ], [ 293044.507659928931389, 6144245.061880118213594 ], [ 293044.228238555428106, 6144244.611968553625047 ], [ 293043.977758243272547, 6144244.164379068650305 ], [ 293043.961283657758031, 6144244.14073757827282 ], [ 293043.947065104730427, 6144244.115514756180346 ], [ 292881.7227776357322, 6143986.675313808955252 ], [ 292880.536277631996199, 6143984.991395142860711 ], [ 292880.446749265654944, 6143984.888668031431735 ], [ 292880.446749264374375, 6143984.888668029569089 ], [ 292880.377358975936659, 6143984.791510419920087 ], [ 292879.97344544401858, 6143984.345587253570557 ], [ 292879.182862402871251, 6143983.438452274538577 ], [ 292878.98180426628096, 6143983.250808943994343 ], [ 292878.82327521534171, 6143983.075791840441525 ], [ 292813.288550729223061, 6143918.647473129443824 ], [ 292811.926398979267105, 6143917.425699554383755 ], [ 292811.843867615272757, 6143917.364302402362227 ], [ 292811.775131928443443, 6143917.303251213394105 ], [ 292811.622349919285625, 6143917.193020076490939 ], [ 292811.504543413466308, 6143917.090184913016856 ], [ 292811.149034338071942, 6143916.847398492507637 ], [ 292810.458284774213098, 6143916.333532560616732 ], [ 292810.281545914593153, 6143916.225639487616718 ], [ 292810.133590309415013, 6143916.118890566751361 ], [ 292809.801100499986205, 6143915.926859317347407 ], [ 292809.548975445213728, 6143915.754676541313529 ], [ 292554.702644117816817, 6143763.013699258677661 ], [ 292424.201539497473277, 6143655.599014768376946 ], [ 292339.182728094398044, 6142737.421361122280359 ], [ 292339.179730377101805, 6142737.400216006673872 ], [ 292339.178738890041132, 6142737.378774974495173 ], [ 292339.161471622588579, 6142737.258620301261544 ], [ 292339.154182278609369, 6142737.135459368117154 ], [ 292339.018585265497677, 6142736.263540470041335 ], [ 292338.910535133152734, 6142735.501383051276207 ], [ 292338.906621064932551, 6142735.485236899927258 ], [ 292338.904245972982608, 6142735.468709768727422 ], [ 292338.878671680402476, 6142735.363865054212511 ], [ 292338.861820839287248, 6142735.255510404706001 ], [ 292338.636915182927623, 6142734.372657434083521 ], [ 292338.453681704762857, 6142733.616790324449539 ], [ 292338.449780922674108, 6142733.605578724294901 ], [ 292338.446953805396333, 6142733.593988636508584 ], [ 292338.415834479616024, 6142733.504819075576961 ], [ 292338.39215010375483, 6142733.411847551353276 ], [ 292338.075688277545851, 6142732.530161467380822 ], [ 292338.052596086345147, 6142732.463992920704186 ], [ 292337.81646269391058, 6142731.785300020128489 ], [ 292337.813479615200777, 6142731.778826699592173 ], [ 292337.811119429185055, 6142731.772063803859055 ], [ 292337.777198852447327, 6142731.698547823354602 ], [ 292337.749420220497996, 6142731.621154497377574 ], [ 292337.339130601205397, 6142730.749123604036868 ], [ 292337.20679867832223, 6142730.46232096105814 ], [ 292337.004868604126386, 6142730.024130001664162 ], [ 292337.003665763826575, 6142730.022071505896747 ], [ 292337.00266197824385, 6142730.019896004348993 ], [ 292336.968617224541958, 6142729.961633266881108 ], [ 292336.939447385957465, 6142729.899635597132146 ], [ 292336.431369153258856, 6142729.042209865525365 ], [ 292336.029107575945091, 6142728.353796584531665 ], [ 292336.027719610370696, 6142728.35187420155853 ], [ 292336.02652924117865, 6142728.349837048910558 ], [ 292335.996355858282186, 6142728.308087503537536 ], [ 292335.969561213161796, 6142728.262869234196842 ], [ 292335.356392341491301, 6142727.422061495482922 ], [ 292334.899519272497855, 6142726.789275662973523 ], [ 292334.894802551425528, 6142726.783917997032404 ], [ 292334.890641985170078, 6142726.778161210007966 ], [ 292334.868581150716636, 6142726.753150461241603 ], [ 292334.848538404039573, 6142726.725666847079992 ], [ 292334.112933874188457, 6142725.895802969112992 ], [ 292333.624412675038911, 6142725.340897738002241 ], [ 292333.615721467474941, 6142725.332761797122657 ], [ 292333.607885325793177, 6142725.323877828195691 ], [ 292333.596789136645384, 6142725.313520157709718 ], [ 292333.586523327452596, 6142725.301938901655376 ], [ 292332.672033295326401, 6142724.449364290572703 ], [ 292332.215658055036329, 6142724.022146104834974 ], [ 292332.204956268426031, 6142724.013910649344325 ], [ 292332.194936220766976, 6142724.004569008015096 ], [ 292332.19251152058132, 6142724.002705724909902 ], [ 292332.190318473905791, 6142724.000658638775349 ], [ 292332.003582827514037, 6142723.857521736994386 ], [ 292330.68636984564364, 6142722.845297336578369 ], [ 292142.805711987835821, 6142592.193914699368179 ], [ 292219.614473245630506, 6142377.754787992686033 ], [ 292418.739789832092356, 6142044.689964774996042 ], [ 292419.663142372912262, 6142042.957817547023296 ], [ 292420.412252514855936, 6142041.143500064499676 ], [ 292420.979904615553096, 6142039.264488349668682 ], [ 292421.360630888317246, 6142037.338881578296423 ], [ 292421.550764069135766, 6142035.385227742604911 ], [ 292421.548472741153091, 6142033.422344994731247 ], [ 292421.353778975026216, 6142031.469140379689634 ], [ 292420.968558116641361, 6142029.544427718967199 ], [ 292420.39652072294848, 6142027.666746395640075 ], [ 292419.643176821118686, 6142025.854182769544423 ], [ 292418.715782834158745, 6142024.12419596966356 ], [ 292417.623271685151849, 6142022.493449723348022 ], [ 292416.376166752597783, 6142020.977651841007173 ], [ 292414.986480506486259, 6142019.591402919963002 ], [ 292413.467598800489213, 6142018.348055705428123 ], [ 292411.834151935821865, 6142017.259586471132934 ], [ 291803.497504841419868, 6141653.678069239482284 ], [ 291584.615972690284252, 6141460.295836674049497 ], [ 291552.017903017287608, 6141399.806054657325149 ], [ 291493.064885171013884, 6140402.578870374709368 ], [ 291492.843422186386306, 6140400.567426244728267 ], [ 291492.419835578417405, 6140398.58865699917078 ], [ 291491.798461765574757, 6140396.662820057012141 ], [ 291490.985661989892833, 6140394.809630949981511 ], [ 291489.989757194125559, 6140393.048061484470963 ], [ 291488.820942837512121, 6140391.396145523525774 ], [ 291487.491184520651586, 6140389.870794364251196 ], [ 291486.014095489284955, 6140388.487623609602451 ], [ 291484.404797270020936, 6140387.260793310590088 ], [ 291482.679764865839388, 6140386.202862997539341 ], [ 291278.161386088060681, 6140274.602333825081587 ], [ 291276.246830995311029, 6140273.685920480638742 ], [ 291274.245937158935703, 6140272.977571359835565 ], [ 291272.181241319398396, 6140272.485264837741852 ], [ 291270.075998840795364, 6140272.214545928873122 ], [ 291267.953921777720097, 6140272.168463830836117 ], [ 291265.838911798375193, 6140272.347537582740188 ], [ 290657.733946074906271, 6140356.527610328048468 ], [ 290386.16025405615801, 6140259.276691469363868 ], [ 290303.497980456158984, 6140180.956146304495633 ], [ 290302.130865924758837, 6140179.773383135907352 ], [ 290300.662538641539868, 6140178.718894708901644 ], [ 290299.104994586785324, 6140177.801296010613441 ], [ 290297.470958626247011, 6140177.02808366343379 ], [ 290295.77378055115696, 6140176.405574678443372 ], [ 290294.027326013019774, 6140175.93885484803468 ], [ 289929.941631750843953, 6140096.077810948714614 ], [ 289929.878964703297243, 6140096.066957612521946 ], [ 289929.823189136281144, 6140096.052206769585609 ], [ 289929.342525909421965, 6140095.974051523022354 ], [ 289929.141213325900026, 6140095.939186100848019 ], [ 289928.594769288378302, 6140095.830377042293549 ], [ 289928.479216919979081, 6140095.818977291695774 ], [ 289928.355580997478683, 6140095.796327692456543 ], [ 289928.27412340225419, 6140095.789014385081828 ], [ 289928.19076793739805, 6140095.774578012526035 ], [ 289928.03789063350996, 6140095.761919439770281 ], [ 289927.901983327814378, 6140095.739821080118418 ], [ 289927.327797817008104, 6140095.703122213482857 ], [ 289927.194450815848541, 6140095.692080792039633 ], [ 289927.177697709586937, 6140095.690576689317822 ], [ 289926.640743928728625, 6140095.637603833340108 ], [ 289926.587599986698478, 6140095.637597394175828 ], [ 289926.53063520800788, 6140095.632483065128326 ], [ 289926.476077922561672, 6140095.632597956806421 ], [ 289926.41989994479809, 6140095.627946298569441 ], [ 289926.175546177546494, 6140095.629476451314986 ], [ 289925.959509973588865, 6140095.615668572485447 ], [ 289925.403826732072048, 6140095.634308986365795 ], [ 289925.272209138667677, 6140095.635133180767298 ], [ 289924.698353213490918, 6140095.636341662146151 ], [ 289924.687446938594803, 6140095.637367156334221 ], [ 289924.677232645452023, 6140095.63736591860652 ], [ 289924.661030102637596, 6140095.638960406184196 ], [ 289924.643006448459346, 6140095.639073271304369 ], [ 289924.307563073118217, 6140095.671083189547062 ], [ 289924.014167290413752, 6140095.680925161577761 ], [ 289923.512906751304399, 6140095.746913824230433 ], [ 289922.874113687314093, 6140095.80787109863013 ], [ 289783.962263371679001, 6140115.323449979536235 ], [ 289547.396093813935295, 6140074.811234996654093 ], [ 289531.870676475518849, 6140064.852155434899032 ], [ 289182.467954549822025, 6139783.879729615524411 ], [ 289215.0102965082624, 6139799.688985005021095 ], [ 289408.768120520107914, 6139911.899001969955862 ], [ 289409.157589421607554, 6139912.104733982123435 ], [ 289409.374116904218681, 6139912.236058383248746 ], [ 289409.566647916159127, 6139912.325601044110954 ], [ 289409.835632391972467, 6139912.474726913496852 ], [ 289409.985583795176353, 6139912.542111518792808 ], [ 289410.145290689950343, 6139912.626474662683904 ], [ 289410.885368923598435, 6139912.946453620679677 ], [ 289411.365424374002032, 6139913.162179157137871 ], [ 289752.506526366109028, 6140049.574118930846453 ], [ 289754.359886960999575, 6140050.211788665503263 ], [ 289754.371154958440457, 6140050.214466669596732 ], [ 289754.381980484526139, 6140050.218184354715049 ], [ 289754.474569670797791, 6140050.240020856261253 ], [ 289754.556448090705089, 6140050.267725021578372 ], [ 289755.127896623394918, 6140050.394317401573062 ], [ 289756.266764101805165, 6140050.66498592402786 ], [ 289756.289717094099615, 6140050.668110478669405 ], [ 289756.311995826603379, 6140050.673364759422839 ], [ 289756.501462204440031, 6140050.6986019089818 ], [ 289756.669310642115306, 6140050.735785192809999 ], [ 289757.28629486070713, 6140050.803773037157953 ], [ 289758.208844292268623, 6140050.929358234629035 ], [ 289758.24356872914359, 6140050.930652594193816 ], [ 289758.277599625405855, 6140050.935185550712049 ], [ 290811.810942976910155, 6140138.396569283679128 ], [ 290812.349212353234179, 6140138.41416824515909 ], [ 290813.205604156071786, 6140138.46344368159771 ], [ 290813.358413020556327, 6140138.45863239467144 ], [ 290813.486965921358205, 6140138.465122214518487 ], [ 290813.648174280766398, 6140138.456638392992318 ], [ 290813.814770054188557, 6140138.462085317820311 ], [ 290814.306799624231644, 6140138.428771827369928 ], [ 290814.983142999815755, 6140138.407476716674864 ], [ 290815.291588886233512, 6140138.370151339098811 ], [ 290815.543584191414993, 6140138.356889723800123 ], [ 290815.676560762629379, 6140138.336030399426818 ], [ 290815.815088256611489, 6140138.326651218347251 ], [ 290816.224565028271172, 6140138.257250864990056 ], [ 290816.748682679084595, 6140138.193826808594167 ], [ 290817.215635808650404, 6140138.094603918492794 ], [ 290817.57816853816621, 6140138.037735345773399 ], [ 290817.682325812056661, 6140138.010181626304984 ], [ 290817.7917963101645, 6140137.991627969779074 ], [ 290818.104002277017571, 6140137.90583488997072 ], [ 290818.488263174716849, 6140137.824183275923133 ], [ 291784.403426841075998, 6139887.219346463680267 ], [ 291786.194040144851897, 6139886.663998416624963 ], [ 291786.35654062993126, 6139886.596343641169369 ], [ 291786.495497929223347, 6139886.55201914254576 ], [ 291993.319625191448722, 6139807.827344119548798 ], [ 291995.125048742222134, 6139807.036199807189405 ], [ 291996.843824873620179, 6139806.071175386197865 ], [ 291998.459257980808616, 6139804.941644777543843 ], [ 291999.95565629779594, 6139803.658579853363335 ], [ 292001.318484321876895, 6139802.23444387037307 ], [ 292002.534504006558564, 6139800.68307039886713 ], [ 292003.591903351654764, 6139799.019528951495886 ], [ 292004.480411140597425, 6139797.259978602640331 ], [ 292005.19139671191806, 6139795.421511024236679 ], [ 292005.717953794344794, 6139793.521984461694956 ], [ 292006.054967592062894, 6139791.57985026948154 ], [ 292006.199164468038362, 6139789.613973675295711 ], [ 292006.149143743037712, 6139787.643450534902513 ], [ 292005.905391301203053, 6139785.687421835958958 ], [ 292005.470274870749563, 6139783.764887776225805 ], [ 292004.84802102408139, 6139781.894523193128407 ], [ 292004.044674122822471, 6139780.094496171921492 ], [ 292003.06803760456387, 6139778.382291560061276 ], [ 291382.3808484779438, 6138805.033378926105797 ], [ 291381.221388269856106, 6138803.40147318597883 ], [ 291379.904598102264572, 6138801.893650923855603 ], [ 291378.443670449254569, 6138800.525018499232829 ], [ 291376.853241849516053, 6138799.309287777170539 ], [ 291375.149246267683338, 6138798.258638750761747 ], [ 291373.348755457438529, 6138797.383597515523434 ], [ 291371.469807925517671, 6138796.692930814810097 ], [ 291369.531228209962137, 6138796.193558202125132 ], [ 291367.552438283280935, 6138795.890482722781599 ], [ 291033.169707250839565, 6138761.693924964405596 ], [ 290977.134658903814852, 6138493.973680159077048 ], [ 290977.094785446824972, 6138493.819601802155375 ], [ 290977.068395910318941, 6138493.668960502371192 ], [ 290976.87883856985718, 6138492.985143430531025 ], [ 290976.664775541285053, 6138492.157964595593512 ], [ 290976.599547759979032, 6138491.977618091739714 ], [ 290976.55040068377275, 6138491.800322875380516 ], [ 290976.301974779635202, 6138491.15486671961844 ], [ 290976.026874073257204, 6138490.39424832072109 ], [ 290975.931090110098012, 6138490.191240184940398 ], [ 290975.853878961584996, 6138489.990631430409849 ], [ 290975.553842600027565, 6138489.391687614843249 ], [ 290975.226564226613846, 6138488.698041513562202 ], [ 290975.095489848114084, 6138488.476706694811583 ], [ 290974.985378266719636, 6138488.256897834129632 ], [ 290974.641590348270256, 6138487.710242914035916 ], [ 290974.270883952907752, 6138487.084260675124824 ], [ 290974.100340096978471, 6138486.849604430608451 ], [ 290973.953062778280582, 6138486.615419729612768 ], [ 290646.919782009907067, 6138018.593803611584008 ], [ 290668.215544024307746, 6137983.113561062142253 ], [ 290669.154130308132153, 6137981.357151780277491 ], [ 290669.913389484223444, 6137979.516107706353068 ], [ 290670.485793653875589, 6137977.608682413585484 ], [ 290670.865667547448538, 6137975.653787633404136 ], [ 290671.049244793248363, 6137973.670805743895471 ], [ 290671.034705260768533, 6137971.679397603496909 ], [ 290670.822193106403574, 6137969.699307614937425 ], [ 290670.413815344509203, 6137967.750167963095009 ], [ 290669.813620956556406, 6137965.851303967647254 ], [ 290669.027560746704694, 6137964.021542473696172 ], [ 290668.06342834001407, 6137962.279025190509856 ], [ 290542.394549396412913, 6137759.670358657836914 ], [ 290740.18560399801936, 6137010.317854442633688 ], [ 290740.364012432226446, 6137009.481936629861593 ], [ 290740.560287857486401, 6137008.593199976719916 ], [ 290740.569228601758368, 6137008.520413413643837 ], [ 290740.584458230936434, 6137008.449056258425117 ], [ 290740.586786093481351, 6137008.428848790004849 ], [ 290740.590923016599845, 6137008.409369677305222 ], [ 290740.66041725105606, 6137007.789679048582911 ], [ 290740.681970058532897, 6137007.602585664950311 ], [ 290740.792177331692073, 6137006.705388695932925 ], [ 290740.794284390576649, 6137006.627619021572173 ], [ 290740.803142647549976, 6137006.550723180174828 ], [ 290740.803920251666568, 6137006.510041027329862 ], [ 290740.808357531961519, 6137006.470473125576973 ], [ 290740.818671017128509, 6137005.738320686854422 ], [ 290740.819371320947539, 6137005.701682675629854 ], [ 290740.843690418405458, 6137004.804086362011731 ], [ 290740.838096840248909, 6137004.722013915888965 ], [ 290740.839660937199369, 6137004.640184573829174 ], [ 290740.834997355530504, 6137004.579316888935864 ], [ 290740.835838329687249, 6137004.519616285338998 ], [ 290740.773730044602416, 6137003.777584387920797 ], [ 290740.714361232647207, 6137002.906488374806941 ], [ 290740.700271351146512, 6137002.82091305591166 ], [ 290740.693679734307807, 6137002.734881228767335 ], [ 290740.679741941450629, 6137002.654671875759959 ], [ 290740.67310388898477, 6137002.575364474207163 ], [ 290740.541518728481606, 6137001.856724227778614 ], [ 290740.405359428958036, 6137001.029756627976894 ], [ 290740.382063711876981, 6137000.941590141505003 ], [ 290740.366531661711633, 6137000.852206139825284 ], [ 290740.339614641154185, 6137000.754043634049594 ], [ 290740.321702871238813, 6137000.656220151111484 ], [ 290740.12527989060618, 6136999.969749386422336 ], [ 290739.919479622854851, 6136999.190864305011928 ], [ 290739.886368658393621, 6136999.101120674051344 ], [ 290739.861203165201005, 6136999.009345737285912 ], [ 290739.817798457632307, 6136998.895144908688962 ], [ 290739.784979382064193, 6136998.780446843244135 ], [ 290739.529321451322176, 6136998.133383454754949 ], [ 290739.261116116424091, 6136997.406442366540432 ], [ 290739.217693539627362, 6136997.316226799041033 ], [ 290739.182307251438033, 6136997.223122994415462 ], [ 290739.119169008510653, 6136997.095298586413264 ], [ 290739.068041147314943, 6136996.965895336121321 ], [ 290738.759448588010855, 6136996.364168416708708 ], [ 290738.436223155993503, 6136995.692629143595695 ], [ 290738.382117339933757, 6136995.603125394321978 ], [ 290738.33604137680959, 6136995.509843851439655 ], [ 290738.250249006901868, 6136995.371276379562914 ], [ 290738.177710905438289, 6136995.229833797551692 ], [ 290737.822983362711966, 6136994.678186249919236 ], [ 290737.452261082129553, 6136994.064924378879368 ], [ 290737.387235400499776, 6136993.977380698546767 ], [ 290737.330130872607697, 6136993.885148369707167 ], [ 290737.219147423107643, 6136993.739142687991261 ], [ 290737.122461478866171, 6136993.588783446699381 ], [ 290736.728734800999518, 6136993.09084534086287 ], [ 290736.318128857994452, 6136992.538049053400755 ], [ 290736.242090405081399, 6136992.453762956894934 ], [ 290736.173758422548417, 6136992.363867952488363 ], [ 290736.035483862331603, 6136992.214105006307364 ], [ 290735.912335142493248, 6136992.058361330069602 ], [ 290735.486938315094449, 6136991.616701980121434 ], [ 290735.044083587301429, 6136991.125812242738903 ], [ 290734.9570901664556, 6136991.046114186756313 ], [ 290734.877480236697011, 6136990.959889955818653 ], [ 290734.710298911086284, 6136990.81037237867713 ], [ 290734.558848056243733, 6136990.653131699189544 ], [ 290734.109173158125486, 6136990.269304440356791 ], [ 290733.64164774864912, 6136989.840986231341958 ], [ 290133.081985638942569, 6136490.031437282450497 ], [ 290132.947586526453961, 6136489.931210361421108 ], [ 290132.813686337787658, 6136489.812054680660367 ], [ 290131.945600635779556, 6136489.183988453820348 ], [ 290131.372979490668513, 6136488.756961419247091 ], [ 290131.276555184915196, 6136488.699929275549948 ], [ 290131.179926065728068, 6136488.630017415620387 ], [ 290130.083475727878977, 6136487.994257835671306 ], [ 290129.538023051864002, 6136487.671638606116176 ], [ 290129.486944975564256, 6136487.648368808440864 ], [ 290129.43544115498662, 6136487.618505124002695 ], [ 290127.597965972556267, 6136486.787800799123943 ], [ 289946.037427130970173, 6136415.497645164839923 ], [ 289947.221057439805008, 6136243.094573977403343 ], [ 289947.21689711464569, 6136243.000015696510673 ], [ 289947.221438596840017, 6136242.897209382615983 ], [ 289947.171058297681157, 6136241.893504700623453 ], [ 289947.160113809572067, 6136241.391117282211781 ], [ 289947.139399461389985, 6136241.238604109734297 ], [ 289947.131718839751557, 6136241.064034488983452 ], [ 289947.128229489608202, 6136241.040245073847473 ], [ 289947.126927440054715, 6136241.014304909855127 ], [ 289946.855543797311839, 6136239.148664930835366 ], [ 289820.714570731681306, 6135588.869808649644256 ], [ 289820.615060513839126, 6135588.464539792388678 ], [ 289820.540921747917309, 6135588.063852412626147 ], [ 289820.523639980936423, 6135588.004356720484793 ], [ 289820.511741974158213, 6135587.942484734579921 ], [ 289820.366821928007994, 6135587.453554484993219 ], [ 289820.245688700524624, 6135586.960222988389432 ], [ 289820.227050295448862, 6135586.907387278974056 ], [ 289820.214289055380505, 6135586.856019319035113 ], [ 289820.091730770014692, 6135586.517429044470191 ], [ 289819.984764500695746, 6135586.149177796207368 ], [ 289819.967421655834187, 6135586.106060610152781 ], [ 289819.953994231880642, 6135586.060759260319173 ], [ 289819.761156564461999, 6135585.586682760156691 ], [ 289819.591558038722724, 6135585.105908874422312 ], [ 289819.544011718477122, 6135585.004252325743437 ], [ 289819.508050475385971, 6135584.90490263979882 ], [ 289819.367960862058681, 6135584.615701752714813 ], [ 289819.240732983977068, 6135584.2993921674788 ], [ 289819.226364020898473, 6135584.271936627104878 ], [ 289819.214496536238585, 6135584.242761333473027 ], [ 289818.975264082604554, 6135583.788239785470068 ], [ 289818.758501520496793, 6135583.324789958074689 ], [ 289818.672402319731191, 6135583.179791249334812 ], [ 289818.603456995333545, 6135583.037460576742887 ], [ 289818.454684055002872, 6135582.797446767799556 ], [ 289818.316221549932379, 6135582.532879111357033 ], [ 289818.307704495382495, 6135582.519932695664465 ], [ 289818.300370200595353, 6135582.505998152308166 ], [ 289818.016727493784856, 6135582.075576553121209 ], [ 289817.754571403027512, 6135581.634082390926778 ], [ 289817.621074351831339, 6135581.452593060210347 ], [ 289817.510245725512505, 6135581.27379441075027 ], [ 289817.362978365039453, 6135581.083526560105383 ], [ 289817.220418200537097, 6135580.867194631136954 ], [ 289445.551332926435862, 6135072.986583380959928 ], [ 289444.371296798228286, 6135071.523629804141819 ], [ 289443.059138534008525, 6135070.177910992875695 ], [ 289148.401391768886242, 6134795.114870355464518 ], [ 289148.360209109436255, 6134795.079922148957849 ], [ 289148.324160423595458, 6134795.043154772371054 ], [ 289147.839842112036422, 6134794.638331108726561 ], [ 289147.700293736881576, 6134794.519908318296075 ], [ 289147.696825881255791, 6134794.516928052529693 ], [ 289147.226705587527249, 6134794.100670928135514 ], [ 288958.595220588555094, 6134643.609191495925188 ], [ 289162.73458382638637, 6134003.183582776226103 ], [ 289162.875948529690504, 6134002.646327829919755 ], [ 289163.052909084130079, 6134002.075522094033659 ], [ 289163.106821135384962, 6134001.811223448254168 ], [ 289163.181872958492022, 6134001.542067016474903 ], [ 289163.213365195377264, 6134001.363979631103575 ], [ 289163.256327451381367, 6134001.200702066533267 ], [ 289163.337460128823295, 6134000.680537968873978 ], [ 289163.450086307129823, 6134000.12839896325022 ], [ 289163.475027723703533, 6133999.884288126602769 ], [ 289163.519237737287767, 6133999.634282205253839 ], [ 289163.537964678893331, 6133999.395047686994076 ], [ 289163.572314209188335, 6133999.174823321402073 ], [ 289163.598230635107029, 6133998.678455825895071 ], [ 289163.652073869889136, 6133998.151472242549062 ], [ 289163.652608053816948, 6133997.930491800419986 ], [ 289163.670430940750521, 6133997.702806476503611 ], [ 289163.66480481257895, 6133997.403385804966092 ], [ 289163.679223053622991, 6133997.127238691784441 ], [ 289163.655678141280077, 6133996.660462477244437 ], [ 289163.656877630972303, 6133996.164259331300855 ], [ 289163.637845872319303, 6133995.96863997168839 ], [ 289163.634033825539518, 6133995.765764110721648 ], [ 289163.592536785872653, 6133995.408689590170979 ], [ 289163.575930363964289, 6133995.079468455165625 ], [ 289163.509273643430788, 6133994.647100668400526 ], [ 289163.464450164639857, 6133994.186379177495837 ], [ 289163.430874651588965, 6133994.01761616487056 ], [ 289163.410387929354329, 6133993.84133162535727 ], [ 289163.321739941253327, 6133993.430666210129857 ], [ 289163.263521754881367, 6133993.05303484480828 ], [ 289163.16055046254769, 6133992.658866277895868 ], [ 289163.076691229653079, 6133992.237358592450619 ], [ 289163.033676470746286, 6133992.096200451254845 ], [ 289163.001591865671799, 6133991.947567211464047 ], [ 289162.854894664953463, 6133991.488832329399884 ], [ 289162.745280665985774, 6133991.06923583894968 ], [ 289162.613091551582329, 6133990.716000097803771 ], [ 289162.49742901296122, 6133990.336439468897879 ], [ 289162.450063128140755, 6133990.222888969816267 ], [ 289162.411481631628703, 6133990.10224128048867 ], [ 289162.196322141215205, 6133989.602308914065361 ], [ 289162.026653853012249, 6133989.148921327665448 ], [ 289161.872495211660862, 6133988.838282187469304 ], [ 289161.732382336282171, 6133988.502388810738921 ], [ 289161.685639649862424, 6133988.41571609210223 ], [ 289161.645594611938577, 6133988.322669717483222 ], [ 289161.35207842226373, 6133987.789610359817743 ], [ 289161.115194141864777, 6133987.312273970805109 ], [ 289160.946319776237942, 6133987.044830759987235 ], [ 289160.789104196010157, 6133986.75331346038729 ], [ 289160.747750584268942, 6133986.692081091925502 ], [ 289160.7111176183098, 6133986.625551387667656 ], [ 289160.329774764599279, 6133986.068419821560383 ], [ 289160.020481047686189, 6133985.578597079962492 ], [ 289159.844008011685219, 6133985.353907813318074 ], [ 289159.676907195767853, 6133985.106481329537928 ], [ 289159.645409530261531, 6133985.068580777384341 ], [ 289159.616819450748153, 6133985.026811446994543 ], [ 289159.138255249883514, 6133984.455328209325671 ], [ 289158.75402009364916, 6133983.966111740097404 ], [ 289158.576792080479208, 6133983.782733384519815 ], [ 289158.40677160670748, 6133983.578150928020477 ], [ 289158.389212659327313, 6133983.560849925503135 ], [ 289158.372968614508864, 6133983.541451903060079 ], [ 289157.786940279765986, 6133982.96547136362642 ], [ 289157.329121886636131, 6133982.491765302605927 ], [ 288755.726296997687314, 6133607.481182570569217 ], [ 288862.329474983154796, 6133410.460848459973931 ], [ 288863.165947169007268, 6133408.718708539381623 ], [ 288863.830372585100122, 6133406.903969967737794 ], [ 288864.316547595604789, 6133405.033576672896743 ], [ 288864.619932860834524, 6133403.124992223456502 ], [ 288864.737695720163174, 6133401.196036772802472 ], [ 288864.668736640247516, 6133399.264720676466823 ], [ 288864.413699481228832, 6133397.349076328799129 ], [ 288863.974965485045686, 6133395.466989801265299 ], [ 288863.356631042086519, 6133393.636033838614821 ], [ 288862.564469444041606, 6133391.873303790576756 ], [ 288861.605876979418099, 6133390.19525799062103 ], [ 288860.489803875738289, 6133388.617564089596272 ], [ 288637.960901002225, 6133104.255589753389359 ], [ 288718.635976324323565, 6132993.047329190187156 ], [ 288719.223307650536299, 6132992.143642627634108 ], [ 288719.728767130291089, 6132991.370378888212144 ], [ 288719.739867531810887, 6132991.348847249522805 ], [ 288719.753121848218143, 6132991.32845373917371 ], [ 288720.253255827410612, 6132990.353019203990698 ], [ 288720.671839498449117, 6132989.541085307486355 ], [ 288720.679197023506276, 6132989.522286300547421 ], [ 288720.688444619940128, 6132989.504250283353031 ], [ 288721.095090588030871, 6132988.459648245945573 ], [ 288721.421926197363064, 6132987.624559691175818 ], [ 288721.426235586055554, 6132987.60899493470788 ], [ 288721.432117794989608, 6132987.593884573318064 ], [ 288721.739422431332059, 6132986.477818936109543 ], [ 288721.971084370510653, 6132985.641096610575914 ], [ 288721.973099669849034, 6132985.62915248144418 ], [ 288721.976328069751617, 6132985.617427613586187 ], [ 288722.178144286386669, 6132984.413908985443413 ], [ 288722.313498844043352, 6132983.611699453555048 ], [ 288722.314016958524007, 6132983.603640640154481 ], [ 288722.315357771120034, 6132983.595644786022604 ], [ 288722.401873935363255, 6132982.237102796323597 ], [ 288722.445543705078308, 6132981.557858016341925 ], [ 288722.445387294632383, 6132981.553823247551918 ], [ 288722.445644928549882, 6132981.549777685664594 ], [ 288722.365820697334129, 6132979.501320942305028 ], [ 288683.644980288983788, 6132551.488868261687458 ], [ 288683.401200667140074, 6132549.699295442551374 ], [ 288683.375901618856005, 6132549.589126230217516 ], [ 288683.361913594242651, 6132549.490368353202939 ], [ 288683.234772023104597, 6132548.97455226816237 ], [ 288682.996972451917827, 6132547.939011678099632 ], [ 288682.926128263119608, 6132547.722377902828157 ], [ 288682.878852098889183, 6132547.530577489174902 ], [ 288682.693209311575629, 6132547.010137244127691 ], [ 288682.435592123772949, 6132546.222372081130743 ], [ 288682.298969780211337, 6132545.904906486161053 ], [ 288682.200715939630754, 6132545.629456770606339 ], [ 288681.985690292902291, 6132545.176947527565062 ], [ 288681.721637738402933, 6132544.563375843688846 ], [ 288681.498692081018817, 6132544.152087491005659 ], [ 288681.334412151423749, 6132543.806369722820818 ], [ 288681.114171999448445, 6132543.442727941088378 ], [ 288680.8609315927024, 6132542.975552078336477 ], [ 288680.529694617725909, 6132542.477688666433096 ], [ 288680.288764316821471, 6132542.079885073006153 ], [ 288680.085290600778535, 6132541.809730325825512 ], [ 288679.860492744017392, 6132541.471849484369159 ], [ 288601.039350477512926, 6132433.872689060866833 ], [ 288546.719326166377869, 6131893.793389683589339 ], [ 288546.605686766852159, 6131893.024878537282348 ], [ 288546.519027108966839, 6131892.33978574629873 ], [ 288546.47634808300063, 6131892.150197566486895 ], [ 288546.446965594834182, 6131891.951492101885378 ], [ 288546.254732718574814, 6131891.165740855038166 ], [ 288546.099284296040423, 6131890.475210018455982 ], [ 288546.046244802419096, 6131890.313547185622156 ], [ 288546.00449734198628, 6131890.142904578708112 ], [ 288545.728801538585685, 6131889.345989355817437 ], [ 288545.503479254315607, 6131888.659213590435684 ], [ 288545.444965149799827, 6131888.525543282739818 ], [ 288545.395756243553478, 6131888.383301993831992 ], [ 288545.031498121970799, 6131887.581014350056648 ], [ 288544.73705291521037, 6131886.908380262553692 ], [ 288544.6778499566135, 6131886.802095401100814 ], [ 288544.626018208451569, 6131886.68793467618525 ], [ 288544.167034905869514, 6131885.88504820689559 ], [ 288543.807004335103557, 6131885.2386987619102 ], [ 288543.75171444035368, 6131885.158539899624884 ], [ 288543.701954492658842, 6131885.071496235206723 ], [ 288543.138905800937209, 6131884.270094672217965 ], [ 288542.721826779772528, 6131883.665416731499135 ], [ 288542.674787797383033, 6131883.609503680840135 ], [ 288542.631573880149517, 6131883.547996209934354 ], [ 288541.94549487932818, 6131882.742627101019025 ], [ 288541.491430162859615, 6131882.202901487238705 ], [ 288541.456640228512697, 6131882.168774186633527 ], [ 288541.42415327130584, 6131882.130638648755848 ], [ 288540.558376004744787, 6131881.287618941627443 ], [ 288540.127050548442639, 6131880.864508816041052 ], [ 288540.108098031370901, 6131880.849176838062704 ], [ 288540.090157280908898, 6131880.831707673147321 ], [ 288538.64114754187176, 6131879.662461009807885 ], [ 288146.498857437749393, 6131592.310088026337326 ], [ 288145.058068974409252, 6131591.347376973368227 ], [ 288144.931971360812895, 6131591.27809875831008 ], [ 288144.830211960885208, 6131591.211077542975545 ], [ 288144.730231205699965, 6131591.158712178468704 ], [ 288144.645737545273732, 6131591.103706797584891 ], [ 287904.63408045534743, 6131453.117614679969847 ], [ 287906.507266036467627, 6130882.045453880913556 ], [ 287906.418961434275843, 6130880.101376106031239 ], [ 287906.142132121836767, 6130878.175083909183741 ], [ 287905.679399144079071, 6130876.284815597347915 ], [ 287905.035143698507454, 6130874.448468402959406 ], [ 287904.215465653920546, 6130872.683429026044905 ], [ 287903.228125796013046, 6130871.006409020163119 ], [ 287902.082472347596195, 6130869.433286559768021 ], [ 287900.789352458901703, 6130867.978956112638116 ], [ 287899.361009505810216, 6130866.657187408767641 ], [ 287897.810967168305069, 6130865.480495074763894 ], [ 287896.153901387006044, 6130864.460020138882101 ], [ 287357.051294129691087, 6130567.62678792886436 ], [ 287355.343527992314193, 6130566.789711813442409 ], [ 287353.563972395611927, 6130566.118635453283787 ], [ 287351.728719690057915, 6130565.619627326726913 ], [ 287349.854365889739711, 6130565.297199917025864 ], [ 287347.957860596070532, 6130565.154268904589117 ], [ 287035.046006223245058, 6130556.497470992617309 ], [ 286996.54127147840336, 6130171.134258366189897 ], [ 286997.385078835533932, 6129932.550491665489972 ], [ 287095.33864840422757, 6129419.672414251603186 ], [ 287095.618091582204215, 6129417.658204227685928 ], [ 287095.691560146922711, 6129415.626029805280268 ], [ 287095.558294593240134, 6129413.596899251453578 ], [ 287095.219672597246245, 6129411.591789365746081 ], [ 287094.679194774304051, 6129409.631428624503314 ], [ 287044.033285763231106, 6129256.740672906860709 ], [ 287043.296483115700539, 6129254.845201507210732 ], [ 287042.371003421605565, 6129253.034351623617113 ], [ 287041.266415423655417, 6129251.326846038922668 ], [ 287039.994139705551788, 6129249.740339037962258 ], [ 287038.567330612102523, 6129248.291233873926103 ], [ 287037.000740243471228, 6129246.99451316986233 ], [ 287035.310565929859877, 6129245.863584014587104 ], [ 287033.514282763528172, 6129244.910139336250722 ], [ 287031.630462920235004, 6129244.144037016667426 ], [ 287029.678583636938129, 6129243.573197958990932 ], [ 286604.588880380848423, 6129142.399353495799005 ], [ 286602.566281022736803, 6129142.026661963202059 ], [ 286600.516101570276078, 6129141.863654739223421 ], [ 286598.460021682723891, 6129141.912055548280478 ], [ 286596.41978341358481, 6129142.171352573670447 ], [ 285931.956292692571878, 6129261.610016461461782 ], [ 285782.188653003133368, 6128868.632163266651332 ], [ 285781.98920481215464, 6128833.124502148479223 ], [ 285902.361253670358565, 6128565.484039730392396 ], [ 285902.399906956066843, 6128565.397549330256879 ], [ 285995.952215551864356, 6128354.727362082339823 ], [ 285996.673963792505674, 6128352.853728800080717 ], [ 285997.204214252589736, 6128350.91717086173594 ], [ 285997.537622773263138, 6128348.937205974012613 ], [ 285997.670829078298993, 6128346.933789322152734 ], [ 285997.602490640478209, 6128344.927112452685833 ], [ 285997.333296212600544, 6128342.937399770133197 ], [ 285996.865958885580767, 6128340.984704704023898 ], [ 285996.205188744701445, 6128339.088707599788904 ], [ 285995.357645398471504, 6128337.268517368473113 ], [ 285994.331870859488845, 6128335.542478900402784 ], [ 285993.138203453447204, 6128333.927988168783486 ], [ 285991.788673623465002, 6128332.441316908225417 ], [ 285990.296882680908311, 6128331.097448617219925 ], [ 285988.677865723671857, 6128329.909927546977997 ], [ 284945.969434429367539, 6127642.835666901431978 ], [ 284945.676156823523343, 6127642.662095956504345 ], [ 284945.415290926292073, 6127642.48343207128346 ], [ 284945.411058544763364, 6127642.481124954298139 ], [ 284945.407089982938487, 6127642.478409036062658 ], [ 284944.892465774144512, 6127642.198282856494188 ], [ 284944.309600078151561, 6127641.853324539959431 ], [ 284943.95338180300314, 6127641.686529426835477 ], [ 284943.634905885148328, 6127641.512924722395837 ], [ 284943.628239546727855, 6127641.510124669410288 ], [ 284943.621904026367702, 6127641.506676046177745 ], [ 284943.121030681591947, 6127641.296790579333901 ], [ 284942.562859987723641, 6127641.035433567129076 ], [ 284942.142229708319064, 6127640.885958042927086 ], [ 284941.765401823795401, 6127640.727679555304348 ], [ 284941.756181058706716, 6127640.724865356460214 ], [ 284941.747310706647113, 6127640.721148332580924 ], [ 284941.270672599668615, 6127640.576240787282586 ], [ 284940.745459044177551, 6127640.389600463211536 ], [ 284940.260249740676954, 6127640.268303589895368 ], [ 284939.825995633436833, 6127640.135768212378025 ], [ 284939.814172757091001, 6127640.133435619063675 ], [ 284939.802670607634354, 6127640.129938734695315 ], [ 284939.359237700467929, 6127640.043060705065727 ], [ 284938.874299288028851, 6127639.921831551007926 ], [ 284938.325626551581081, 6127639.839753004722297 ], [ 284937.836622739036102, 6127639.743275033310056 ], [ 284937.82222482515499, 6127639.741926872171462 ], [ 284937.80806774814846, 6127639.739153197035193 ], [ 284937.405257346283179, 6127639.702070627361536 ], [ 284936.966782722913194, 6127639.636477136984468 ], [ 284936.3569728572038, 6127639.604726766236126 ], [ 284935.817732180061284, 6127639.55423450935632 ], [ 284935.800861740252003, 6127639.554370588622987 ], [ 284935.784102156641893, 6127639.552827707491815 ], [ 284819.636809177522082, 6127634.792089619673789 ], [ 284754.591099486860912, 6127525.478508799336851 ], [ 284754.147133758640848, 6127524.811273086816072 ], [ 284753.781126588990446, 6127524.226060023531318 ], [ 284288.540267166041303, 6126860.488164661452174 ], [ 284150.520368964294903, 6126558.668242586776614 ], [ 284149.657849990180694, 6126556.995104528032243 ], [ 284149.635608465352561, 6126556.960414717905223 ], [ 284149.61746351281181, 6126556.925390034914017 ], [ 284149.290226373414043, 6126556.421726867556572 ], [ 284149.290226365148555, 6126556.421726854518056 ], [ 284148.641852182277944, 6126555.410466273315251 ], [ 283973.433367718884256, 6126308.534706481732428 ], [ 283972.289211549970787, 6126307.071564662270248 ], [ 283972.145665022253525, 6126306.919491346925497 ], [ 283972.041646994824987, 6126306.789017525501549 ], [ 283971.692515009548515, 6126306.439423833042383 ], [ 283971.014255099813454, 6126305.720874699763954 ], [ 283970.691093259607442, 6126305.436677761375904 ], [ 283970.69109325791942, 6126305.436677759513259 ], [ 283970.46403338649543, 6126305.209317614324391 ], [ 283970.118187802901957, 6126304.932849780656397 ], [ 283969.619494476704858, 6126304.494285881519318 ], [ 283969.070418822288048, 6126304.095266669988632 ], [ 283968.720185207668692, 6126303.815291059203446 ], [ 283788.495500544901006, 6126175.550797806121409 ], [ 283788.495500544842798, 6126175.550797806121409 ], [ 283512.339963527338114, 6125824.409784914925694 ], [ 283512.323916529247072, 6125824.391313212923706 ], [ 283512.309620441170409, 6125824.371299796737731 ], [ 283511.658799039199948, 6125823.625467840582132 ], [ 283511.143588449864183, 6125823.024091326631606 ], [ 283511.099661609332543, 6125822.982073148712516 ], [ 283511.059130045294296, 6125822.935417258180678 ], [ 283511.044911992619745, 6125822.921962124295533 ], [ 283511.031975335034076, 6125822.907136901281774 ], [ 283510.274488162307534, 6125822.192754271440208 ], [ 283509.710175849031657, 6125821.652961863204837 ], [ 283509.674264880188275, 6125821.624861853197217 ], [ 283509.67426487832563, 6125821.624861851334572 ], [ 283509.640601508959662, 6125821.593004806898534 ], [ 283509.629004267218988, 6125821.584001411683857 ], [ 283509.618268528254703, 6125821.573876585811377 ], [ 283508.734715746191796, 6125820.889673090539873 ], [ 283508.147991965000983, 6125820.430566999129951 ], [ 283508.122309045807924, 6125820.414294560439885 ], [ 283508.09790463198442, 6125820.395348452962935 ], [ 283508.089624366315547, 6125820.390128766186535 ], [ 283508.081845943117514, 6125820.384105329401791 ], [ 283507.008200133859646, 6125819.708406385034323 ], [ 283506.472403483989183, 6125819.36893102992326 ], [ 283506.458816989150364, 6125819.362105752341449 ], [ 283506.445750164566562, 6125819.35386873036623 ], [ 283506.441375111346133, 6125819.35167508199811 ], [ 283506.437211985117756, 6125819.349055018275976 ], [ 283504.699892615433782, 6125818.478496915660799 ], [ 283485.047743290429935, 6125809.798348308540881 ], [ 283483.381151365989354, 6125809.149643056094646 ], [ 283483.306160677282605, 6125809.127937219105661 ], [ 283483.239387585839722, 6125809.102233344689012 ], [ 283482.712900394049939, 6125808.956219754181802 ], [ 283481.663273396785371, 6125808.652408271096647 ], [ 283481.509426280623302, 6125808.62245365511626 ], [ 283481.372154910408426, 6125808.584383430890739 ], [ 283480.785211522481404, 6125808.481446301564574 ], [ 283479.907845308131073, 6125808.310619779862463 ], [ 283479.672892349713948, 6125808.286369664594531 ], [ 283479.463572633685544, 6125808.24965952988714 ], [ 283478.890796347695868, 6125808.205647471360862 ], [ 283478.128903271106537, 6125808.127010474912822 ], [ 282830.656982231826987, 6125770.451080473139882 ], [ 282690.492441915033851, 6125414.148657456040382 ], [ 282686.07294689619448, 6125264.289145525544882 ], [ 282686.03524653846398, 6125263.815394632518291 ], [ 282686.027617472107522, 6125263.409722357988358 ], [ 282685.993051488592755, 6125263.141633070074022 ], [ 282685.974181031750049, 6125262.808261656202376 ], [ 282685.934142090321984, 6125262.544894151389599 ], [ 282685.914583581732586, 6125262.299117679707706 ], [ 282685.810035994043574, 6125261.722188617102802 ], [ 282685.747904414020013, 6125261.240304136648774 ], [ 282685.715424023743253, 6125261.106213972903788 ], [ 282685.69073908572318, 6125260.94384178519249 ], [ 282685.611882351629902, 6125260.628709584474564 ], [ 282685.558620183379389, 6125260.334790867753327 ], [ 282685.398777104215696, 6125259.777085098437965 ], [ 282685.232952586491592, 6125259.11440681386739 ], [ 282651.362547350232489, 6125146.583365397527814 ], [ 283189.836428717593662, 6125383.567634641192853 ], [ 283191.609307016420644, 6125384.249340520240366 ], [ 283193.438859502144624, 6125384.759789411909878 ], [ 283195.308584432990756, 6125385.094377294182777 ], [ 283197.20161772967549, 6125385.250086336396635 ], [ 283199.100885082094464, 6125385.225512112490833 ], [ 283200.989255951542873, 6125385.020876271650195 ], [ 283202.849698080914095, 6125384.638024535030127 ], [ 283204.665431117580738, 6125384.080410055816174 ], [ 283206.420077965012752, 6125383.353062264621258 ], [ 283208.097812496591359, 6125382.462541512213647 ], [ 283209.683502300526015, 6125381.416879897005856 ], [ 284100.489103722909931, 6124731.257004962302744 ], [ 284101.968582139001228, 6124730.065513669513166 ], [ 284102.002374631527346, 6124730.032548358663917 ], [ 284102.037297874921933, 6124730.004290367476642 ], [ 284102.465705188165884, 6124729.580559330992401 ], [ 284103.328346577880438, 6124728.739033908583224 ], [ 284103.389442368119489, 6124728.666905198246241 ], [ 284103.453230125305708, 6124728.603813716210425 ], [ 284103.89075907447841, 6124728.075058735907078 ], [ 284104.556130237644538, 6124727.289532212540507 ], [ 284104.637201173231006, 6124727.172981334850192 ], [ 284104.722860801266506, 6124727.069461430422962 ], [ 284105.11100193602033, 6124726.49182606767863 ], [ 284105.640856950718444, 6124725.730084924958646 ], [ 284105.733856562757865, 6124725.564887831918895 ], [ 284105.833600883022882, 6124725.416447376832366 ], [ 284106.155244497698732, 6124724.816367914900184 ], [ 284106.572741104930174, 6124724.074760241433978 ], [ 284106.669034782680683, 6124723.857806998305023 ], [ 284106.774436830019113, 6124723.661162013188004 ], [ 284107.024742558074649, 6124723.056384130381048 ], [ 284107.343375921889674, 6124722.338491292670369 ], [ 284107.433878259151243, 6124722.0678481310606 ], [ 284107.536039785947651, 6124721.821009865030646 ], [ 284107.715616042609327, 6124721.225323984399438 ], [ 284107.945809297147207, 6124720.536941428668797 ], [ 284108.021125939150807, 6124720.211894173175097 ], [ 284108.110858078522142, 6124719.914236958138645 ], [ 284108.223390721424948, 6124719.338971395976841 ], [ 284108.374606516677886, 6124718.686362916603684 ], [ 284108.425177358498331, 6124718.307440453208983 ], [ 284108.49319209845271, 6124717.959749893285334 ], [ 284108.544372299220413, 6124717.414324204437435 ], [ 284108.625899285136256, 6124716.803450324572623 ], [ 284108.642139091447461, 6124716.372426765970886 ], [ 284108.679250813671388, 6124715.976928383111954 ], [ 284108.676175001193769, 6124715.469073695130646 ], [ 284108.697420622745994, 6124714.905189914628863 ], [ 284108.669851974409539, 6124714.425063740462065 ], [ 284108.667189359548502, 6124713.985433087684214 ], [ 284108.617957220878452, 6124713.521282418631017 ], [ 284108.588525316095911, 6124713.00870640669018 ], [ 284108.507896706927568, 6124712.483654103241861 ], [ 284108.457127331348602, 6124712.005010674707592 ], [ 284108.370532286702655, 6124711.589139041490853 ], [ 284108.300195739197079, 6124711.131108489818871 ], [ 284108.157573803735431, 6124710.56640855409205 ], [ 284108.051147598656826, 6124710.055298017337918 ], [ 284107.936414830677677, 6124709.690747615881264 ], [ 284107.835032990959007, 6124709.2893344797194 ], [ 284107.621850240218919, 6124708.691254185512662 ], [ 284107.453275652369484, 6124708.155627487227321 ], [ 284107.31982748414157, 6124707.843934887088835 ], [ 284107.197233429935295, 6124707.499999518506229 ], [ 284062.518342808529269, 6124598.779852692037821 ], [ 284061.913448056555353, 6124597.448555958457291 ], [ 283673.687902564473916, 6123819.822467592544854 ], [ 283672.829686899727676, 6123818.278145305812359 ], [ 283672.740717446897179, 6123818.146861418150365 ], [ 283672.681405362847727, 6123818.040793168358505 ], [ 283672.442518508643843, 6123817.706837176345289 ], [ 283671.838530109147541, 6123816.815588070079684 ], [ 283671.564820718602277, 6123816.479844436049461 ], [ 283671.389699685329106, 6123816.235030971467495 ], [ 283671.125865361944307, 6123815.94140303786844 ], [ 283670.722166847030167, 6123815.446209189482033 ], [ 283549.736406368843745, 6123679.748237519524992 ], [ 283547.960060751065612, 6123677.990489423274994 ], [ 283424.013352934387513, 6123569.801689632236958 ], [ 283423.802607814199291, 6123569.637284039519727 ], [ 283423.559560286463238, 6123569.417325703427196 ], [ 283422.69888684770558, 6123568.776253903284669 ], [ 283422.275793422071729, 6123568.446192047558725 ], [ 283422.159799034590833, 6123568.37471485324204 ], [ 283422.030365119047929, 6123568.278306122869253 ], [ 283420.399650329432916, 6123567.290089172311127 ], [ 283311.055447004328016, 6123507.96138561796397 ], [ 283309.268175258475821, 6123507.103428795933723 ], [ 283307.40474265825469, 6123506.426635514013469 ], [ 283305.483459433249664, 6123505.937655992805958 ], [ 283151.734915777982678, 6123474.830154236406088 ], [ 283149.737225629971363, 6123474.530055182985961 ], [ 283149.707848727179226, 6123474.528642246499658 ], [ 283149.679590789484791, 6123474.524439076893032 ], [ 283149.026124165393412, 6123474.49585344735533 ], [ 283147.71945285826223, 6123474.433006682433188 ], [ 283147.660692713572644, 6123474.436123208142817 ], [ 283147.603639005392324, 6123474.433627417311072 ], [ 283146.843242965464015, 6123474.479479183442891 ], [ 283145.702182908600662, 6123474.539998831227422 ], [ 283145.614930317446124, 6123474.553546249866486 ], [ 283145.529469404311385, 6123474.558699529618025 ], [ 283144.748705819947645, 6123474.688042032532394 ], [ 283143.705996097007301, 6123474.849940087646246 ], [ 283143.592027620237786, 6123474.879659133031964 ], [ 283143.479471727041528, 6123474.898305316455662 ], [ 282556.444652412144933, 6123603.794934826903045 ], [ 282554.805288326751906, 6123604.228493603877723 ], [ 282553.208543510641903, 6123604.799364700913429 ], [ 282551.66589651448885, 6123605.503444286994636 ], [ 282199.731700196978636, 6123784.529811475425959 ], [ 281258.097633455356117, 6124064.363767496310174 ], [ 281256.260939391213469, 6124065.008414301089942 ], [ 281254.495611580321565, 6124065.828555940650403 ], [ 281252.818372154666577, 6124066.816423593088984 ], [ 281251.245108825911302, 6124067.962659644894302 ], [ 281249.790724388265517, 6124069.256406334228814 ], [ 281248.468995551462285, 6124070.685408598743379 ], [ 281247.292442439997103, 6124072.236130161210895 ], [ 281246.272209996241145, 6124073.893881755881011 ], [ 281245.417962409090251, 6124075.642960269935429 ], [ 281244.737791570078116, 6124077.46679749339819 ], [ 281244.238140422268771, 6124079.348117061890662 ], [ 281243.92374192934949, 6124081.269098106771708 ], [ 281243.797574242518749, 6124083.211544065736234 ], [ 281243.860832489852328, 6124085.157055048272014 ], [ 281244.112917455146089, 6124087.087202130816877 ], [ 281244.551441254559904, 6124088.9837019238621 ], [ 281245.172249955299776, 6124090.828589765354991 ], [ 281245.969462924229447, 6124092.604389886371791 ], [ 281309.993839346745517, 6124218.443108879961073 ], [ 281311.007278528879397, 6124220.206875594332814 ], [ 281312.19463555701077, 6124221.858576320111752 ], [ 281313.54362742457306, 6124223.381124493665993 ], [ 281315.040299040148966, 6124224.758769612759352 ], [ 281316.669167590152938, 6124225.977260172367096 ], [ 281318.4133827064652, 6124227.023991096764803 ], [ 281320.254900780273601, 6124227.88813413027674 ], [ 281490.101583705167286, 6124297.282797694206238 ], [ 281412.282653190428391, 6124496.651368812657893 ], [ 281160.501643016701564, 6124367.160044848918915 ], [ 280933.711917143024039, 6123574.650059876963496 ], [ 280933.40083776623942, 6123573.728025649674237 ], [ 280933.186085905937944, 6123573.065762767568231 ], [ 280933.14757679606555, 6123572.977364242076874 ], [ 280933.11530571867479, 6123572.881713291630149 ], [ 280932.671811046951916, 6123571.885233286768198 ], [ 280932.409446217759978, 6123571.282968933694065 ], [ 280932.381159899872728, 6123571.232174581848085 ], [ 280932.356460143229924, 6123571.17667715344578 ], [ 280931.688591685961001, 6123569.988514874130487 ], [ 280931.463340315094683, 6123569.584026120603085 ], [ 280931.452090357081033, 6123569.567770407535136 ], [ 280931.441988054662943, 6123569.549798044376075 ], [ 280930.379852206911892, 6123568.015241990797222 ], [ 280930.367332658788655, 6123568.000341485254467 ], [ 280930.356712501088623, 6123567.984995807521045 ], [ 280930.065659030340612, 6123567.641295819543302 ], [ 280929.17930113413604, 6123566.586371121928096 ], [ 280929.136882937164046, 6123566.544520263560116 ], [ 280929.100024622341152, 6123566.500994919799268 ], [ 280928.630461594788358, 6123566.044872249476612 ], [ 280927.850788619369268, 6123565.275627312250435 ], [ 280927.773530424863566, 6123565.212469120509923 ], [ 280927.705157164251432, 6123565.146052915602922 ], [ 280927.161326008150354, 6123564.711995038203895 ], [ 280926.405882668157574, 6123564.094423844479024 ], [ 280926.289643115713261, 6123564.01626287586987 ], [ 280926.185296935669612, 6123563.932979156263173 ], [ 280767.976539312687237, 6123449.793528138659894 ], [ 280588.605398450337816, 6123231.442703943699598 ], [ 280511.503360605507623, 6122877.523638306185603 ], [ 280511.317075546539854, 6122876.841454766690731 ], [ 280511.100673859589733, 6122875.975672421045601 ], [ 280511.016523904458154, 6122875.740822305902839 ], [ 280510.954922900127713, 6122875.515236897394061 ], [ 280510.708853359334171, 6122874.882159187458456 ], [ 280510.432184499688447, 6122874.110017200931907 ], [ 280510.302729784452822, 6122873.837300965562463 ], [ 280510.200671827245969, 6122873.57473040279001 ], [ 280509.906104143650737, 6122873.001748152077198 ], [ 280509.582335926650558, 6122872.319680688902736 ], [ 280509.399306110746693, 6122872.015943212434649 ], [ 280509.248780564812478, 6122871.723146443255246 ], [ 280508.917633814038709, 6122871.216609360650182 ], [ 280508.559472691966221, 6122870.622241962701082 ], [ 280508.315477948111948, 6122870.295524448156357 ], [ 280508.109563949750736, 6122869.980549060739577 ], [ 280507.75390016840538, 6122869.543552116490901 ], [ 280507.373638155229855, 6122869.034367951564491 ], [ 280507.062293424096424, 6122868.693788801319897 ], [ 280506.795366704463959, 6122868.365821301937103 ], [ 280506.427043315314222, 6122867.9988904427737 ], [ 280506.036475869768765, 6122867.571649781428277 ], [ 280227.46427982323803, 6122591.6345653263852 ], [ 280226.152872820268385, 6122590.445806727744639 ], [ 280224.741498830961064, 6122589.377650000154972 ], [ 280223.241212214110419, 6122588.43846130836755 ], [ 280221.663763721997384, 6122587.635596695356071 ], [ 280220.021508465055376, 6122586.975344467908144 ], [ 280130.570046668872237, 6122555.534309454262257 ], [ 279988.83256533567328, 6122407.440974867902696 ], [ 279988.293094739201479, 6122406.898476818576455 ], [ 279987.592099326662719, 6122406.220009803771973 ], [ 280043.300511597655714, 6122364.510380877181888 ], [ 280044.766742727370001, 6122363.29967506043613 ], [ 280046.111370378057472, 6122361.95519792009145 ], [ 280047.322240318288095, 6122360.489102326333523 ], [ 280048.388407366641331, 6122358.914640474133193 ], [ 280049.300234326394275, 6122357.246044089086354 ], [ 280050.04947909724433, 6122355.498395790345967 ], [ 280050.629369176516775, 6122353.687492757104337 ], [ 280051.03466287633637, 6122351.829703932628036 ], [ 280051.261696704255883, 6122349.941822065971792 ], [ 280052.422573075105902, 6122333.875231641344726 ], [ 280316.646660709055141, 6122262.568095685914159 ], [ 280318.423334804014303, 6122261.998478759080172 ], [ 280320.139197681448422, 6122261.265779045410454 ], [ 280321.779316897504032, 6122260.376372928731143 ], [ 280323.329419174231589, 6122259.338000541552901 ], [ 280324.776014613686129, 6122258.159698408097029 ], [ 280326.106514094979502, 6122256.851720803417265 ], [ 280428.884335651237052, 6122145.922357765957713 ], [ 280464.5033716019243, 6122149.563905605114996 ], [ 280464.769922650652006, 6122149.577827023342252 ], [ 280465.031462687766179, 6122149.610831840895116 ], [ 280465.747738884645514, 6122149.628896373324096 ], [ 280466.487907213217113, 6122149.66755385696888 ], [ 280466.763722001982387, 6122149.654519533738494 ], [ 280467.036301263724454, 6122149.661394 ], [ 280467.742243514338043, 6122149.608277031220496 ], [ 280468.472932333941571, 6122149.573746487498283 ], [ 280468.755203197477385, 6122149.532059255056083 ], [ 280469.036124362144619, 6122149.510922000743449 ], [ 280469.724728611472528, 6122149.388874688185751 ], [ 280470.438849185535219, 6122149.283409639261663 ], [ 280470.724523969576694, 6122149.211672271601856 ], [ 280471.010824090568349, 6122149.160928814671934 ], [ 280471.675436426245142, 6122148.972883411683142 ], [ 280472.36624864168698, 6122148.799409754574299 ], [ 280472.652063394198194, 6122148.696556594222784 ], [ 280472.940545167715754, 6122148.614933566190302 ], [ 280473.574926714703906, 6122148.364455440081656 ], [ 280474.23610185115831, 6122148.126525271683931 ], [ 280474.518617338151671, 6122147.991850247606635 ], [ 280474.80588456557598, 6122147.878426146693528 ], [ 280751.113580025790725, 6122022.424298614263535 ], [ 280813.820914600219112, 6122046.658519343473017 ], [ 280904.431668833945878, 6122252.999655896797776 ], [ 280905.442667956172954, 6122254.991650911979377 ], [ 280905.497833905450534, 6122255.075594427064061 ], [ 280905.53978525911225, 6122255.157278242520988 ], [ 281112.505193742748816, 6122604.272133057005703 ], [ 281113.574006356298923, 6122605.890614092350006 ], [ 281114.79456444317475, 6122607.397955864667892 ], [ 281116.155389138788451, 6122608.779982424341142 ], [ 281117.643682427005842, 6122610.023696359246969 ], [ 281119.245447500084992, 6122611.117401033639908 ], [ 281120.945620393031277, 6122612.050810588523746 ], [ 281122.7282116546412, 6122612.815146678127348 ], [ 281124.576456721348222, 6122613.403221025131643 ], [ 281126.472973581869155, 6122613.809503022581339 ], [ 281128.399926247715484, 6122614.030171750113368 ], [ 281301.519036685698666, 6122625.387901362031698 ], [ 281487.218528449069709, 6122702.430830498225987 ], [ 281489.289316755777691, 6122703.159522159956396 ], [ 281491.427493497612886, 6122703.656871100887656 ], [ 282221.911236203450244, 6122831.781895939260721 ], [ 282827.29564379749354, 6123049.412019420415163 ], [ 282827.559402504935861, 6123049.492126916535199 ], [ 282827.814309891196899, 6123049.590482262894511 ], [ 282828.510655178804882, 6123049.781036697328091 ], [ 282829.217823823622894, 6123049.995814477093518 ], [ 282829.494708654470742, 6123050.050322288647294 ], [ 282829.764478476077784, 6123050.124144624918699 ], [ 282830.470364204840735, 6123050.242390771396458 ], [ 282831.188872099039145, 6123050.383836921304464 ], [ 282831.476343730872031, 6123050.410907003097236 ], [ 282831.758562611066736, 6123050.458182778209448 ], [ 282832.466554850456305, 6123050.504151319153607 ], [ 282833.188902753521688, 6123050.572172001935542 ], [ 282833.48418457020307, 6123050.570224011316895 ], [ 282833.776182990521193, 6123050.589182893745601 ], [ 282834.478953173791524, 6123050.563661469146609 ], [ 282835.19773751415778, 6123050.55891960952431 ], [ 282835.49784236960113, 6123050.526660036295652 ], [ 282835.796719770994969, 6123050.515806164592505 ], [ 282836.4871209191042, 6123050.420318190008402 ], [ 282837.195109283609781, 6123050.344213447533548 ], [ 282837.496869678725488, 6123050.28066189866513 ], [ 282837.799523303983733, 6123050.238802493549883 ], [ 282838.470663108222652, 6123050.075578391551971 ], [ 282839.160866614372935, 6123049.930219681933522 ], [ 282839.460968053317629, 6123049.834731946699321 ], [ 282839.764125172514468, 6123049.761002824641764 ], [ 282840.40943500387948, 6123049.532944120466709 ], [ 282841.075177016609814, 6123049.321115089580417 ], [ 282841.370194162649568, 6123049.193402588367462 ], [ 282841.670447376032826, 6123049.087290213443339 ], [ 282981.716003174777143, 6122991.475462128408253 ], [ 283411.768138497427572, 6123435.664125841110945 ], [ 283413.284396076749545, 6123437.075955234467983 ], [ 283414.938572516432032, 6123438.323352360166609 ], [ 283416.712917265889701, 6123439.392931713722646 ], [ 283418.588390278280713, 6123440.273215907625854 ], [ 283420.544866324984469, 6123440.954758834093809 ], [ 283422.561350954230875, 6123441.430247028358281 ], [ 283747.602698653703555, 6123500.494805269874632 ], [ 284001.82446591014741, 6123672.655679665505886 ], [ 284002.188167838787194, 6123672.877216130495071 ], [ 284002.52384144498501, 6123673.108346866443753 ], [ 284002.988945491204504, 6123673.364982173778117 ], [ 284003.469375966582447, 6123673.657619801349938 ], [ 284003.875696464558132, 6123673.854274001903832 ], [ 284004.253173212520778, 6123674.062558282166719 ], [ 284004.720149474043865, 6123674.262979033403099 ], [ 284005.20303524681367, 6123674.49668989982456 ], [ 284005.650434712239075, 6123674.662246579304338 ], [ 284006.06819135096157, 6123674.841542843729258 ], [ 284006.530543153232429, 6123674.987923837266862 ], [ 284007.009365737845656, 6123675.165108396671712 ], [ 284007.4955110962037, 6123675.293433549813926 ], [ 284007.951194406836294, 6123675.437703292816877 ], [ 284008.402899865759537, 6123675.532952041365206 ], [ 284008.871615471318364, 6123675.656676356680691 ], [ 284009.393386193260085, 6123675.741810669191182 ], [ 284009.883817885420285, 6123675.845225414261222 ], [ 284010.319406842580065, 6123675.892904106527567 ], [ 284010.772513882198837, 6123675.966834963299334 ], [ 284011.326019222266041, 6123676.003085875883698 ], [ 284011.847213355416898, 6123676.060134738683701 ], [ 284012.261833721655421, 6123676.064375490881503 ], [ 284012.694431976182386, 6123676.092707795090973 ], [ 284013.275039301312063, 6123676.074738595634699 ], [ 284013.822232273465488, 6123676.08033530600369 ], [ 284014.211705203168094, 6123676.045749749988317 ], [ 284014.619545821740758, 6123676.033127502538264 ], [ 284015.221919917152263, 6123675.956041750498116 ], [ 284015.789612735330593, 6123675.905630103312433 ], [ 284016.150476086011622, 6123675.837214509956539 ], [ 284016.530001849925611, 6123675.788646636530757 ], [ 284017.148154693946708, 6123675.648065976798534 ], [ 284017.730167332862038, 6123675.537722990848124 ], [ 284018.059707243868615, 6123675.44076019525528 ], [ 284018.408082428795751, 6123675.361532519571483 ], [ 284019.035432891221717, 6123675.153665725141764 ], [ 284019.624970284465235, 6123674.980202081613243 ], [ 284019.921240493596997, 6123674.860161539167166 ], [ 284020.236370177473873, 6123674.755746222101152 ], [ 284020.865813005482778, 6123674.477446728385985 ], [ 284021.45554201368941, 6123674.238504748791456 ], [ 284021.717370938160457, 6123674.100942093878984 ], [ 284021.99790949531598, 6123673.976905827410519 ], [ 284022.621892567374744, 6123673.625714245252311 ], [ 284023.204029376560356, 6123673.3198645953089 ], [ 284023.431015082984231, 6123673.170322056859732 ], [ 284023.676363808976021, 6123673.032234325073659 ], [ 284180.361178296036087, 6123574.623233816586435 ], [ 284182.058701699541416, 6123573.429964600130916 ], [ 284498.94846108899219, 6123325.146891995333135 ], [ 285133.826341289095581, 6122860.351001613773406 ], [ 285135.415087052155286, 6122859.057858858257532 ], [ 285136.863223172549624, 6122857.608985825441778 ], [ 285138.155557502934244, 6122856.01958239544183 ], [ 285139.278532385826111, 6122854.306322724558413 ], [ 285140.220366884605028, 6122852.487180327065289 ], [ 285140.971180375374388, 6122850.581239512190223 ], [ 285141.523096202639863, 6122848.608495178632438 ], [ 285157.128671151236631, 6122779.33020144701004 ], [ 285157.238883898942731, 6122778.706350478343666 ], [ 285157.356564395711757, 6122778.155655559152365 ], [ 285157.393128483381588, 6122777.833260610699654 ], [ 285157.453532942046877, 6122777.491345715709031 ], [ 285157.509102770069148, 6122776.810685548000038 ], [ 285157.576443361584097, 6122776.216926263645291 ], [ 285157.580806826241314, 6122775.932401476427913 ], [ 285157.605478327255696, 6122775.630206767469645 ], [ 285157.596706877986435, 6122774.895620106719434 ], [ 285157.606362753023859, 6122774.265997543931007 ], [ 285157.586280293180607, 6122774.022420035675168 ], [ 285157.583182751142886, 6122773.763008735142648 ], [ 285157.500126838160213, 6122772.977476134896278 ], [ 285157.446037810819689, 6122772.321437451988459 ], [ 285157.409537024621386, 6122772.120688831433654 ], [ 285157.386840571358334, 6122771.906028570607305 ], [ 285157.218800302653108, 6122771.07166666444391 ], [ 285157.096994434832595, 6122770.401753424666822 ], [ 285157.052210742840543, 6122770.244507891125977 ], [ 285157.01816336432239, 6122770.075454152189195 ], [ 285156.752238573506474, 6122769.191238678991795 ], [ 285156.562554661126342, 6122768.525216143578291 ], [ 285156.517568680807017, 6122768.410947569645941 ], [ 285156.480365004972555, 6122768.28724317252636 ], [ 285156.096856093849055, 6122767.342298466712236 ], [ 285155.847805044380948, 6122766.709685635752976 ], [ 285155.810483981098514, 6122766.636693448759615 ], [ 285155.778133650426753, 6122766.556984026916325 ], [ 285155.230192926886957, 6122765.501765630207956 ], [ 285154.959548246290069, 6122764.972441294230521 ], [ 285154.937393031083047, 6122764.937894716858864 ], [ 285154.917590871918947, 6122764.89975992962718 ], [ 285153.906238291063346, 6122763.330017421394587 ], [ 285138.35929664853029, 6122741.508700640872121 ], [ 285137.876986263436265, 6122740.859899777919054 ], [ 284530.703434633323923, 6121957.665365220047534 ], [ 284530.656872612307779, 6121957.605539266951382 ], [ 284402.292623735847883, 6121793.318040842190385 ], [ 284401.119456770422403, 6121791.948593921028078 ], [ 284399.827711164718494, 6121790.690381344407797 ], [ 284398.42788785987068, 6121789.553631453774869 ], [ 284396.931366389035247, 6121788.547585189342499 ], [ 284395.350312370283064, 6121787.680420967750251 ], [ 284393.697578609280754, 6121786.959188194014132 ], [ 284187.935847435554024, 6121708.007506284862757 ], [ 284186.408775524003431, 6121707.491144699044526 ], [ 284113.757470797572751, 6121686.146303112618625 ], [ 284001.828014293045271, 6121613.615312739275396 ], [ 284119.696488426649012, 6121473.318489129655063 ], [ 284121.08503524545813, 6121471.455970061942935 ], [ 284122.248233871476259, 6121469.444998033344746 ], [ 284307.481716376671102, 6121101.415876992978156 ], [ 284308.280924069636967, 6121099.611394383944571 ], [ 284308.898395967087708, 6121097.736929426901042 ], [ 284309.32811960572144, 6121095.810734208673239 ], [ 284309.565910669334698, 6121093.851564530283213 ], [ 284309.609453732438851, 6121091.878497267141938 ], [ 284309.458324806531891, 6121089.910744622349739 ], [ 284309.113995468127541, 6121087.967467049136758 ], [ 284308.579818529717159, 6121086.067586679011583 ], [ 284307.860995392955374, 6121084.229603077284992 ], [ 284306.964525401301216, 6121082.471413105726242 ], [ 284305.899137685599271, 6121080.810136658139527 ], [ 284304.675206166983116, 6121079.261949957348406 ], [ 284008.199142884870525, 6120740.080417422577739 ], [ 284006.818694099667482, 6120431.377532567828894 ], [ 284006.740262477542274, 6120429.695222051814198 ], [ 284006.520572406763677, 6120428.02547462657094 ], [ 284006.161181665782351, 6120426.380130137316883 ], [ 283844.035083739960101, 6119809.908709097653627 ], [ 283843.501978271116968, 6119808.19740900490433 ], [ 283842.817799828480929, 6119806.540710689499974 ], [ 283841.988043646910228, 6119804.951920543797314 ], [ 283841.019374223018531, 6119803.443799529224634 ], [ 283839.919571787060704, 6119802.028460682369769 ], [ 283775.163460854906589, 6119725.987720306962729 ], [ 283901.83379291993333, 6119134.833315717056394 ], [ 283902.141085920738988, 6119132.976612821221352 ], [ 283902.272499889018945, 6119131.09924631472677 ], [ 283902.226871228369419, 6119129.217839220538735 ], [ 283902.004603954730555, 6119127.349050337448716 ], [ 283901.607666119700298, 6119125.509426738135517 ], [ 283901.039572384092025, 6119123.715257253497839 ], [ 283900.305352897907142, 6119121.982428244315088 ], [ 283899.411508760997094, 6119120.326282933354378 ], [ 283898.365954459528439, 6119118.761485556140542 ], [ 283897.177947787800804, 6119117.301891510374844 ], [ 283895.85800787556218, 6119115.960424679331481 ], [ 283894.417822047253139, 6119114.74896299559623 ], [ 283425.707299864036031, 6118756.738499484024942 ], [ 283314.057219590351451, 6118623.177252186462283 ], [ 282889.931340506533161, 6117780.658479900099337 ], [ 282739.59391457377933, 6117396.278829423710704 ], [ 282738.817970725882333, 6117394.543031654320657 ], [ 282737.880702947208192, 6117392.888760860078037 ], [ 282736.790581989160273, 6117391.330967854708433 ], [ 282735.5574600455584, 6117389.883731515146792 ], [ 282734.192481710924767, 6117388.560131539590657 ], [ 282732.707983259460889, 6117387.372130235657096 ], [ 282731.117381152987946, 6117386.330464411526918 ], [ 282729.435050786996726, 6117385.444548337720335 ], [ 282611.944501859368756, 6117330.540866819210351 ], [ 282537.562971373379696, 6117210.182085355743766 ], [ 282498.757090579951182, 6117119.007306354120374 ], [ 282498.331009612651542, 6117118.07348176650703 ], [ 282269.752236473374069, 6116649.344059561379254 ], [ 282269.453300934343133, 6116648.798487242311239 ], [ 282269.206296704418492, 6116648.303319880738854 ], [ 282269.019911918556318, 6116648.007530600763857 ], [ 282268.83902877633227, 6116647.677409813739359 ], [ 282268.819814276706893, 6116647.649100491777062 ], [ 282268.803905183624011, 6116647.620180908590555 ], [ 282268.459885742340703, 6116647.118779199197888 ], [ 282268.14512725896202, 6116646.619263185188174 ], [ 282267.956448503537104, 6116646.377076770178974 ], [ 282267.77175434079254, 6116646.104961099103093 ], [ 282267.728099556697998, 6116646.052214927971363 ], [ 282267.690780716890004, 6116645.997823437675834 ], [ 282267.291465403977782, 6116645.523510226048529 ], [ 282266.921814546047244, 6116645.049029587768018 ], [ 282266.739616950857453, 6116644.85787451826036 ], [ 282266.560049773426726, 6116644.640911331400275 ], [ 282266.487307621981017, 6116644.568318555131555 ], [ 282266.423635585117154, 6116644.492687876336277 ], [ 282265.971073089109268, 6116644.051546338014305 ], [ 282265.548475868185051, 6116643.608172751963139 ], [ 282265.380945387238171, 6116643.464228228665888 ], [ 282265.214855765749235, 6116643.29847967159003 ], [ 282265.10904415382538, 6116643.211271737702191 ], [ 282265.014732869924046, 6116643.119340511970222 ], [ 282264.511636782845017, 6116642.717306166887283 ], [ 282264.03871458285721, 6116642.31096482463181 ], [ 282263.89329080429161, 6116642.209270764142275 ], [ 282263.748318308847956, 6116642.089787168428302 ], [ 282263.606196752807591, 6116641.993750570341945 ], [ 282263.477707543759607, 6116641.891072222962976 ], [ 282262.927446065994445, 6116641.533860770054162 ], [ 282262.407485357078258, 6116641.170255063101649 ], [ 282262.290720866643824, 6116641.104836658574641 ], [ 282262.173679024912417, 6116641.025747316889465 ], [ 282261.992814596393146, 6116640.927129100076854 ], [ 282261.827434514416382, 6116640.819769850932062 ], [ 282261.234012162662111, 6116640.512805660255253 ], [ 282260.670946036349051, 6116640.197342563420534 ], [ 282260.58838351489976, 6116640.161348403431475 ], [ 282260.505155606311746, 6116640.115967517718673 ], [ 282260.283977239625528, 6116640.021373715251684 ], [ 282260.079884669859894, 6116639.915801165625453 ], [ 282259.45949355972698, 6116639.668757643550634 ], [ 282259.406711120915134, 6116639.646183593198657 ], [ 282258.846297596464865, 6116639.401864332146943 ], [ 282258.802365711017046, 6116639.38771649543196 ], [ 282258.757813441625331, 6116639.368662333115935 ], [ 282258.495653894497082, 6116639.284950813278556 ], [ 282258.25197031616699, 6116639.187914527021348 ], [ 282257.635248825303279, 6116639.010210424661636 ], [ 282257.030709779122844, 6116638.817171937786043 ], [ 282256.951613762008492, 6116638.79169983509928 ], [ 282256.94954311841866, 6116638.791254191659391 ], [ 282256.947429587715305, 6116638.790579309687018 ], [ 282256.644554341619369, 6116638.72474854812026 ], [ 282256.36138150509214, 6116638.643154221586883 ], [ 282255.757282220351044, 6116638.531897530891001 ], [ 282255.090350315731484, 6116638.386938060633838 ], [ 282255.046651756856591, 6116638.381714748218656 ], [ 282255.005661980423611, 6116638.37289294693619 ], [ 282138.79994753288338, 6116619.356949205510318 ], [ 282138.014692416647449, 6116588.090839099138975 ], [ 282143.944605339958798, 6116058.609411464072764 ], [ 282143.875245515024289, 6116056.706277566030622 ], [ 282143.625189463724382, 6116054.818368301726878 ], [ 282143.196704400063027, 6116052.962801011279225 ], [ 282142.593675322597846, 6116051.156399795785546 ], [ 282141.821569789550267, 6116049.415542975999415 ], [ 282140.887388345494401, 6116047.756014594808221 ], [ 282139.799601048754994, 6116046.19286130182445 ], [ 282138.568070674897172, 6116044.740255933254957 ], [ 282137.203963292413391, 6116043.411369004286826 ], [ 281652.694035935157444, 6115614.424181808717549 ], [ 281240.641616235370748, 6115155.397759426385164 ], [ 281014.507872415764723, 6114800.809178416617215 ], [ 281003.920001671416685, 6114780.880804911255836 ], [ 281005.521584001020528, 6114773.711840556934476 ], [ 281005.873216771462467, 6114771.623746749013662 ], [ 281006.002112403628416, 6114769.510179321281612 ], [ 281005.906826047867071, 6114767.394830209203064 ], [ 281005.588425812136848, 6114765.301411320455372 ], [ 280937.169635092664976, 6114434.415691375732422 ], [ 280936.91600794729311, 6114433.339925598353148 ], [ 280913.718999936245382, 6114345.848355548456311 ], [ 280913.129570825491101, 6114343.994403905235231 ], [ 280912.362810079415794, 6114342.206488546915352 ], [ 280911.425972334574908, 6114340.501525670289993 ], [ 280910.327921395481098, 6114338.895646626129746 ], [ 280909.079046370519791, 6114337.404045291244984 ], [ 280907.691163376381155, 6114336.040834315121174 ], [ 280906.177403740992304, 6114334.818911593407393 ], [ 280904.552089762466494, 6114333.74983823671937 ], [ 280623.269931685121264, 6114167.745650134049356 ], [ 280621.464445109246299, 6114166.800658495165408 ], [ 280619.572168753540609, 6114166.044298020191491 ], [ 280617.612748188315891, 6114165.484421228058636 ], [ 280326.853775550145656, 6114098.216904663480818 ], [ 280324.921048402960878, 6114097.868728554807603 ], [ 280322.963491746864747, 6114097.71178026124835 ], [ 280320.999979662243277, 6114097.747573024593294 ], [ 280319.049443649419118, 6114097.975761742331088 ], [ 279834.218838132743258, 6114178.992833931930363 ], [ 279832.012926942261402, 6114179.491080414503813 ], [ 279829.877366469008848, 6114180.235173958353698 ], [ 279559.002143330115359, 6114292.163698834367096 ], [ 279557.105457881523762, 6114293.0668023834005 ], [ 279555.313962392450776, 6114294.163869211450219 ], [ 279553.647421589295845, 6114295.442795895040035 ], [ 279552.124221632082481, 6114296.88947263918817 ], [ 279370.628174227662385, 6114488.376904210075736 ], [ 279366.276801902626175, 6114489.215390265919268 ], [ 279364.194701678410638, 6114489.733814802020788 ], [ 279362.180122050049249, 6114490.472309395670891 ], [ 279360.256250352307688, 6114491.422374147921801 ], [ 279358.445229893201031, 6114492.573074039071798 ], [ 278960.388199352484662, 6114776.570366887375712 ], [ 278958.847810263221618, 6114777.787755193188787 ], [ 278957.434208905498963, 6114779.150313094258308 ], [ 278956.161018271639477, 6114780.644909508526325 ], [ 278955.040508204430807, 6114782.25714088883251 ], [ 278954.083477151230909, 6114783.97147002723068 ], [ 278953.299148098856676, 6114785.771375793963671 ], [ 278952.695079690834973, 6114787.639512349851429 ], [ 278952.27709338394925, 6114789.557876309379935 ], [ 278941.596232554584276, 6114853.532138839364052 ], [ 278941.404222492594272, 6114855.027083153836429 ], [ 278941.325338517024647, 6114856.532242177985609 ], [ 278939.967872824810911, 6114949.04884585365653 ], [ 278940.063533147447743, 6114951.31785534042865 ], [ 278953.333884045947343, 6115085.0041573792696 ], [ 278953.607267176324967, 6115086.863938379101455 ], [ 278954.054047417303082, 6115088.689838463440537 ], [ 278954.670277997502126, 6115090.465727979317307 ], [ 278955.450515253527556, 6115092.175919058732688 ], [ 278956.387866718345322, 6115093.805304198525846 ], [ 279564.759342923818622, 6116044.925243235193193 ], [ 279589.687258399266284, 6116544.577660310082138 ], [ 279589.844026409322396, 6116546.270235857926309 ], [ 279595.86718461610144, 6116590.659521737135947 ], [ 279595.917703609913588, 6116591.008691690862179 ], [ 279777.386469740362372, 6117771.679309050552547 ], [ 279777.79625469550956, 6117773.667382383719087 ], [ 279778.405445301497821, 6117775.603679389692843 ], [ 279779.207766347855795, 6117777.468254469335079 ], [ 279780.194953207101207, 6117779.241900824941695 ], [ 279781.356836967926938, 6117780.906348305754364 ], [ 279782.681449183903169, 6117782.444451607763767 ], [ 279784.155145159456879, 6117783.840366885066032 ], [ 279785.762744502339046, 6117785.079714955762029 ], [ 279787.487687495304272, 6117786.149729423224926 ], [ 279789.312205676164012, 6117787.039388176985085 ], [ 279791.217504868807737, 6117787.739526931196451 ], [ 279793.183958780195098, 6117788.242933629080653 ], [ 279795.19131116871722, 6117788.544422729872167 ], [ 279921.384239353239536, 6117800.990526957437396 ], [ 280034.324909387272783, 6117823.515214247629046 ], [ 280005.827457192004658, 6117939.18339622952044 ], [ 279655.728119528735988, 6118034.037355928681791 ], [ 279310.459026832890231, 6117729.650108686648309 ], [ 279310.355859550239984, 6117729.567526654340327 ], [ 279310.260588078468572, 6117729.477471899241209 ], [ 279309.630258171877358, 6117728.986706501804292 ], [ 279308.975435455678962, 6117728.46254235226661 ], [ 279308.859369961777702, 6117728.386504520662129 ], [ 279308.750764265540056, 6117728.301945757120848 ], [ 279308.081048916850705, 6117727.876604097895324 ], [ 279307.385828712023795, 6117727.42114541772753 ], [ 279307.257225396286231, 6117727.353387087583542 ], [ 279307.13551169767743, 6117727.276085728779435 ], [ 279306.433188799826894, 6117726.919219870120287 ], [ 279305.704558196186554, 6117726.535320024937391 ], [ 279305.563993262476288, 6117726.477562317624688 ], [ 279305.429615709115751, 6117726.409282099455595 ], [ 279304.701675133197568, 6117726.12323840148747 ], [ 279303.94680307910312, 6117725.813063753768802 ], [ 279303.795068618142977, 6117725.76698805950582 ], [ 279303.64869134518085, 6117725.709469220601022 ], [ 279302.90226302028168, 6117725.495878661982715 ], [ 279302.128433064557612, 6117725.260897415690124 ], [ 279301.96653419744689, 6117725.228119743056595 ], [ 279301.8090404291288, 6117725.183052881620824 ], [ 279301.051322338986211, 6117725.042828053236008 ], [ 279300.265865111607127, 6117724.883806187659502 ], [ 279300.095014280348551, 6117724.865851767361164 ], [ 279299.927502341917716, 6117724.834851671941578 ], [ 279299.165689421177376, 6117724.768190612085164 ], [ 279298.375915215583518, 6117724.685194596648216 ], [ 279298.197523430979345, 6117724.683473001234233 ], [ 279298.021299882035237, 6117724.668052879162133 ], [ 279180.890777987020556, 6117720.047734396532178 ], [ 279178.713215322524775, 6117720.080502017401159 ], [ 278512.036538495332934, 6117766.501919345930219 ], [ 278297.042785239056684, 6117316.020952804014087 ], [ 278296.12294213817222, 6117314.312177212908864 ], [ 278295.041819844627753, 6117312.700594159774482 ], [ 278293.809597193438094, 6117311.201376801356673 ], [ 278292.437875638948753, 6117309.828640363179147 ], [ 278290.939570026588626, 6117308.595309246331453 ], [ 278289.328786998579744, 6117307.512995341792703 ], [ 278287.620692179305479, 6117306.591888703405857 ], [ 278285.831367389648221, 6117305.840661608614028 ], [ 278283.977659235941246, 6117305.266386907547712 ], [ 278282.077020497992635, 6117304.874471434392035 ], [ 278280.147345809906255, 6117304.66860509570688 ], [ 278278.206803181150462, 6117304.650726138614118 ], [ 278276.27366294368403, 6117304.821002893149853 ], [ 278274.366125735163223, 6117305.177832192741334 ], [ 277955.794248163641896, 6117380.933047888800502 ], [ 277824.139482708298601, 6117210.044284495525062 ], [ 277792.534195895306766, 6116805.597115144133568 ], [ 277929.006266157375649, 6116468.877163708209991 ], [ 277929.619814330944791, 6116467.136669422499835 ], [ 277930.070319973980077, 6116465.347030803561211 ], [ 277930.353947299241554, 6116463.523485559038818 ], [ 277930.468281389097683, 6116461.681560089811683 ], [ 277930.412348756857682, 6116459.836937293410301 ], [ 277930.186625635542441, 6116458.005323034711182 ], [ 277929.793033923080657, 6116456.20231241825968 ], [ 277929.234924818389118, 6116454.443257004953921 ], [ 277826.056654745654669, 6116174.728043915703893 ], [ 277841.942706527479459, 6116006.509162935428321 ], [ 278657.518465947476216, 6115485.8551802393049 ], [ 278659.069130381452851, 6115484.758246430195868 ], [ 278660.508741880592424, 6115483.519156965427101 ], [ 278661.824315782811027, 6115482.14908788818866 ], [ 278663.003986190538853, 6115480.66039661783725 ], [ 278664.037112995749339, 6115479.066510494798422 ], [ 278729.657958911324386, 6115366.448812237009406 ], [ 278730.63704097882146, 6115364.539992546662688 ], [ 278841.817599802976474, 6115115.760813653469086 ], [ 278841.98871334589785, 6115115.323280740529299 ], [ 278842.186047006922308, 6115114.880578230135143 ], [ 278875.853210793051403, 6115028.733819128014147 ], [ 278876.558534285228234, 6115026.574713028036058 ], [ 278877.014496000192594, 6115024.349557011388242 ], [ 278877.215214920404833, 6115022.087051255628467 ], [ 278878.319178239791654, 6114987.238520986400545 ], [ 278878.280803596717305, 6114985.214662730693817 ], [ 278878.038051032403018, 6114983.20504932384938 ], [ 278784.055543385562487, 6114438.448697158135474 ], [ 278783.550104086112697, 6114436.260597640648484 ], [ 278782.802545927232131, 6114434.142956220544875 ], [ 278775.443139004521072, 6114416.517088830471039 ], [ 278736.182649726164527, 6114102.132884525693953 ], [ 278736.100215453712735, 6114101.544091572985053 ], [ 278710.443014296761248, 6113936.220206703990698 ], [ 278710.065123135049362, 6113934.367861810140312 ], [ 278709.514023127616383, 6113932.559472439810634 ], [ 278708.794638330116868, 6113930.811196474358439 ], [ 278707.913396415766329, 6113929.138654689304531 ], [ 278706.878171244286932, 6113927.556791175156832 ], [ 278705.698212509509176, 6113926.07973981462419 ], [ 278704.384063093573786, 6113924.72069800272584 ], [ 278702.947464866680093, 6113923.491808719933033 ], [ 278701.401253774238285, 6113922.404052040539682 ], [ 278699.75924514781218, 6113921.467147026211023 ], [ 278698.036110266228206, 6113920.689464883878827 ], [ 278696.247245267790277, 6113920.077954170294106 ], [ 278680.073060073540546, 6113915.390035763382912 ], [ 278611.453439526434522, 6113662.750422410666943 ], [ 278610.811293283244595, 6113660.791527955792844 ], [ 278609.970917276805267, 6113658.909139194525778 ], [ 278588.719008334679529, 6113617.221665802411735 ], [ 278587.750482353672851, 6113615.530821221880615 ], [ 278586.622010791441426, 6113613.942252714186907 ], [ 278585.34430565853836, 6113612.47103975713253 ], [ 278452.742749215336516, 6113474.029155077412724 ], [ 278522.371337870950811, 6113221.505373218096793 ], [ 278522.806885698752012, 6113219.547332036308944 ], [ 278551.546368241892196, 6113050.816697451286018 ], [ 278617.462420266703703, 6112933.174931398592889 ], [ 278618.309076445701066, 6112931.480358941480517 ], [ 278618.991612928512041, 6112929.713286095298827 ], [ 278619.503906676196493, 6112927.889565279707313 ], [ 278619.841361898346804, 6112926.025557106360793 ], [ 278620.000951282097958, 6112924.137983604334295 ], [ 278619.981243150075898, 6112922.243778207339346 ], [ 278619.782414304034319, 6112920.359933842904866 ], [ 278619.406248438812327, 6112918.503350492566824 ], [ 278618.856120140757412, 6112916.690683575347066 ], [ 278522.244755875726696, 6112645.329326974228024 ], [ 278521.882452600228135, 6112644.387582003138959 ], [ 278388.061562270275317, 6112321.123284147121012 ], [ 278387.198000186588615, 6112319.302623717114329 ], [ 278386.155615443305578, 6112317.578101197257638 ], [ 278384.944989662908483, 6112315.96722283679992 ], [ 278383.578412343224045, 6112314.486341239884496 ], [ 278382.069756102049723, 6112313.150489370338619 ], [ 278380.434335851517972, 6112311.973227938637137 ], [ 277943.232126693532337, 6112029.559502324089408 ], [ 277756.041508222697303, 6111590.17782820854336 ], [ 277755.928884609660599, 6111589.944657969288528 ], [ 277755.833113294094801, 6111589.705664954148233 ], [ 277755.779365590133239, 6111589.601400697603822 ], [ 277755.731915600423235, 6111589.487637599930167 ], [ 277755.525022793794051, 6111589.095971764996648 ], [ 277755.379711783840321, 6111588.777452594600618 ], [ 277755.370855166460387, 6111588.762419978156686 ], [ 277755.363719694549218, 6111588.746814869344234 ], [ 277755.291260718309786, 6111588.624553671106696 ], [ 277755.220324827823788, 6111588.477691586129367 ], [ 277755.193161511328071, 6111588.432825393974781 ], [ 277755.171466786006931, 6111588.388200529851019 ], [ 277755.064145375159569, 6111588.213957166299224 ], [ 277754.964398974203505, 6111588.020460818894207 ], [ 277754.922091885877308, 6111587.954571823589504 ], [ 277754.883750534732826, 6111587.881988355889916 ], [ 277754.54909984691767, 6111587.367628740146756 ], [ 277754.320235336432233, 6111586.979169783182442 ], [ 277754.299483272247016, 6111586.951111599802971 ], [ 277754.281989651382901, 6111586.921594331040978 ], [ 277754.262007858196739, 6111586.894820315763354 ], [ 277754.242480717599392, 6111586.862566947937012 ], [ 277754.179842668643687, 6111586.778233603574336 ], [ 277754.127892397111282, 6111586.693888923153281 ], [ 277754.031264662917238, 6111586.567198851145804 ], [ 277753.940015478525311, 6111586.425087508745492 ], [ 277753.915808909572661, 6111586.3942577149719 ], [ 277753.893446858564857, 6111586.359887141734362 ], [ 277753.473439011082519, 6111585.827160188928246 ], [ 277753.116690455237404, 6111585.346848310902715 ], [ 277753.095830295816995, 6111585.323691985569894 ], [ 277753.079117001092527, 6111585.301094489172101 ], [ 277753.043768635136075, 6111585.262476556934416 ], [ 277753.012991399038583, 6111585.221237505786121 ], [ 277752.966019772400614, 6111585.170540288090706 ], [ 277752.921115762321278, 6111585.111665966920555 ], [ 277752.845407099579461, 6111585.030580961145461 ], [ 277752.769168371858541, 6111584.933881755918264 ], [ 277267.786153215565719, 6111024.157275867648423 ], [ 277266.392674379516393, 6111022.701255911961198 ], [ 277266.359860846947413, 6111022.673249090090394 ], [ 277266.33121687406674, 6111022.643445647321641 ], [ 277266.321776423545089, 6111022.635490793734789 ], [ 277266.313316313724499, 6111022.626699020154774 ], [ 277265.826552411832381, 6111022.218062669970095 ], [ 277264.859734846802894, 6111021.392869972623885 ], [ 277264.788744772435166, 6111021.343704701401293 ], [ 277264.725591748254374, 6111021.290489754639566 ], [ 277138.266615389613435, 6110925.616472105495632 ], [ 276748.953911193588283, 6109777.241465411148965 ], [ 276748.92852514522383, 6109777.176861270330846 ], [ 276748.908855607849546, 6109777.110065219923854 ], [ 276748.787241276004352, 6109776.806656427681446 ], [ 276748.684107301349286, 6109776.494702161289752 ], [ 276748.563417746976484, 6109776.219893564470112 ], [ 276748.469177896855399, 6109775.958155949600041 ], [ 276748.358591661439277, 6109775.726455822587013 ], [ 276748.258423285151366, 6109775.471540533006191 ], [ 276748.228270857012831, 6109775.412112403661013 ], [ 276748.203399367223028, 6109775.350061914883554 ], [ 276748.055053536430933, 6109775.062354651279747 ], [ 276747.924223357404117, 6109774.764455979689956 ], [ 276747.751442905166186, 6109774.45435858797282 ], [ 276747.610607811308, 6109774.159281094558537 ], [ 276747.500290016352665, 6109773.977317842654884 ], [ 276747.397979179455433, 6109773.775671008042991 ], [ 276747.363802743086126, 6109773.721717892214656 ], [ 276747.334442009043414, 6109773.664774623699486 ], [ 276747.161232454353012, 6109773.395079492591321 ], [ 276747.004426961299032, 6109773.113653128966689 ], [ 276746.771752100787126, 6109772.775633848272264 ], [ 276746.577242989267688, 6109772.454801561310887 ], [ 276746.475906892272178, 6109772.32002851460129 ], [ 276746.38035801704973, 6109772.169188927859068 ], [ 276746.342911581159569, 6109772.120916784740984 ], [ 276746.309793896216433, 6109772.069351047277451 ], [ 276746.113783413544297, 6109771.819767357781529 ], [ 276745.932929998845793, 6109771.557031878270209 ], [ 276745.633381226449274, 6109771.199502322822809 ], [ 276745.379347567912191, 6109770.861647490411997 ], [ 276745.295158322784118, 6109770.770259661599994 ], [ 276745.21475995198125, 6109770.666618244722486 ], [ 276745.174798315856606, 6109770.624140666797757 ], [ 276745.138664771278854, 6109770.578131171874702 ], [ 276744.92208809114527, 6109770.350530998781323 ], [ 276744.719298729149159, 6109770.1084896447137 ], [ 276744.346778171893675, 6109769.740788459777832 ], [ 276744.028819923114497, 6109769.395643256604671 ], [ 276743.969232129864395, 6109769.342673337087035 ], [ 276743.911722974211443, 6109769.281543467193842 ], [ 276743.869991151615977, 6109769.244883586652577 ], [ 276743.831580977363046, 6109769.204518380574882 ], [ 276743.596820418548305, 6109769.00053306017071 ], [ 276743.374368377728388, 6109768.780958926305175 ], [ 276742.92365990113467, 6109768.413223300129175 ], [ 276742.539074485830497, 6109768.071350287646055 ], [ 276742.510684392414987, 6109768.050782287493348 ], [ 276742.483027637412306, 6109768.026486839167774 ], [ 276742.44025063450681, 6109767.995580360293388 ], [ 276742.400290845544077, 6109767.960858981125057 ], [ 276742.149850994523149, 6109767.781868184916675 ], [ 276741.910146400332451, 6109767.586291833780706 ], [ 276741.415805213153362, 6109767.25541627407074 ], [ 276740.941590553033166, 6109766.912795132026076 ], [ 276740.932788759295363, 6109766.907631508074701 ], [ 276740.924908500281163, 6109766.901922433637083 ], [ 276395.812410311948042, 6109542.216038810089231 ], [ 276347.825454430014361, 6109455.836429469287395 ], [ 276427.216679819568526, 6109380.646440378390253 ], [ 276427.600009000278078, 6109380.24291202519089 ], [ 276428.270983684633393, 6109379.569737221114337 ], [ 276428.481723103730474, 6109379.314736821688712 ], [ 276428.671602821734268, 6109379.114851569756866 ], [ 276428.988128442666493, 6109378.701972659677267 ], [ 276429.456876385665964, 6109378.134774965234101 ], [ 276429.724939322564751, 6109377.74086982011795 ], [ 276429.956863302388228, 6109377.438346062786877 ], [ 276430.185367604251951, 6109377.064293373376131 ], [ 276430.504212303145323, 6109376.595766955986619 ], [ 276430.810405994590838, 6109376.041129743680358 ], [ 276431.058122364745941, 6109375.635627643205225 ], [ 276431.2031866418547, 6109375.329649497754872 ], [ 276431.403917689982336, 6109374.966046614572406 ], [ 276431.730092050740495, 6109374.218269471079111 ], [ 276431.963093907979783, 6109373.726808184757829 ], [ 276432.039198048005346, 6109373.509622724726796 ], [ 276432.148197817848995, 6109373.259733259677887 ], [ 276432.484133197402116, 6109372.239869921468198 ], [ 276432.66168169566663, 6109371.733183264732361 ], [ 276432.688427558343392, 6109371.619654422625899 ], [ 276432.730604507494718, 6109371.491609784774482 ], [ 276433.146091993898153, 6109369.676994585432112 ], [ 276488.121131395571865, 6109065.025881770066917 ], [ 276488.354008340800647, 6109063.316265035420656 ], [ 276488.358219589223154, 6109063.230540060438216 ], [ 276488.368393071403261, 6109063.153501736931503 ], [ 276488.387567498139106, 6109062.633128435350955 ], [ 276488.438666932925116, 6109061.592938607558608 ], [ 276488.432248532539234, 6109061.420533259399235 ], [ 276488.437937281851191, 6109061.266146727837622 ], [ 276488.405703334894497, 6109060.707499827258289 ], [ 276488.374477095901966, 6109059.868728435598314 ], [ 276488.342394112551119, 6109059.61028697527945 ], [ 276488.329143875918817, 6109059.380646973848343 ], [ 276488.248903390194755, 6109058.857181239873171 ], [ 276488.16191656596493, 6109058.156467043794692 ], [ 276405.985186297213659, 6108569.640680149197578 ], [ 276591.974111524003092, 6108079.788095402531326 ], [ 276592.146860369248316, 6108079.253622877411544 ], [ 276592.344407725380734, 6108078.723309902474284 ], [ 276592.456700642185751, 6108078.29499931819737 ], [ 276592.592084664443973, 6108077.876130873337388 ], [ 276592.709646385512315, 6108077.330207039602101 ], [ 276592.852324351726566, 6108076.78600100427866 ], [ 276592.921731440990698, 6108076.345343212597072 ], [ 276593.015090913919266, 6108075.911807866767049 ], [ 276593.076918001053855, 6108075.360081222839653 ], [ 276593.163937053002883, 6108074.807607063092291 ], [ 276593.189109449624084, 6108074.358917907811701 ], [ 276593.23886055406183, 6108073.914953762665391 ], [ 276593.244978786387946, 6108073.363066544756293 ], [ 276593.276121019851416, 6108072.807967139407992 ], [ 276593.256146373634692, 6108072.355708817951381 ], [ 276593.261134910630062, 6108071.90572430472821 ], [ 276593.212136532762088, 6108071.359254786744714 ], [ 276593.187751286837738, 6108070.807133349590003 ], [ 276593.122169528505765, 6108070.35587003082037 ], [ 276593.081689151818864, 6108069.904400147497654 ], [ 276592.978720291750506, 6108069.368806244805455 ], [ 276592.899714013503399, 6108068.825169778428972 ], [ 276592.788528588193003, 6108068.379521554335952 ], [ 276592.702334557834547, 6108067.931182152591646 ], [ 276592.547077076742426, 6108067.411746894009411 ], [ 276592.414897598093376, 6108066.881951286457479 ], [ 276436.631717378972098, 6107553.456024495884776 ], [ 276435.978666920564137, 6107551.628129088319838 ], [ 276435.151499209110625, 6107549.87214785348624 ], [ 276434.158005495613907, 6107548.204620713368058 ], [ 276433.007543687417638, 6107546.641254425980151 ], [ 276431.710950204404071, 6107545.196774636395276 ], [ 276430.280437908542808, 6107543.884787177667022 ], [ 276428.729481068905443, 6107542.717649909667671 ], [ 276427.072688444633968, 6107541.706356321461499 ], [ 276425.32566568243783, 6107540.860431980341673 ], [ 276423.504868323972914, 6107540.18784481100738 ], [ 275774.20340966375079, 6107335.559039533138275 ], [ 275274.000097616866697, 6107056.786202450282872 ], [ 275272.295929766085465, 6107055.940047857351601 ], [ 275270.519066959153861, 6107055.259662507101893 ], [ 275268.685590540408157, 6107054.751204169355333 ], [ 275237.291756996070035, 6107047.63407654222101 ], [ 275235.379404638311826, 6107047.297193944454193 ], [ 275233.443396287271753, 6107047.147350392304361 ], [ 275231.501981635869015, 6107047.185958379879594 ], [ 275229.573461339226924, 6107047.412653970532119 ], [ 275227.676014504337218, 6107047.825300227850676 ], [ 275225.827527325658593, 6107048.420007362030447 ], [ 275224.045424481737427, 6107049.191169394180179 ], [ 275222.346504882269073, 6107050.131516999565065 ], [ 274576.915418788499665, 6107449.488561821170151 ], [ 274575.426278401573654, 6107450.505558518692851 ], [ 274574.034794336068444, 6107451.652551748789847 ], [ 274572.752278736094013, 6107452.92021696921438 ], [ 274571.589157880691346, 6107454.298248627223074 ], [ 274570.554887422884349, 6107455.775443941354752 ], [ 274501.46641710435506, 6107564.581758135929704 ], [ 274500.579111744882539, 6107566.127283374778926 ], [ 274499.832907924952451, 6107567.745658772066236 ], [ 274499.233730426698457, 6107569.424034591764212 ], [ 274397.861121942172758, 6107899.085449115373194 ], [ 274224.858811939368024, 6107890.958405924960971 ], [ 274222.766479421057738, 6107890.969685728661716 ], [ 274220.686775603564456, 6107891.199500072747469 ], [ 274218.642462754738517, 6107891.645333647727966 ], [ 274216.65591578965541, 6107892.302306826226413 ], [ 274214.748877378529869, 6107893.163229064084589 ], [ 274105.336182179744355, 6107949.623236116021872 ], [ 274103.624815809016582, 6107950.61649664491415 ], [ 274102.019974187365733, 6107951.774004615843296 ], [ 274003.008416502503678, 6108030.918262749910355 ], [ 273931.794122108723968, 6107959.073201051913202 ], [ 273930.366667689348105, 6107957.766133946366608 ], [ 273928.81955600931542, 6107956.603165335953236 ], [ 273927.167275964980945, 6107955.595186569727957 ], [ 273651.750224409508519, 6107805.358273814432323 ], [ 273649.985832103935536, 6107804.50519504211843 ], [ 273648.146417820593342, 6107803.828897257335484 ], [ 273646.249643723771442, 6107803.335874311625957 ], [ 273644.313722750230227, 6107803.030860240571201 ], [ 273642.357243727426976, 6107802.916783806867898 ], [ 273640.398992882343009, 6107802.994740379042923 ], [ 273638.457773455127608, 6107803.263981413096189 ], [ 273636.552225149178412, 6107803.721921642310917 ], [ 273569.59681212704163, 6107823.328165194019675 ], [ 273507.794284514442552, 6107788.242769228294492 ], [ 273505.882373692118563, 6107787.288629975169897 ], [ 273503.879581345419865, 6107786.543910214677453 ], [ 273501.808768271119334, 6107786.017110520973802 ], [ 273499.693571685871575, 6107785.714244028553367 ], [ 273396.85016798961442, 6107776.560300396755338 ], [ 273396.100958459195681, 6107776.527815097942948 ], [ 273395.477455665473826, 6107776.485552198253572 ], [ 273395.262969505856745, 6107776.491480373777449 ], [ 273395.034806083363947, 6107776.481587337329984 ], [ 273394.222784810233861, 6107776.520230000838637 ], [ 273393.572676132549532, 6107776.53819833137095 ], [ 273393.401980074006133, 6107776.559290654025972 ], [ 273393.219792516203597, 6107776.567960639484227 ], [ 273392.34156736091245, 6107776.690322193317115 ], [ 273391.68155199859757, 6107776.771878013387322 ], [ 273391.555393557355274, 6107776.799858395010233 ], [ 273391.420109020837117, 6107776.818707349710166 ], [ 273390.46176182461204, 6107777.042412385344505 ], [ 273389.821249737986363, 6107777.184470043517649 ], [ 273389.739170369808562, 6107777.211085438728333 ], [ 273389.650610790413339, 6107777.231757720932364 ], [ 273388.556770054157823, 6107777.594495449215174 ], [ 273388.008656043210067, 6107777.772229162976146 ], [ 273387.969011831388343, 6107777.78940689843148 ], [ 273387.925903858675156, 6107777.80370229575783 ], [ 273386.260224537050817, 6107778.529820050112903 ], [ 273107.504312772944104, 6107915.437581823207438 ], [ 273105.873108878324274, 6107916.335284977219999 ], [ 273104.332454992050771, 6107917.380790932103992 ], [ 273102.895703564980067, 6107918.565038556233048 ], [ 272952.595587698859163, 6108054.682259612716734 ], [ 272855.236696599575225, 6108069.719339102506638 ], [ 272610.358857160201296, 6107851.439246339723468 ], [ 272608.921519260096829, 6107850.272784042172134 ], [ 272607.382491489581298, 6107849.244208303280175 ], [ 272605.7549578321632, 6107848.362330350093544 ], [ 272604.052860451338347, 6107847.634704735130072 ], [ 272602.290780255920254, 6107847.067564615979791 ], [ 272600.48381199373398, 6107846.66576836258173 ], [ 272598.647434943239205, 6107846.432757937349379 ], [ 272596.797380311589222, 6107846.370529408566654 ], [ 272552.558952393417712, 6107846.931090536527336 ], [ 272472.070216927560978, 6107711.158386528491974 ], [ 272471.732691414072178, 6107710.609391340054572 ], [ 272467.82927253167145, 6107704.483807937242091 ], [ 272466.731992342683952, 6107702.930164316669106 ], [ 272465.492085346370004, 6107701.487783314660192 ], [ 272464.120765981613658, 6107700.169710664078593 ], [ 272462.630437257175799, 6107698.987867778167129 ], [ 272461.034578571678139, 6107697.952943931333721 ], [ 272459.347623797890265, 6107697.074299575760961 ], [ 272457.584830734529532, 6107696.359881680458784 ], [ 272455.762143105792347, 6107695.816151856444776 ], [ 272453.89604635728756, 6107695.448027912527323 ], [ 272452.003418551757932, 6107695.258839374408126 ], [ 272450.10137771430891, 6107695.25029737316072 ], [ 272448.2071270068991, 6107695.422479168511927 ], [ 272446.337799133092631, 6107695.773827448487282 ], [ 272444.510301379894372, 6107696.301164413802326 ], [ 272280.984938316512853, 6107752.037854470312595 ], [ 271645.209011889412068, 6107626.036806573159993 ], [ 271620.16336692776531, 6107612.119054392911494 ], [ 271619.308457174629439, 6107611.670639197342098 ], [ 271460.222830214654095, 6107533.063348711468279 ], [ 271458.460324311046861, 6107532.295524359680712 ], [ 271458.45524441881571, 6107532.29387082438916 ], [ 271458.450373275263701, 6107532.291750283911824 ], [ 271457.844223879044876, 6107532.094979987479746 ], [ 271456.632239572645631, 6107531.700471852906048 ], [ 271456.62180917506339, 6107531.698155532591045 ], [ 271456.611703233851586, 6107531.694874906912446 ], [ 271455.869077677605674, 6107531.530993396416306 ], [ 271454.755467416835018, 6107531.283689450472593 ], [ 271454.739560458692722, 6107531.281733205541968 ], [ 271454.723997716966551, 6107531.278298842720687 ], [ 271453.919615218939725, 6107531.18089596927166 ], [ 271452.847349130664952, 6107531.049028201028705 ], [ 271452.825987340474967, 6107531.048468302004039 ], [ 271452.804892461164854, 6107531.045913917943835 ], [ 271451.969585964747239, 6107531.026021762751043 ], [ 271450.925515637907665, 6107530.998656363226473 ], [ 271450.898869475815445, 6107531.00052350666374 ], [ 271450.872316552500706, 6107530.999891170300543 ], [ 271450.024871394154616, 6107531.061766097322106 ], [ 271449.007724590075668, 6107531.133039372041821 ], [ 271448.976111936441157, 6107531.138339683413506 ], [ 271448.944324925541878, 6107531.140660564415157 ], [ 271448.098763094923925, 6107531.285439718514681 ], [ 271447.111696286825463, 6107531.45093553327024 ], [ 271447.07557882583933, 6107531.460631818510592 ], [ 271447.038929686474148, 6107531.466906973160803 ], [ 271446.206885204766877, 6107531.693845913745463 ], [ 271445.254949941067025, 6107531.94940750207752 ], [ 271445.214927351975348, 6107531.964400997385383 ], [ 271445.173931836674456, 6107531.975582465529442 ], [ 271444.36558486771537, 6107532.282586624845862 ], [ 271443.45464180217823, 6107532.623849419876933 ], [ 270952.563726626336575, 6107743.954417341388762 ], [ 270863.74792440480087, 6107735.640030363574624 ], [ 270861.907796554150991, 6107735.552981102839112 ], [ 270861.757960317190737, 6107735.559708924032748 ], [ 270861.631291117111687, 6107735.554560764692724 ], [ 270861.116915961145423, 6107735.588492560200393 ], [ 270860.067465099156834, 6107735.63561412319541 ], [ 270859.760029897035565, 6107735.67800228856504 ], [ 270859.507078796916176, 6107735.694688718765974 ], [ 270701.696986656112131, 6107754.582042315974832 ], [ 270635.893435225996654, 6107729.099285447970033 ], [ 270793.664961313654203, 6107298.536324203014374 ], [ 270794.249619615089614, 6107296.660171374678612 ], [ 270794.647333108528983, 6107294.735697748139501 ], [ 270794.854262094246224, 6107292.781483030878007 ], [ 270794.868408789276145, 6107290.816394067369401 ], [ 270794.689636615396012, 6107288.859402684494853 ], [ 270794.319671517179813, 6107286.929402532055974 ], [ 270793.762085299356841, 6107285.045026673935354 ], [ 270793.022261142905336, 6107283.224467698484659 ], [ 270792.107341633352917, 6107281.485302078537643 ], [ 270510.43849190918263, 6106804.514438418671489 ], [ 270510.30271320824977, 6106793.172551725059748 ], [ 270798.575219687540084, 6106596.107323579490185 ], [ 270800.429372910759412, 6106594.67343713901937 ], [ 270802.103036646323744, 6106593.032472726888955 ], [ 270977.226586188422516, 6106399.937968176789582 ], [ 270978.430290300864726, 6106398.477440570481122 ], [ 270979.490547716792207, 6106396.909671870991588 ], [ 270980.397863712802064, 6106395.248701623640954 ], [ 270981.144113173359074, 6106393.509403999894857 ], [ 270981.722613351535983, 6106391.707354604266584 ], [ 270982.128183713881299, 6106389.858690990135074 ], [ 270982.357192332798149, 6106387.979968143627048 ], [ 270982.407588410482276, 6106386.088010238483548 ], [ 270982.278920644544996, 6106384.199759966693819 ], [ 270981.972341269196477, 6106382.332126821391284 ], [ 270981.490595736715477, 6106380.501835663802922 ], [ 270980.837998132046778, 6106378.725276954472065 ], [ 270713.178002792934421, 6105744.53601108584553 ], [ 270710.206414820917416, 6105595.159541791304946 ], [ 271090.964753342675976, 6105271.680796784348786 ], [ 271091.275989699468482, 6105271.410812658257782 ], [ 271149.913674361712765, 6105219.47705686930567 ], [ 271151.25813727802597, 6105218.168779235333204 ], [ 271152.47410811111331, 6105216.740288482047617 ], [ 271153.550888838246465, 6105215.204152366146445 ], [ 271154.479006020992529, 6105213.573885702528059 ], [ 271155.250294151774142, 6105211.863831458613276 ], [ 271155.85796749376459, 6105210.089034565724432 ], [ 271177.700562546844594, 6105134.968139432370663 ], [ 271178.148284242779482, 6105133.096838992089033 ], [ 271178.414112489088438, 6105131.191174960695207 ], [ 271178.91953102638945, 6105125.620329881086946 ], [ 271178.998470910592005, 6105123.474614148028195 ], [ 271178.533531983499415, 6105096.018125678412616 ], [ 271316.75347020465415, 6105007.533850148320198 ], [ 271318.340472178766504, 6105006.405333702452481 ], [ 271319.810201667365618, 6105005.12782837357372 ], [ 271321.14872517681215, 6105003.713445310480893 ], [ 271322.343353087257128, 6105002.175593305379152 ], [ 271323.38275995379081, 6105000.528851673938334 ], [ 271324.257091875595506, 6104998.788832040503621 ], [ 271324.958059913478792, 6104996.97203033324331 ], [ 271325.47901867213659, 6104995.095670398324728 ], [ 271325.815029300109018, 6104993.177540712058544 ], [ 271331.30569181748433, 6104949.379967425018549 ], [ 271331.377327141235583, 6104948.719975403510034 ], [ 271336.055850264267065, 6104897.741977799683809 ], [ 271344.693128470156807, 6104803.552680647931993 ], [ 271474.109900592593476, 6104929.275709317065775 ], [ 271474.911527937627397, 6104930.013107065111399 ], [ 271477.720905478985514, 6104932.459556053392589 ], [ 271479.256221435265616, 6104933.669832989573479 ], [ 271480.902364751324058, 6104934.724431268870831 ], [ 271482.64360667031724, 6104935.613274296745658 ], [ 271484.4633097765618, 6104936.327869254164398 ], [ 271486.344086964440066, 6104936.861388249322772 ], [ 271488.267967570922337, 6104937.20873355306685 ], [ 271490.216569083451759, 6104937.366586311720312 ], [ 271492.171272783423774, 6104937.333438256755471 ], [ 271494.113401646260172, 6104937.109606113284826 ], [ 271496.024398798937909, 6104936.697228578850627 ], [ 271497.886004829255398, 6104936.100245885550976 ], [ 271499.680432252818719, 6104935.324362151324749 ], [ 271501.39053547102958, 6104934.376990877091885 ], [ 271502.999974595848471, 6104933.267184114083648 ], [ 271504.493371575837955, 6104932.005545969121158 ], [ 271505.856457132322248, 6104930.604131286032498 ], [ 272187.431747423252091, 6104157.623857585713267 ], [ 272188.689132328028791, 6104156.043699602596462 ], [ 272189.780763922259212, 6104154.344800984486938 ], [ 272190.695513250830118, 6104152.544481647200882 ], [ 272191.424054636387154, 6104150.661095468327403 ], [ 272191.958960752293933, 6104148.713843174278736 ], [ 272192.294778342999052, 6104146.722576593048871 ], [ 272192.428083818696905, 6104144.707596270367503 ], [ 272192.357518157921731, 6104142.689444507472217 ], [ 272192.083800762949977, 6104140.688695938326418 ], [ 272191.609722124994732, 6104138.725747773423791 ], [ 272190.940115376433823, 6104136.820611859671772 ], [ 272190.081807017384563, 6104134.992710655555129 ], [ 272189.043547321576625, 6104133.260679231025279 ], [ 272150.754459208459593, 6104076.138923971913755 ], [ 272149.583243869128637, 6104074.564527376554906 ], [ 271749.021446925529744, 6103587.916605224832892 ], [ 271810.082336710125674, 6103542.756587989628315 ], [ 271811.254510526603553, 6103541.819639383815229 ], [ 271811.294524161959998, 6103541.782409261912107 ], [ 271811.334136081510223, 6103541.75057500321418 ], [ 271811.67212609143462, 6103541.431074882857502 ], [ 271812.353134111617692, 6103540.797440594993532 ], [ 272279.454131871112622, 6103072.288846045732498 ], [ 272279.472299181856215, 6103072.270600514486432 ], [ 272298.619914623268414, 6103053.015770521946251 ], [ 272299.871609142515808, 6103051.633807731792331 ], [ 272300.98916703206487, 6103050.141284804791212 ], [ 272301.962875148339663, 6103048.55117385648191 ], [ 272302.784270603791811, 6103046.877295178361237 ], [ 272303.446214321360458, 6103045.134197120554745 ], [ 272303.942953082849272, 6103043.337029648013413 ], [ 272304.270169532625005, 6103041.501412661746144 ], [ 272305.828230584796984, 6103029.563112645410001 ], [ 272305.883933887002058, 6103028.885291639715433 ], [ 272305.952043882571161, 6103028.306326925754547 ], [ 272305.95706253068056, 6103027.995431813411415 ], [ 272305.984706524002831, 6103027.659048176370561 ], [ 272305.974563007242978, 6103026.911312638781965 ], [ 272305.984621405194048, 6103026.288215205073357 ], [ 272305.96259615937015, 6103026.02916912920773 ], [ 272305.958791966142599, 6103025.748740699142218 ], [ 272305.86931201769039, 6103024.932024016976357 ], [ 272305.813627203111537, 6103024.277096811681986 ], [ 272305.775098348094616, 6103024.072100904770195 ], [ 272305.750723378092516, 6103023.849621511995792 ], [ 272305.566420108778402, 6103022.961811361834407 ], [ 272305.440802782366518, 6103022.293454160913825 ], [ 272305.396445581398439, 6103022.143024418503046 ], [ 272305.362399357720278, 6103021.979019823484123 ], [ 272305.061670538270846, 6103021.007693004794419 ], [ 272304.869945206854027, 6103020.357489842921495 ], [ 272304.830328535754234, 6103020.260479313321412 ], [ 272304.797363309538923, 6103020.154004621319473 ], [ 272304.334034505009186, 6103019.045189243741333 ], [ 272304.106868427363224, 6103018.488920860923827 ], [ 272304.082223402801901, 6103018.442567478865385 ], [ 272304.060771111515351, 6103018.391228925436735 ], [ 272303.159344068379141, 6103016.706777825020254 ], [ 272162.633916354097892, 6102781.821112770587206 ], [ 272161.198408604948781, 6102779.734122362919152 ], [ 271780.1373383437749, 6102294.661877417936921 ], [ 271780.137338343658485, 6102294.661877417936921 ], [ 271540.531952099583577, 6101851.547109302133322 ], [ 271539.547938208212145, 6101849.917751052416861 ], [ 271538.413487003708724, 6101848.389316523447633 ], [ 271537.138874037715141, 6101846.975649861618876 ], [ 271535.735644409200177, 6101845.689555676653981 ], [ 271534.216508191952016, 6101844.542683060280979 ], [ 271532.595225310360547, 6101843.54542007483542 ], [ 271530.886480905581266, 6101842.706799658946693 ], [ 271529.105752321542241, 6101842.034417807124555 ], [ 271527.269168915401679, 6101841.534364773891866 ], [ 271525.393365962081589, 6101841.211169903166592 ], [ 271523.495333976636175, 6101841.067760607227683 ], [ 271521.5922648186679, 6101841.105435848236084 ], [ 271519.701395973039325, 6101841.323854374699295 ], [ 271470.149379611713812, 6101849.453114015981555 ], [ 271520.371724042459391, 6101764.8957435535267 ], [ 271521.311685532855336, 6101763.114602305926383 ], [ 271522.067752498493064, 6101761.247959734871984 ], [ 271522.632258436118718, 6101759.314743556082249 ], [ 271522.999479267047718, 6101757.334556543268263 ], [ 271523.165691379806958, 6101755.327477750368416 ], [ 271523.129209386883304, 6101753.313858916051686 ], [ 271516.996700936346315, 6101663.909499573521316 ], [ 271516.739831789338496, 6101661.805696538649499 ], [ 271516.261775324295741, 6101659.740888803265989 ], [ 271515.567900078254752, 6101657.738263998180628 ], [ 271514.665998216310982, 6101655.8203114438802 ], [ 271451.866429300047457, 6101538.808291485533118 ], [ 271451.196811746514868, 6101537.654678988270462 ], [ 271393.064006259315647, 6101444.781967142596841 ], [ 271391.722950556024443, 6101442.892467170953751 ], [ 271082.158852134889457, 6101056.294925579801202 ], [ 271077.684524112439249, 6101021.201614515855908 ], [ 271372.931483598658815, 6100430.628597620874643 ], [ 271373.027148051885888, 6100430.410599668510258 ], [ 271373.147446431743447, 6100430.18290074262768 ], [ 271373.47244744328782, 6100429.395861674100161 ], [ 271373.735896464204416, 6100428.795520113781095 ], [ 271373.792578948952723, 6100428.620614849030972 ], [ 271373.868056901264936, 6100428.437833580188453 ], [ 271374.147065562894568, 6100427.526774745434523 ], [ 271374.353036003070883, 6100426.891211316920817 ], [ 271374.380395187588874, 6100426.764873609878123 ], [ 271374.420905947394203, 6100426.632592105306685 ], [ 271374.642850105941761, 6100425.552924018353224 ], [ 271374.776719629124273, 6100424.934748847968876 ], [ 271374.785113198857289, 6100424.860871917568147 ], [ 271374.801066940417513, 6100424.783263451419771 ], [ 271374.959993618133012, 6100423.321642596274614 ], [ 271375.002702823432628, 6100422.945732809603214 ], [ 271375.002952024282422, 6100422.926561648957431 ], [ 271375.005152133700904, 6100422.906327627599239 ], [ 271375.031342853268143, 6100421.018510662019253 ], [ 271372.414896359259728, 6100342.581312088295817 ], [ 271372.138749099336565, 6100339.87050064932555 ], [ 271344.197088677319698, 6100176.793460063636303 ], [ 271343.777991227048915, 6100174.902691227383912 ], [ 271343.177984598441981, 6100173.06132176052779 ], [ 271342.4026948279934, 6100171.286617493256927 ], [ 271341.459391515993048, 6100169.595219157636166 ], [ 271340.356919662619475, 6100168.002986361272633 ], [ 270656.790651595103554, 6099276.328229328617454 ], [ 270656.204051330394577, 6099275.633767298422754 ], [ 270655.667443201877177, 6099274.988643734715879 ], [ 270655.615981781797018, 6099274.937565817497671 ], [ 270655.568870164570399, 6099274.881791500374675 ], [ 270654.912543133832514, 6099274.23936936724931 ], [ 270654.315026530646719, 6099273.646305604837835 ], [ 270654.263609901827294, 6099273.60418438911438 ], [ 270654.215783558844123, 6099273.557371291331947 ], [ 270653.493885264149867, 6099272.973615281283855 ], [ 270652.841002393630333, 6099272.438764571212232 ], [ 270652.790826171869412, 6099272.405093408189714 ], [ 270652.743518587667495, 6099272.366838592104614 ], [ 270651.960641574230976, 6099271.847991262562573 ], [ 270651.258750885783229, 6099271.376981791108847 ], [ 270651.210911548812874, 6099271.351111913099885 ], [ 270651.165270176425111, 6099271.32086335029453 ], [ 270650.326313356286846, 6099270.872751442715526 ] ], [ [ 280705.970552691549528, 6120547.913545814342797 ], [ 280258.128378278110176, 6120314.630181968212128 ], [ 280255.966069219342899, 6120313.662041995674372 ], [ 280253.704448980104644, 6120312.956386721692979 ], [ 279898.633392925956286, 6120224.867707490921021 ], [ 279896.736299430951476, 6120224.493373304605484 ], [ 279894.811923014989588, 6120224.303992149420083 ], [ 279892.878252218826674, 6120224.301334308460355 ], [ 279890.953362464322709, 6120224.485424625687301 ], [ 279889.055247090698685, 6120224.854542276822031 ], [ 279887.201649157563224, 6120225.405236851423979 ], [ 279885.409895587770734, 6120226.132360608316958 ], [ 279883.696735200239345, 6120227.029116594232619 ], [ 279501.813784827711061, 6120451.085035566240549 ], [ 279500.090513574716169, 6120452.219481846317649 ], [ 279498.493282964162063, 6120453.525424628518522 ], [ 279497.039090053876862, 6120454.98896661773324 ], [ 279495.743409754650202, 6120456.594533413648605 ], [ 279494.620030152669642, 6120458.325039247982204 ], [ 279493.680905782210175, 6120460.162068804726005 ], [ 279227.970544921583496, 6121053.597839534282684 ], [ 279139.014173423289321, 6121182.875281158834696 ], [ 279048.682098635996226, 6120894.932725194841623 ], [ 279048.359488411922939, 6120894.046151052229106 ], [ 279048.152825295168441, 6120893.452104168944061 ], [ 279048.107047514873557, 6120893.352411190979183 ], [ 279048.066828347218689, 6120893.241883776150644 ], [ 279047.589144166908227, 6120892.224542459473014 ], [ 279047.354642307851464, 6120891.713853900320828 ], [ 279047.327028108178638, 6120891.666304386220872 ], [ 279047.302084900729824, 6120891.61318193282932 ], [ 279046.394057943311054, 6120890.059801980853081 ], [ 279029.886191678931937, 6120864.52940770983696 ], [ 279029.609639597765636, 6120864.143543393351138 ], [ 279029.377146121114492, 6120863.77993206679821 ], [ 279029.080494682944845, 6120863.405244334600866 ], [ 279028.771104776533321, 6120862.973562445491552 ], [ 279028.422542504908051, 6120862.574213105253875 ], [ 279028.126406911120284, 6120862.200176914222538 ], [ 279027.825228377187159, 6120861.889867660589516 ], [ 279027.512387520517223, 6120861.531444503925741 ], [ 279027.086199461016804, 6120861.128433874808252 ], [ 279026.723061788943596, 6120860.754287090152502 ], [ 279026.427642951428425, 6120860.505691712722182 ], [ 279026.121569991402794, 6120860.216263950802386 ], [ 279025.612963891762774, 6120859.820138110779226 ], [ 279025.181354619504418, 6120859.456938286311924 ], [ 279024.901244126551319, 6120859.26581799890846 ], [ 279024.611392332531977, 6120859.04006808064878 ], [ 279024.016203702718485, 6120858.661952080205083 ], [ 279023.516933633945882, 6120858.321298511698842 ], [ 279023.260758845077362, 6120858.1820272738114 ], [ 279022.995688048016746, 6120858.013631063513458 ], [ 279022.309906786715146, 6120857.665089818648994 ], [ 279021.746692600892857, 6120857.358894438482821 ], [ 279021.522000418393873, 6120857.264644543640316 ], [ 279021.289257285068743, 6120857.146355248987675 ], [ 279020.507930241699796, 6120856.839280353859067 ], [ 279019.888599355821498, 6120856.579494408331811 ], [ 279019.701720753218979, 6120856.52242623269558 ], [ 279019.5077312621288, 6120856.446185044012964 ], [ 279018.622204581391998, 6120856.19276827480644 ], [ 279017.961513428599574, 6120855.991009281948209 ], [ 279017.817452204646543, 6120855.962467199191451 ], [ 279017.667429084016476, 6120855.919534134678543 ], [ 279016.65699526888784, 6120855.732552053406835 ], [ 279015.984994620550424, 6120855.599412146955729 ], [ 279015.887341014284175, 6120855.590126539580524 ], [ 279015.785208255809266, 6120855.571226741187274 ], [ 279014.580863154784311, 6120855.46589723136276 ], [ 279013.979104473663028, 6120855.408677689731121 ], [ 279013.929974348284304, 6120855.408971854485571 ], [ 279013.878310265194159, 6120855.40445342194289 ], [ 279011.964202647097409, 6120855.420741852372885 ], [ 278465.46928759070579, 6120886.266005493700504 ], [ 278463.769679751771037, 6120886.434981317259371 ], [ 278208.403442207723856, 6120922.892535998485982 ], [ 277952.159150773601141, 6120819.6569121805951 ], [ 278239.103828756138682, 6120586.336584995500743 ], [ 278408.559817831963301, 6120514.707241767086089 ], [ 278410.279324527771678, 6120513.881653578951955 ], [ 278410.319435504206922, 6120513.857444139197469 ], [ 278410.359605382021982, 6120513.838044318370521 ], [ 278410.87575506354915, 6120513.521671084687114 ], [ 278411.912363005860243, 6120512.896014465019107 ], [ 278411.987692545051686, 6120512.84011054225266 ], [ 278412.063651762378868, 6120512.793551445007324 ], [ 278412.61298525420716, 6120512.376065285876393 ], [ 278413.444079560111277, 6120511.759289551526308 ], [ 278413.548703841224778, 6120511.664931586012244 ], [ 278413.65493891981896, 6120511.584194337017834 ], [ 278414.16730598412687, 6120511.107030121609569 ], [ 278414.86054208263522, 6120510.481818199157715 ], [ 278690.976907409203704, 6120236.480399502441287 ], [ 278692.272316990362015, 6120235.065278983674943 ], [ 278693.426177239627577, 6120233.532549852505326 ], [ 278694.427870761952363, 6120231.896315715275705 ], [ 278695.268180344020948, 6120230.171632593497634 ], [ 278695.939373767818324, 6120228.374370383098722 ], [ 278696.435274959658273, 6120226.521066825836897 ], [ 278696.751320820243564, 6120224.628775337710977 ], [ 278696.884603212412912, 6120222.714908082969487 ], [ 278696.833895720890723, 6120220.797075760550797 ], [ 278650.842590843676589, 6119603.898684043437243 ], [ 278708.73048412980279, 6119488.282020232640207 ], [ 278923.427057357272133, 6119425.220231281593442 ], [ 279029.580531693121884, 6119447.555400903336704 ], [ 279240.196068515360821, 6119798.029239635914564 ], [ 279241.338071532081813, 6119799.72647588327527 ], [ 279242.647473180666566, 6119801.29817849304527 ], [ 279244.110574560589157, 6119802.727904383093119 ], [ 279245.71206877194345, 6119804.000695827417076 ], [ 279247.435201055253856, 6119805.103236939758062 ], [ 279249.261944079073146, 6119806.023992985486984 ], [ 279251.173186541127507, 6119806.753331055864692 ], [ 279509.289898225106299, 6119890.399309906177223 ], [ 279511.575175971316639, 6119890.99336202070117 ], [ 279591.907882008876186, 6119906.881046042777598 ], [ 279593.941491536505055, 6119907.175636790692806 ], [ 279595.994594618969131, 6119907.260011863894761 ], [ 279598.045518949336838, 6119907.133280608803034 ], [ 279600.072615219512954, 6119906.796780784614384 ], [ 279602.054485647415277, 6119906.254064443521202 ], [ 279700.373127346043475, 6119873.816124043427408 ], [ 279701.996489887591451, 6119873.201203313656151 ], [ 280055.399736310646404, 6119721.486126573756337 ], [ 280055.683842824189924, 6119721.346832051873207 ], [ 280055.959771777852438, 6119721.235462399199605 ], [ 280056.536155435838737, 6119720.928951881825924 ], [ 280057.207117017707787, 6119720.599986270070076 ], [ 280057.515231511148158, 6119720.4082967415452 ], [ 280057.815314047795255, 6119720.248718217015266 ], [ 280408.775695869640913, 6119509.24582393374294 ], [ 280410.480002579279244, 6119508.098006222397089 ], [ 280412.057544187351596, 6119506.781378205865622 ], [ 280413.491669162758626, 6119505.309837375767529 ], [ 280414.767239789944142, 6119503.698916386812925 ], [ 280490.566378811898176, 6119397.151718777604401 ], [ 280702.767462177376729, 6119248.819144097156823 ], [ 280703.355857717106119, 6119248.391711552627385 ], [ 280720.663477941357996, 6119235.331554022617638 ], [ 281233.554083476716187, 6118969.522467663511634 ], [ 281389.460225855291355, 6119002.426737180911005 ], [ 281391.341605754802004, 6119002.731001284904778 ], [ 281393.243404567881953, 6119002.854808579199016 ], [ 281395.148353167343885, 6119002.797034841030836 ], [ 281397.039153824793175, 6119002.558204680681229 ], [ 281398.898637280915864, 6119002.140486776828766 ], [ 281400.709918649750762, 6119001.547674180008471 ], [ 281402.456550740345847, 6119000.785149877890944 ], [ 281404.122673404344823, 6118999.8598379092291 ], [ 281405.693157552334014, 6118998.780140492133796 ], [ 281407.153742532769684, 6118997.555861730128527 ], [ 281408.491165624349378, 6118996.198118586093187 ], [ 281409.693282467022073, 6118994.719239933416247 ], [ 281410.749177338322625, 6118993.132654609158635 ], [ 281509.916617083596066, 6118827.523831723257899 ], [ 281587.66214379289886, 6118787.820349006913602 ], [ 281587.965351513994392, 6118787.64525047224015 ], [ 281588.210076630231924, 6118787.529729098081589 ], [ 281793.124137927894481, 6118674.739210063591599 ], [ 281829.036400540557224, 6118725.80598034709692 ], [ 281830.197373867675196, 6118727.301136555150151 ], [ 281831.494503022579011, 6118728.679834167473018 ], [ 281832.916167831863277, 6118729.92972229141742 ], [ 281834.449632485047914, 6118731.03960395604372 ], [ 281836.081159626250155, 6118731.999536422081292 ], [ 281837.796133418858517, 6118732.800920251756907 ], [ 281839.579190479533281, 6118733.436576345935464 ], [ 281841.414357509405818, 6118733.900810257531703 ], [ 282198.315910654317122, 6118806.406532104127109 ], [ 282186.980133981618565, 6118928.74585663434118 ], [ 282186.895566108694766, 6118930.763069332577288 ], [ 282187.014805642946158, 6118932.778529758565128 ], [ 282187.336637444328517, 6118934.771698864176869 ], [ 282187.857781806495041, 6118936.72226476855576 ], [ 282188.57292787899496, 6118938.610349748283625 ], [ 282189.474787789222319, 6118940.416712806560099 ], [ 282190.554170911025722, 6118942.122945753857493 ], [ 282191.800077524036169, 6118943.711660802364349 ], [ 282193.19981090928195, 6118945.166667759418488 ], [ 282194.73910673771752, 6118946.473139016889036 ], [ 282447.768192513496615, 6119140.135616411454976 ], [ 282726.194747799308971, 6119849.420387405902147 ], [ 282615.942006570636295, 6119899.127082835882902 ], [ 282615.45015361730475, 6119899.356914171949029 ], [ 282541.049270296818577, 6119935.360964552499354 ], [ 282539.329451384954154, 6119936.299848584458232 ], [ 282537.709758483164478, 6119937.402515904046595 ], [ 282536.205737729149405, 6119938.658382890745997 ], [ 282534.831825015891809, 6119940.055395478382707 ], [ 282370.731369827466551, 6120124.143278920091689 ], [ 282369.953214734094217, 6120125.071320792660117 ], [ 282269.92190760280937, 6120251.985530519858003 ], [ 282268.814186663134024, 6120253.537816994823515 ], [ 282267.8593432091875, 6120255.188548031263053 ], [ 282267.066058293392416, 6120256.922715850174427 ], [ 282266.441544142900966, 6120258.724554093554616 ], [ 282265.99147858901415, 6120260.577681173570454 ], [ 282265.719953446474392, 6120262.465249205939472 ], [ 282265.629437312716618, 6120264.370097180828452 ], [ 282265.720753123867325, 6120266.27490698825568 ], [ 282265.993070673372131, 6120268.162360863760114 ], [ 282266.443914159666747, 6120270.015298835933208 ], [ 282267.069184695370495, 6120271.816874739713967 ], [ 282447.977014027186669, 6120722.455161676742136 ], [ 282447.965927235840354, 6120722.641981365159154 ], [ 282230.289899401541334, 6120706.149420434609056 ], [ 282228.432779456896242, 6120706.095255916006863 ], [ 282226.578646377602126, 6120706.213656963780522 ], [ 282224.743500536191277, 6120706.503601827658713 ], [ 282222.943178453366272, 6120706.962588408961892 ], [ 282221.193216135841794, 6120707.58665585052222 ], [ 282006.720634386409074, 6120795.501698669977486 ], [ 281968.826647544978186, 6120755.727506588213146 ], [ 281967.541053894092329, 6120754.493239058181643 ], [ 281966.150689161440823, 6120753.378316064365208 ], [ 281964.666593425150495, 6120752.391590562649071 ], [ 281341.293946623394731, 6120376.868784076534212 ], [ 281339.604622552869841, 6120375.958596206270158 ], [ 281337.835845758090727, 6120375.214495120570064 ], [ 281336.003898969036527, 6120374.643330750986934 ], [ 281334.125646436528768, 6120374.250361033715308 ], [ 281332.218378685589414, 6120374.03920350689441 ], [ 281330.299653344904073, 6120374.011802013032138 ], [ 281328.387133517710026, 6120374.168408799916506 ], [ 281326.498425181605853, 6120374.507582200691104 ], [ 281324.650915113976225, 6120375.026199906133115 ], [ 281322.861610835650936, 6120375.719487707130611 ], [ 280841.830545531760436, 6120589.176216022111475 ], [ 280705.970552691549528, 6120547.913545814342797 ] ], [ [ 277246.304985873168334, 6133965.22015236876905 ], [ 277296.143950597965159, 6133976.828331903554499 ], [ 277270.77162582532037, 6133981.699488 ], [ 277270.205852205224801, 6133981.833857952617109 ], [ 277269.785463064617943, 6133981.914755013771355 ], [ 276928.148663735424634, 6134065.574597572907805 ], [ 276860.025711014866829, 6134038.996790786273777 ], [ 276852.063352253229823, 6134026.870176741853356 ], [ 277246.304985873168334, 6133965.22015236876905 ] ], [ [ 276239.463328041194472, 6123894.182225942611694 ], [ 276255.091669648420066, 6123909.190251260995865 ], [ 276239.569601911061909, 6123922.470051821321249 ], [ 276153.640611425798852, 6123922.699539239518344 ], [ 276239.463328041194472, 6123894.182225942611694 ] ], [ [ 276278.870456740842201, 6119245.465948351658881 ], [ 276277.937966155062895, 6119243.927745375782251 ], [ 276276.871042604150716, 6119242.4795460710302 ], [ 276275.678316451609135, 6119241.133064948953688 ], [ 276274.369435680215247, 6119239.899193718098104 ], [ 276072.036063487117644, 6119065.662979786284268 ], [ 276000.671329157950822, 6118834.805389818735421 ], [ 276000.025026185438037, 6118833.019885553047061 ], [ 275999.212304703018162, 6118831.303722156211734 ], [ 275998.240490852447692, 6118829.672369694337249 ], [ 275997.118344886926934, 6118828.140533722005785 ], [ 275995.855982203269377, 6118826.722022717818618 ], [ 275994.464782158553135, 6118825.429623611271381 ], [ 275992.957285492622759, 6118824.274986518546939 ], [ 275991.347081281710416, 6118823.268519720993936 ], [ 275651.36722840834409, 6118632.584471749141812 ], [ 275975.283513049187604, 6118440.950092226266861 ], [ 275976.955612962250598, 6118439.844103909097612 ], [ 275978.508588762488216, 6118438.576273304410279 ], [ 275979.926836427242961, 6118437.159339347854257 ], [ 275981.196105658367742, 6118435.607539135962725 ], [ 275982.303643066086806, 6118433.936464880593121 ], [ 276087.832260959025007, 6118255.939875380136073 ], [ 276089.066758971661329, 6118253.488287781365216 ], [ 276124.669646555848885, 6118168.76232588198036 ], [ 276125.369602870254312, 6118166.822039884515107 ], [ 276125.86599338601809, 6118164.819979683496058 ], [ 276126.153538185171783, 6118162.777440435253084 ], [ 276127.569924711366184, 6118146.772908095270395 ], [ 276129.318318412697408, 6118126.94030487537384 ], [ 276129.395502728410065, 6118125.126336524263024 ], [ 276129.307865798589773, 6118123.312843109481037 ], [ 276129.056129847595003, 6118121.514769805595279 ], [ 276128.642369455716107, 6118119.746934707276523 ], [ 276128.069994462188333, 6118118.02390671428293 ], [ 276127.343721864686813, 6118116.359885467216372 ], [ 276028.003680200024974, 6117914.302749678492546 ], [ 276027.048583495081402, 6117912.579954072833061 ], [ 276025.928644349507522, 6117910.95946935378015 ], [ 276024.654726829205174, 6117909.457015172578394 ], [ 276023.239188680774532, 6117908.087166216224432 ], [ 276021.695761453884188, 6117906.86321082059294 ], [ 275223.311004325631075, 6117335.442332022823393 ], [ 275222.638363535807002, 6117335.009311553090811 ], [ 275222.071716002945323, 6117334.623192567378283 ], [ 275221.864735396578908, 6117334.511279283091426 ], [ 275221.656175179290585, 6117334.377016174606979 ], [ 275220.895951503829565, 6117333.987463117577136 ], [ 275220.269768227706663, 6117333.648889237083495 ], [ 275220.08838787896093, 6117333.57365217152983 ], [ 275219.904653590812813, 6117333.47950323112309 ], [ 275219.053539385320619, 6117333.144394181668758 ], [ 275218.377611060335767, 6117332.864017261192203 ], [ 275218.226913083984982, 6117332.818926750682294 ], [ 275218.073400232649874, 6117332.758484162390232 ], [ 275217.12413135508541, 6117332.488962193951011 ], [ 275216.415094567113556, 6117332.276810502633452 ], [ 275216.299065006140154, 6117332.254704534076154 ], [ 275216.180147851468064, 6117332.220940880477428 ], [ 275215.112949450558517, 6117332.028725628741086 ], [ 275214.402806933387183, 6117331.893429175019264 ], [ 275214.324265069735702, 6117331.88667409773916 ], [ 275214.243229554791469, 6117331.872078628279269 ], [ 275212.988773572258651, 6117331.771813722327352 ], [ 275212.361858478921931, 6117331.717895218171179 ], [ 275212.322407570027281, 6117331.718553084880114 ], [ 275212.281401284621097, 6117331.715275575406849 ], [ 275210.313660195737612, 6117331.752050108276308 ], [ 275143.886045526654925, 6117336.269998226314783 ], [ 274919.566294674121309, 6116882.596918509341776 ], [ 275055.474059116793796, 6116858.705856977961957 ], [ 275500.000351307797246, 6117200.069925677962601 ], [ 275500.551630417234264, 6117200.453948054462671 ], [ 275501.030755568644963, 6117200.810449529439211 ], [ 275501.036815181607381, 6117200.814107820391655 ], [ 275501.042454010632355, 6117200.81830040551722 ], [ 275501.280387991457246, 6117200.961602363735437 ], [ 275501.523853728780523, 6117201.131201191805303 ], [ 275502.146788375917822, 6117201.484217489138246 ], [ 275502.68313704431057, 6117201.808020289056003 ], [ 275502.695905243046582, 6117201.814134620130062 ], [ 275502.707943257002626, 6117201.821384828537703 ], [ 275502.920873079798184, 6117201.922890337184072 ], [ 275503.139208813197911, 6117202.046620928682387 ], [ 275503.834550233208574, 6117202.35939965583384 ], [ 275504.423984897963237, 6117202.641663325950503 ], [ 275504.443932313821279, 6117202.648945995606482 ], [ 275504.462959117605351, 6117202.65801623929292 ], [ 275504.645154333789833, 6117202.724025883711874 ], [ 275504.832494763249997, 6117202.808295423164964 ], [ 275505.601122760039289, 6117203.07142857182771 ], [ 275506.237085255794227, 6117203.30361427180469 ], [ 275506.264494272589218, 6117203.310715567320585 ], [ 275506.290916548634414, 6117203.320288403891027 ], [ 275506.437680110218935, 6117203.357816747389734 ], [ 275506.589118140633218, 6117203.409660248085856 ], [ 275507.433129236625973, 6117203.613492648117244 ], [ 275508.105551300162915, 6117203.787707861512899 ], [ 275508.140509092889261, 6117203.793240575119853 ], [ 275508.174541202548426, 6117203.801942794583738 ], [ 275508.282286010333337, 6117203.818567751906812 ], [ 275508.393939639092423, 6117203.845532595179975 ], [ 275509.319306230638176, 6117203.979806902818382 ], [ 275510.011980549548753, 6117204.08943535387516 ], [ 275510.054375051346142, 6117204.091999993659556 ], [ 275510.096032671979629, 6117204.09842773899436 ], [ 275510.162339362723287, 6117204.102134304121137 ], [ 275510.231404560792726, 6117204.112155933864415 ], [ 275511.255941273411736, 6117204.164688307791948 ], [ 275511.938616941508371, 6117204.205986524932086 ], [ 275511.988135903258808, 6117204.204196902923286 ], [ 275512.037232705042697, 6117204.206941429525614 ], [ 275512.060887939238455, 6117204.205961361527443 ], [ 275512.085676873568445, 6117204.207232396118343 ], [ 275513.273484108503908, 6117204.157744243741035 ], [ 275513.867516208731104, 6117204.136275842785835 ], [ 275513.903261039056815, 6117204.131505561992526 ], [ 275513.940775692113675, 6117204.129942571744323 ], [ 275513.960664861893747, 6117204.127251064404845 ], [ 275513.979796802217606, 6117204.126458402723074 ], [ 276070.020799871708732, 6117153.928947846405208 ], [ 276072.112536727741826, 6117153.62801069021225 ], [ 276082.66869646293344, 6117151.534887950867414 ], [ 276084.589840863656718, 6117151.053994510322809 ], [ 276086.454006628133357, 6117150.385458563454449 ], [ 276088.242915357986931, 6117149.535835196264088 ], [ 276089.939026560226921, 6117148.513455081731081 ], [ 276091.525709634297527, 6117147.328342794440687 ], [ 276092.987406937172636, 6117145.992118523456156 ], [ 276094.3097863283474, 6117144.517884126864374 ], [ 276095.479881698323879, 6117142.920094674453139 ], [ 276096.486220103164669, 6117141.214416707865894 ], [ 276097.318934258131776, 6117139.417574631981552 ], [ 276097.969859287957661, 6117137.54718672670424 ], [ 276098.432612784265075, 6117135.621592400595546 ], [ 276098.702657386194915, 6117133.659672365523875 ], [ 276105.588489512214437, 6117054.941895944066346 ], [ 276105.594441315741278, 6117054.662087715230882 ], [ 276105.639079778105952, 6117054.208523231558502 ], [ 276105.644578823179472, 6117052.305006025359035 ], [ 276104.65950655360939, 6117030.290771620348096 ], [ 276181.341087498352863, 6116226.515224777162075 ], [ 276789.9974070857279, 6116738.028825900517404 ], [ 277019.979800563305616, 6117054.814945213496685 ], [ 276695.209938471147325, 6117533.796776266768575 ], [ 276694.238650184590369, 6117535.383439611643553 ], [ 276693.418991552025545, 6117537.053487884812057 ], [ 276692.758054467849433, 6117538.792471403256059 ], [ 276478.949682995968033, 6118191.218784568831325 ], [ 276478.462998867616989, 6118192.981673242524266 ], [ 276478.446902683295775, 6118193.039375186897814 ], [ 276478.446618707093876, 6118193.041006181389093 ], [ 276478.446154786099214, 6118193.042686616070569 ], [ 276478.442062867223285, 6118193.065867591649294 ], [ 276478.436234896071255, 6118193.086858469992876 ], [ 276478.377595325466245, 6118193.431080231443048 ], [ 276478.117239875602536, 6118194.906010075472295 ], [ 276478.113256819779053, 6118194.95564291253686 ], [ 276478.105167056724895, 6118195.00210580509156 ], [ 276478.101581721100956, 6118195.05131530854851 ], [ 276478.0935030633118, 6118195.098738060332835 ], [ 276478.052628303936217, 6118195.71113452501595 ], [ 276477.965882183983922, 6118196.792077461257577 ], [ 276477.967359878646675, 6118196.893538993783295 ], [ 276477.960397609742358, 6118196.989097633399069 ], [ 276477.962390548840631, 6118197.063100456260145 ], [ 276477.957586840551812, 6118197.135070885531604 ], [ 276477.980142918706406, 6118197.77124860137701 ], [ 276477.993436422839295, 6118198.684007718227804 ], [ 276478.010147077555303, 6118198.836420017294586 ], [ 276478.014030851540156, 6118198.980634274892509 ], [ 276478.026495123747736, 6118199.078578702174127 ], [ 276478.029901497822721, 6118199.174652996473014 ], [ 276478.113295459595975, 6118199.777201946824789 ], [ 276478.19965597090777, 6118200.564867317676544 ], [ 276478.241234499553684, 6118200.766003753989935 ], [ 276478.265534593490884, 6118200.956954236142337 ], [ 276478.293226596841123, 6118201.077263913117349 ], [ 276478.309694036201108, 6118201.196246608160436 ], [ 276478.442791090521496, 6118201.741035238839686 ], [ 276478.582695080898702, 6118202.417821816168725 ], [ 276478.658481065998785, 6118202.664135281927884 ], [ 276478.712413230270613, 6118202.8984470134601 ], [ 276478.759857654338703, 6118203.038842014968395 ], [ 276478.794051028729882, 6118203.17880124785006 ], [ 276478.962954450340476, 6118203.653709993697703 ], [ 276479.139125400339253, 6118204.22628653421998 ], [ 276479.258013092330657, 6118204.512956937775016 ], [ 276479.350232502736617, 6118204.785847684368491 ], [ 276479.421630377124529, 6118204.943377232179046 ], [ 276479.477928957378026, 6118205.101672948338091 ], [ 276479.667749298387207, 6118205.500941831618547 ], [ 276479.863966656208504, 6118205.974074990488589 ], [ 276480.034266978735104, 6118206.295075268484652 ], [ 276480.172663498145994, 6118206.600428070873022 ], [ 276480.271804717893247, 6118206.771514477208257 ], [ 276480.354206730204169, 6118206.944839207455516 ], [ 276480.549899117730092, 6118207.26699391938746 ], [ 276480.750731230480596, 6118207.645543782971799 ], [ 276480.980050821672194, 6118207.993723371066153 ], [ 276481.171545450109988, 6118208.324182567186654 ], [ 276481.301727064710576, 6118208.504675763659179 ], [ 276481.413759831921197, 6118208.689107484184206 ], [ 276481.600656439142767, 6118208.935998766683042 ], [ 276481.791482227039523, 6118209.225732600316405 ], [ 276482.086626314499881, 6118209.592916793189943 ], [ 276482.336966716044117, 6118209.940006813034415 ], [ 276913.131701319827698, 6118748.504954104311764 ], [ 276746.173513191577513, 6119053.331743429414928 ], [ 276745.348893224901985, 6119055.021246491000056 ], [ 276745.321622181858402, 6119055.093690583482385 ], [ 276745.290587676456198, 6119055.157878558151424 ], [ 276745.093263174814638, 6119055.700314284302294 ], [ 276744.686554648680612, 6119056.780714108608663 ], [ 276744.645720745553263, 6119056.930587262846529 ], [ 276744.597169524175115, 6119057.064052275381982 ], [ 276744.442065120034385, 6119057.678066899068654 ], [ 276744.19234991731355, 6119058.594599543139338 ], [ 276744.152316466788761, 6119058.825100160203874 ], [ 276744.100391107029282, 6119059.030658025294542 ], [ 276744.010947581904475, 6119059.639059853740036 ], [ 276743.870645846880507, 6119060.446875218302011 ], [ 276743.846240541024599, 6119060.759409981779754 ], [ 276743.805362197163049, 6119061.037467662245035 ], [ 276743.779924055037554, 6119061.608660032972693 ], [ 276743.724285029689781, 6119062.321174340322614 ], [ 276743.730634676525369, 6119062.715412120334804 ], [ 276743.715117408079095, 6119063.063839506357908 ], [ 276743.744564476190135, 6119063.580287507735193 ], [ 276743.754560716683045, 6119064.200935513712466 ], [ 276743.806980238237884, 6119064.674946419894695 ], [ 276743.83058498124592, 6119065.088930668309331 ], [ 276743.902637608232908, 6119065.539941661059856 ], [ 276743.961205390456598, 6119066.069549080915749 ], [ 276744.075198939011898, 6119066.620083502493799 ], [ 276744.15057723823702, 6119067.091911428608 ], [ 276744.251440681517124, 6119067.471246983855963 ], [ 276744.342393129016273, 6119067.910503886640072 ], [ 276744.533899239497259, 6119068.533540423028171 ], [ 276744.671802797121927, 6119069.052179494872689 ], [ 276744.787029041617643, 6119069.357060438022017 ], [ 276744.894755739776883, 6119069.707533165812492 ], [ 276745.180984922219068, 6119070.399441374465823 ], [ 276745.388900426914915, 6119070.949571906588972 ], [ 276745.503958190092817, 6119071.180171882733703 ], [ 276745.613412520848215, 6119071.44475828576833 ], [ 276746.015390338900033, 6119072.20518956054002 ], [ 276746.294494192465208, 6119072.764572431333363 ], [ 277375.307882956170943, 6120188.010477578267455 ], [ 277100.613310656044632, 6120267.4533875528723 ], [ 277054.209501236793585, 6120207.884278069250286 ], [ 277052.985838413296733, 6120206.457209603860974 ], [ 277051.633594666200224, 6120205.151333668269217 ], [ 277050.164716646715533, 6120203.978187268599868 ], [ 277048.592181433516089, 6120202.948134787380695 ], [ 277046.929881884308998, 6120202.070276416838169 ], [ 277045.192503896483686, 6120201.352367760613561 ], [ 277043.395396662235726, 6120200.800751318223774 ], [ 277041.554437062761281, 6120200.420300449244678 ], [ 276668.403624195372686, 6120141.435024779289961 ], [ 276279.660971428558696, 6119247.081712448038161 ], [ 276278.870456740842201, 6119245.465948351658881 ] ], [ [ 273907.244325859646779, 6130918.032401631586254 ], [ 273907.373086788167711, 6130917.954442976973951 ], [ 273907.49938141356688, 6130917.891503700055182 ], [ 273908.06809890671866, 6130917.533646000549197 ], [ 273908.852082769211847, 6130917.058980839326978 ], [ 273909.017286616901401, 6130916.936382623389363 ], [ 273909.179791501315776, 6130916.834128648974001 ], [ 273909.696059110632632, 6130916.432663747109473 ], [ 273910.361365547578316, 6130915.938938066363335 ], [ 273910.555606971320231, 6130915.764254007488489 ], [ 273910.747085411567241, 6130915.615354731678963 ], [ 273911.198325693199877, 6130915.186247974634171 ], [ 273911.758845604024827, 6130914.682164493948221 ], [ 273911.973702242597938, 6130914.448903968557715 ], [ 273912.185818167927209, 6130914.247192418202758 ], [ 273912.56732944434043, 6130913.804428686387837 ], [ 273913.032181686256081, 6130913.29975878726691 ], [ 273913.258334491343703, 6130913.002481293864548 ], [ 273913.481811706267763, 6130912.743124331347644 ], [ 273913.793240134720691, 6130912.299348697066307 ], [ 273914.170128866855521, 6130911.803929072804749 ], [ 273914.39749037544243, 6130911.438311266712844 ], [ 273914.622294593194965, 6130911.117972385138273 ], [ 273914.866167111205868, 6130910.684636815451086 ], [ 273915.162637848057784, 6130910.207885138690472 ], [ 273915.380483305430971, 6130909.770751549862325 ], [ 273915.596027883002535, 6130909.387751722708344 ], [ 273915.77699625043897, 6130908.975099766626954 ], [ 273916.000943707709666, 6130908.525721767917275 ], [ 273916.198036852118094, 6130908.015024642460048 ], [ 273916.393415872124024, 6130907.569512888789177 ], [ 273916.517785540316254, 6130907.18650908768177 ], [ 273916.677643303293735, 6130906.772294274531305 ], [ 274105.291152875113767, 6130340.107267674989998 ], [ 274105.821602154290304, 6130338.204820716753602 ], [ 274106.161826203053351, 6130336.25933145545423 ], [ 274106.308507257781457, 6130334.289771723560989 ], [ 274106.2602149284794, 6130332.315348081290722 ], [ 274106.017420147662051, 6130330.355314520187676 ], [ 274105.582490577595308, 6130328.4287847019732 ], [ 274104.959667522052769, 6130326.554545573890209 ], [ 274104.155024565872736, 6130324.750874157063663 ], [ 274103.176408347557299, 6130323.035359317436814 ], [ 274102.033362040994689, 6130321.424730245023966 ], [ 274100.737032293283846, 6130319.934693314135075 ], [ 274099.300060526176821, 6130318.579778922721744 ], [ 274097.73645966022741, 6130317.373199791647494 ], [ 274096.061477465322241, 6130316.326722120866179 ], [ 273760.190985181019641, 6130128.878583770245314 ], [ 273758.3706832115422, 6130127.980629616416991 ], [ 273756.468742377706803, 6130127.27179819252342 ], [ 273754.504751818778459, 6130126.759390144608915 ], [ 273752.498939758341294, 6130126.448683046735823 ], [ 273750.47196516249096, 6130126.342877042479813 ], [ 273748.444704962137621, 6130126.443061886355281 ], [ 273584.109479410399217, 6130142.9554563453421 ], [ 273610.668796569865663, 6129976.339661911129951 ], [ 273610.876679626700934, 6129974.478641178458929 ], [ 273610.878456009901129, 6129974.377597987651825 ], [ 273610.888096110837068, 6129974.28738266415894 ], [ 273610.88812224677531, 6129974.279237231239676 ], [ 273610.888977675000206, 6129974.271201029419899 ], [ 273610.890083949896507, 6129973.716184293851256 ], [ 273610.909595580887981, 6129972.606335095129907 ], [ 273610.894140528223943, 6129972.403599457815289 ], [ 273610.894718628900591, 6129972.223430498503149 ], [ 273584.764121302345302, 6129432.905645348131657 ], [ 273584.572880577936303, 6129430.951051995158195 ], [ 273584.190859448804986, 6129429.0246387347579 ], [ 273583.621741561510134, 6129427.144981047138572 ], [ 273582.871014647011179, 6129425.33020357042551 ], [ 273581.945917604956776, 6129423.597805332392454 ], [ 273580.855370702396613, 6129421.964491019956768 ], [ 273579.609889560262673, 6129420.446009898558259 ], [ 273578.221483756031375, 6129419.057003953494132 ], [ 273576.703541020920966, 6129417.810866704210639 ], [ 273575.070698149036616, 6129416.719614054076374 ], [ 273573.338699861080386, 6129415.793768428266048 ], [ 273571.524246986082289, 6129415.042257313616574 ], [ 273569.644835422979668, 6129414.47232717089355 ], [ 273567.718587436364032, 6129414.089473562315106 ], [ 273565.764076911786105, 6129413.897388163022697 ], [ 273563.80015025701141, 6129413.89792315941304 ], [ 273561.845744675083552, 6129414.091073392890394 ], [ 273559.919705561827868, 6129414.474976409226656 ], [ 273558.040604788868222, 6129415.045930414460599 ], [ 273556.226561623858288, 6129415.798429973423481 ], [ 273554.495068015123252, 6129416.725219094194472 ], [ 273552.862819925299846, 6129417.817361193709075 ], [ 273551.345556339889299, 6129419.064325268380344 ], [ 273366.514880347414874, 6129586.831136935390532 ], [ 272927.576587478572037, 6129668.758335216902196 ], [ 272762.62286774761742, 6129426.576555700972676 ], [ 272723.613609589694533, 6129215.866799224168062 ], [ 272928.234067240962759, 6128897.085620547644794 ], [ 273038.655444107716903, 6128752.336790382862091 ], [ 274014.420671635365579, 6128602.58015297818929 ], [ 274014.589218321896624, 6128602.546048766933382 ], [ 274014.76530793501297, 6128602.524176169186831 ], [ 274015.491561923467088, 6128602.364886675961316 ], [ 274016.02176801126916, 6128602.267106176353991 ], [ 274016.141730718314648, 6128602.231909032911062 ], [ 274016.276726624695584, 6128602.204593581147492 ], [ 274016.418863768514711, 6128602.161501299589872 ], [ 274016.568421602307353, 6128602.128698737360537 ], [ 274017.392451571475249, 6128601.866334822960198 ], [ 274017.534489392244723, 6128601.823272653855383 ], [ 274017.99796812760178, 6128601.687287664972246 ], [ 274018.040690617752261, 6128601.669805619865656 ], [ 274018.088942480448168, 6128601.655176911503077 ], [ 274018.204655567416921, 6128601.60773619543761 ], [ 274018.327391690283548, 6128601.56865809019655 ], [ 274163.989484417019412, 6128547.668920206837356 ], [ 274286.025211012572981, 6128572.201360114850104 ], [ 274366.412896569061559, 6128787.202565681189299 ], [ 274621.164829189772718, 6129472.481458104215562 ], [ 274621.938883316353895, 6129474.286820141598582 ], [ 274622.886304192361422, 6129476.007542537525296 ], [ 274623.997952778590843, 6129477.627026806585491 ], [ 274625.263105857360642, 6129479.129651033319533 ], [ 274626.669559471600223, 6129480.500920557416975 ], [ 274628.203746646584477, 6129481.727607799693942 ], [ 274629.850868260429706, 6129482.797879853285849 ], [ 274631.595035799778998, 6129483.701412626542151 ], [ 274633.419424623891246, 6129484.429490435868502 ], [ 274635.306436259008478, 6129484.975090076215565 ], [ 274699.679970305936877, 6129500.206110827624798 ], [ 274701.60468789661536, 6129500.563062495552003 ], [ 274703.55508165305946, 6129500.73014478571713 ], [ 274705.51246703567449, 6129500.705757070332766 ], [ 274707.458092526067048, 6129500.490132980048656 ], [ 274709.373319263919257, 6129500.085338168777525 ], [ 274711.239799605682492, 6129499.49525052215904 ], [ 275278.528639261727221, 6129289.092149619944394 ], [ 275359.512861309805885, 6129303.388528605923057 ], [ 275655.221173563972116, 6129593.50227397121489 ], [ 275654.100714002910536, 6129749.681605155579746 ], [ 275635.649169373209588, 6129811.91948745585978 ], [ 275635.497588139260188, 6129812.535187594592571 ], [ 275635.343309324467555, 6129813.077300027944148 ], [ 275635.285100412264001, 6129813.398280734196305 ], [ 275635.201623952016234, 6129813.737349540926516 ], [ 275635.100966015132144, 6129814.41365083027631 ], [ 275634.994209332915489, 6129815.002337921410799 ], [ 275634.970907345239539, 6129815.287489980459213 ], [ 275634.926017702789977, 6129815.589094841852784 ], [ 275634.886227125301957, 6129816.323742315173149 ], [ 275634.834864916629158, 6129816.952274086885154 ], [ 275634.838876171794254, 6129817.197975879535079 ], [ 275634.824765569646843, 6129817.458497813902795 ], [ 275634.8560372411157, 6129818.2491444805637 ], [ 275634.866800858930219, 6129818.908449382521212 ], [ 275634.890175483422354, 6129819.112267117016017 ], [ 275634.89875475410372, 6129819.329178188927472 ], [ 275635.011982858239207, 6129820.174380570650101 ], [ 275635.089711561449803, 6129820.852144964039326 ], [ 275635.124309754639398, 6129821.01285579893738 ], [ 275635.147336940746754, 6129821.184744507074356 ], [ 275635.355410692398436, 6129822.086334533989429 ], [ 275635.501463968423195, 6129822.764761404134333 ], [ 275635.539121035020798, 6129822.882357152178884 ], [ 275635.568333978240844, 6129823.008937742561102 ], [ 275635.890304313565139, 6129823.979034727439284 ], [ 275636.098117978253867, 6129824.627996678464115 ], [ 275636.130806532222778, 6129824.703668183647096 ], [ 275636.158056964806747, 6129824.785773768089712 ], [ 275636.637633320817258, 6129825.876933484338224 ], [ 275636.873964146361686, 6129826.424021292477846 ], [ 275636.89395168714691, 6129826.460123777389526 ], [ 275636.91133857157547, 6129826.499683417379856 ], [ 275637.821578320174012, 6129828.135648901574314 ], [ 275681.41350287431851, 6129898.513833531178534 ], [ 275681.710357782198116, 6129898.978657314553857 ], [ 275739.355457246419974, 6129986.555125960148871 ], [ 275698.587665930914227, 6130223.869384583085775 ], [ 275628.852670129854232, 6130461.008666358888149 ], [ 275628.800121349049732, 6130461.228549784980714 ], [ 275628.727101198281161, 6130461.454699925146997 ], [ 275628.705473103153054, 6130461.554527883417904 ], [ 275628.67465086793527, 6130461.65371410548687 ], [ 275628.522035946603864, 6130462.392161386087537 ], [ 275628.374793789582327, 6130463.008276725187898 ], [ 275628.350038514763582, 6130463.195093495771289 ], [ 275628.308193213189952, 6130463.38823722768575 ], [ 275628.298197715543211, 6130463.475231977179646 ], [ 275628.280181123293005, 6130463.562407617457211 ], [ 275628.192552945227362, 6130464.383565275929868 ], [ 275628.104722581221722, 6130465.04638098180294 ], [ 275628.10036736499751, 6130465.197027358226478 ], [ 275628.082365789450705, 6130465.353702153079212 ], [ 275628.08123924699612, 6130465.426678322255611 ], [ 275628.073368569894228, 6130465.5004338985309 ], [ 275628.065365413262043, 6130466.407740424387157 ], [ 275628.045310352230445, 6130467.101442440412939 ], [ 275628.053648104367312, 6130467.214001886546612 ], [ 275628.051828676834702, 6130467.331862379796803 ], [ 275628.056700615270529, 6130467.390056289732456 ], [ 275628.056177263730206, 6130467.449387915432453 ], [ 275628.145550153916702, 6130468.454677271656692 ], [ 275628.197184912627563, 6130469.151745231822133 ], [ 275628.210363394289743, 6130469.225514192134142 ], [ 275628.216880684776697, 6130469.303361360915005 ], [ 275628.224830151943024, 6130469.346439170651138 ], [ 275628.228770467103459, 6130469.390760853886604 ], [ 275628.438691289513372, 6130470.505343189463019 ], [ 275628.44832534895977, 6130470.557549729943275 ], [ 275628.55874140112428, 6130471.175623765215278 ], [ 275628.56893269054126, 6130471.211115564219654 ], [ 275628.575906758662313, 6130471.24890772998333 ], [ 275628.584019104484469, 6130471.276966573670506 ], [ 275628.589509098092094, 6130471.306115896441042 ], [ 275628.947668920212891, 6130472.534752349369228 ], [ 275629.125393783149775, 6130473.149464071728289 ], [ 275629.125840048538521, 6130473.15058006439358 ], [ 275629.126159243634902, 6130473.151691680774093 ], [ 275629.131075580837205, 6130473.163913117721677 ], [ 275629.134967296384275, 6130473.177263312973082 ], [ 275629.859964958392084, 6130474.986433202400804 ], [ 275723.863190675736405, 6130680.018017152324319 ], [ 274925.439615391020197, 6130649.673991747200489 ], [ 274800.179190467402805, 6130546.024377727881074 ], [ 274799.578678017307539, 6130545.546579405665398 ], [ 274589.432117952324916, 6130384.82941510155797 ], [ 274587.882459298241884, 6130383.756096269935369 ], [ 274586.238632770022377, 6130382.833442703820765 ], [ 274584.515241527697071, 6130382.069650923833251 ], [ 274582.727595555479638, 6130381.471506178379059 ], [ 274580.891575653280597, 6130381.044322170317173 ], [ 274579.023492357577197, 6130380.791893847286701 ], [ 274577.139941044326406, 6130380.716463691554964 ], [ 274575.257654501881916, 6130380.818701796233654 ], [ 274573.393354282772634, 6130381.097699916921556 ], [ 274571.563602155481931, 6130381.550979533232749 ], [ 274569.784652975853533, 6130382.174513873644173 ], [ 274568.072310284595005, 6130382.96276368573308 ], [ 274528.306972624151967, 6130403.592225494794548 ], [ 274526.702652077772655, 6130404.521315895952284 ], [ 274525.191255037556402, 6130405.5949696470052 ], [ 274523.785768384404946, 6130406.803961233235896 ], [ 274522.498268949915655, 6130408.137902234680951 ], [ 274521.339819744869601, 6130409.5853305850178 ], [ 274520.320374898670707, 6130411.13380906265229 ], [ 274519.448694127204362, 6130412.770032159052789 ], [ 274518.73226746392902, 6130414.479940409772098 ], [ 274328.525310647208244, 6130934.907173768617213 ], [ 274185.649112293904182, 6131061.802894497290254 ], [ 273831.565751513233408, 6130951.24384562112391 ], [ 273905.722414833784569, 6130918.777059929445386 ], [ 273906.311980385449715, 6130918.483248299919069 ], [ 273907.244325859646779, 6130918.032401631586254 ] ], [ [ 270758.603800798417069, 6140959.015241638757288 ], [ 270652.055349928792566, 6140874.178495410829782 ], [ 270692.222110370814335, 6140800.301292972639203 ], [ 270693.074437837465666, 6140798.53172707837075 ], [ 270693.749081476184074, 6140796.687091199681163 ], [ 270694.239534643362276, 6140794.785176044330001 ], [ 270694.541067132202443, 6140792.844324756413698 ], [ 270694.650770793261472, 6140790.883255998604 ], [ 270694.567587582569104, 6140788.920883424580097 ], [ 270694.292319765954744, 6140786.976133262738585 ], [ 270693.827622181386687, 6140785.067761778831482 ], [ 270616.979966580867767, 6140525.634457894600928 ], [ 270616.275193897075951, 6140523.646702633239329 ], [ 270615.365022527228575, 6140521.744213843718171 ], [ 270614.259573293849826, 6140519.94814661052078 ], [ 270612.971138448338024, 6140518.278472641482949 ], [ 270611.514044985058717, 6140516.753758191131055 ], [ 270247.769315539218951, 6140174.256006327457726 ], [ 270311.555775001470465, 6140097.449184375815094 ], [ 270312.720152011082973, 6140095.900188364088535 ], [ 270402.372051077487413, 6139963.759744677692652 ], [ 270403.304665190167725, 6139962.244122083298862 ], [ 270404.098862912855111, 6139960.651598642580211 ], [ 270404.748356421885546, 6139958.994782686233521 ], [ 270482.47046085720649, 6139731.416120828129351 ], [ 270483.056289667263627, 6139729.341158804483712 ], [ 270498.831191206234507, 6139659.206796420738101 ], [ 270499.080383185588289, 6139657.756808207370341 ], [ 270546.260565437551122, 6139529.542675889097154 ], [ 270546.826964102860074, 6139527.746748832985759 ], [ 270547.221941789030097, 6139525.905511730350554 ], [ 270547.441996859386563, 6139524.035287891514599 ], [ 270547.485178436909337, 6139522.152657606638968 ], [ 270547.351103699475061, 6139520.274311151355505 ], [ 270547.040961273771245, 6139518.416900826618075 ], [ 270506.650571257399861, 6139331.254881573840976 ], [ 270521.527596093364991, 6139251.699473980814219 ], [ 270730.380301420984324, 6139307.432030611671507 ], [ 270732.315607578959316, 6139307.84709947835654 ], [ 270734.282463622512296, 6139308.068841205909848 ], [ 270736.261605710722506, 6139308.095084004104137 ], [ 270738.233649670204613, 6139307.925570843741298 ], [ 270746.018649147183169, 6139306.866178590804338 ], [ 270747.946195630473085, 6139306.506876536644995 ], [ 270749.829296270618215, 6139305.960556674748659 ], [ 270751.649851959315129, 6139305.23246986977756 ], [ 270753.390364728693385, 6139304.329614005982876 ], [ 270755.034105929895304, 6139303.260666731745005 ], [ 270756.56527701811865, 6139302.03590205591172 ], [ 270757.969161397311836, 6139300.667091600596905 ], [ 270759.232265866419766, 6139299.167391460388899 ], [ 270964.79415986710228, 6139029.286494013853371 ], [ 270965.819973460165784, 6139027.805839637294412 ], [ 270966.708407759724651, 6139026.238895027898252 ], [ 270967.452256162359845, 6139024.598370580002666 ], [ 270993.532268355134875, 6138959.425087950192392 ], [ 271140.201846757612657, 6138891.856011946685612 ], [ 271142.053825832263101, 6138890.882322055287659 ], [ 271143.79394498950569, 6138889.720477051101625 ], [ 271145.40315906656906, 6138888.383193030953407 ], [ 271146.863855623756535, 6138886.885106229223311 ], [ 271148.160047708079219, 6138885.242612826637924 ], [ 271510.033846338512376, 6138373.78476435597986 ], [ 271765.747973136254586, 6138538.491623726673424 ], [ 271767.558993590937462, 6138539.528603182174265 ], [ 271769.468210912833456, 6138540.371224506758153 ], [ 271771.45483791839797, 6138541.010313404724002 ], [ 271773.497244602709543, 6138541.438911601901054 ], [ 271775.573193642776459, 6138541.652352605946362 ], [ 271786.509967136080377, 6138542.20249901060015 ], [ 271788.635594042891171, 6138542.196322213858366 ], [ 271790.748560047184583, 6138541.964584075845778 ], [ 271792.824997465708293, 6138541.509902267716825 ], [ 271794.84145123581402, 6138540.83741279412061 ], [ 271796.775143859093077, 6138539.954711973667145 ], [ 271798.604232692276128, 6138538.871770636178553 ], [ 271805.70225885102991, 6138534.142535279504955 ], [ 271806.280783320369665, 6138533.742210327647626 ], [ 272011.763776441977825, 6138386.141648659482598 ], [ 272100.832026276970282, 6138359.49464594386518 ], [ 272372.023665257787798, 6138441.431725673377514 ], [ 272470.870744957239367, 6138541.195071884430945 ], [ 272397.665225786331575, 6139145.400143844075501 ], [ 272397.522277518641204, 6139147.505585870705545 ], [ 272397.601970188494306, 6139149.614369740709662 ], [ 272397.9034165533958, 6139151.703017729334533 ], [ 272398.423260520212352, 6139153.748276291415095 ], [ 272399.15571450983407, 6139155.727374946698546 ], [ 272400.092623891541734, 6139157.618279794231057 ], [ 272403.965453906508628, 6139164.496564950793982 ], [ 272404.970605531649198, 6139166.099366061389446 ], [ 272406.122707598784473, 6139167.600019925273955 ], [ 272407.411450807005167, 6139168.985098310746253 ], [ 272408.825303156103473, 6139170.242207186296582 ], [ 272410.351613137754612, 6139171.360097624361515 ], [ 272460.196596097724978, 6139204.362527749501169 ], [ 272336.485834618564695, 6139257.655051931738853 ], [ 272334.79839707625797, 6139258.477913516573608 ], [ 272333.195549822587054, 6139259.455373146571219 ], [ 272331.69141613249667, 6139260.578818066976964 ], [ 272330.299249479430728, 6139261.838349192403257 ], [ 272329.031316754058935, 6139263.222868332639337 ], [ 272327.898790176550392, 6139264.720175982452929 ], [ 272326.911648853565566, 6139266.317078814841807 ], [ 272315.705380021419842, 6139286.506655019707978 ], [ 272315.687717112654354, 6139286.538545548915863 ], [ 272301.898184629506432, 6139311.489285118877888 ], [ 271664.790934986784123, 6139413.501473568379879 ], [ 271662.81365537957754, 6139413.921524273231626 ], [ 271660.888875298667699, 6139414.539018305018544 ], [ 271659.036256744409911, 6139415.347647844813764 ], [ 271657.274724573013373, 6139416.339152584783733 ], [ 271655.622273175802547, 6139417.503404111601412 ], [ 271654.095782662858255, 6139418.82850937359035 ], [ 271652.710846429516096, 6139420.300932162441313 ], [ 271651.481611866911408, 6139421.905631395056844 ], [ 271650.420635843358468, 6139423.626214760355651 ], [ 271649.538756433874369, 6139425.445106166414917 ], [ 271648.844982206821442, 6139427.34372528642416 ], [ 271470.249611072067637, 6140005.144502654671669 ], [ 271144.858518069202546, 6140498.742801603861153 ], [ 271143.881952557247132, 6140500.390885103493929 ], [ 271143.067546389997005, 6140502.124840700998902 ], [ 271142.422771458048373, 6140503.928759964182973 ], [ 271141.953543344628997, 6140505.786092567257583 ], [ 271141.664167052949779, 6140507.679798136465251 ], [ 271141.557297508697957, 6140509.592502588406205 ], [ 271141.633915202342905, 6140511.506657532416284 ], [ 271141.893317193549592, 6140513.404701269231737 ], [ 271142.333123560179956, 6140515.269219915382564 ], [ 271142.949299233441707, 6140517.08310716599226 ], [ 271143.736191017960664, 6140518.829721244983375 ], [ 271189.525531337480061, 6140608.704953795298934 ], [ 271007.2450214746641, 6140724.941682419739664 ], [ 271005.704947051766794, 6140726.029147630557418 ], [ 271004.274111953389365, 6140727.256796087138355 ], [ 270758.603800798417069, 6140959.015241638757288 ] ], [ [ 271335.596167960960884, 6136702.271675270982087 ], [ 271133.961962112691253, 6136328.177048563025892 ], [ 271084.07220470829634, 6136198.352548435330391 ], [ 271103.209917404979933, 6136190.068524077534676 ], [ 271211.302543622150552, 6136236.704848654568195 ], [ 271294.976588279183488, 6136403.539812229573727 ], [ 271351.798900887835771, 6136622.961653522215784 ], [ 271335.596167960960884, 6136702.271675270982087 ] ], [ [ 275677.312630086147692, 6114573.180095484480262 ], [ 275825.386076644761488, 6114658.75020036753267 ], [ 275996.301589881535619, 6115064.434641737490892 ], [ 275897.096770042553544, 6115182.942088403739035 ], [ 275785.162126503651962, 6115053.914286514744163 ], [ 275625.186720869736746, 6114640.955439604818821 ], [ 275662.57653811579803, 6114576.496614910662174 ], [ 275677.312630086147692, 6114573.180095484480262 ] ], [ [ 278074.160869480809197, 6139321.642413807101548 ], [ 278073.300327480013948, 6139320.028209005482495 ], [ 277961.140845798887312, 6139131.005932900123298 ], [ 277960.070001510786824, 6139129.385983344167471 ], [ 277958.847101957420819, 6139127.877520306967199 ], [ 277957.483675853000022, 6139126.494764612987638 ], [ 277955.992576706397813, 6139125.250751997344196 ], [ 277954.38786164636258, 6139124.15721021592617 ], [ 277952.684658899612259, 6139123.224448480643332 ], [ 277950.89902517182054, 6139122.461260271258652 ], [ 277949.047794275160413, 6139121.874840439297259 ], [ 277947.148418430064339, 6139121.470717375166714 ], [ 277945.218803736614063, 6139121.252700892277062 ], [ 277939.637871298647951, 6139120.895363599993289 ], [ 277937.729810613847803, 6139120.864421579986811 ], [ 277935.827486558700912, 6139121.015471818856895 ], [ 277933.948218143370468, 6139121.34713913500309 ], [ 277932.109114476421382, 6139121.856403985060751 ], [ 277930.3269190012943, 6139122.5386299546808 ], [ 277928.617857061617542, 6139123.387605967931449 ], [ 277926.997488183726091, 6139124.395602835342288 ], [ 277925.480564420460723, 6139125.553443619981408 ], [ 277924.080896046943963, 6139126.85058718547225 ], [ 277748.794779752963223, 6139305.580382872372866 ], [ 277880.815047638025135, 6139001.696853961795568 ], [ 277926.013834724784829, 6139099.172684459015727 ], [ 277926.394079655292444, 6139099.898483606055379 ], [ 277926.726825430814642, 6139100.564918399788439 ], [ 277926.824671557638794, 6139100.720383414998651 ], [ 277926.911940707825124, 6139100.88695992808789 ], [ 277927.373393447138369, 6139101.592232504859567 ], [ 277927.777438289078418, 6139102.234208221547306 ], [ 277927.878885134297889, 6139102.364813085645437 ], [ 277927.971528521680739, 6139102.506406871601939 ], [ 277928.514382269000635, 6139103.182965847663581 ], [ 277928.987366259447299, 6139103.791895671747625 ], [ 277929.088568243838381, 6139103.898574199527502 ], [ 277929.182676888711285, 6139104.015861864201725 ], [ 277929.806684028240852, 6139104.655550803057849 ], [ 277930.344841836893465, 6139105.222831009887159 ], [ 277930.442185446969233, 6139105.307022882625461 ], [ 277930.534045418724418, 6139105.401191368699074 ], [ 277931.238791882060468, 6139105.996002746745944 ], [ 277931.836662499525119, 6139106.513097260147333 ], [ 277931.926827487128321, 6139106.576710033230484 ], [ 277932.012980793020688, 6139106.64942407887429 ], [ 277932.798428288719151, 6139107.191637682728469 ], [ 277933.448319113231264, 6139107.650145564228296 ], [ 277933.528334338509012, 6139107.695509668439627 ], [ 277933.605635241488926, 6139107.748872371390462 ], [ 277934.473274333868176, 6139108.231237169355154 ], [ 277935.164137044630479, 6139108.622917229309678 ], [ 277935.231430189975072, 6139108.652734656818211 ], [ 277935.29709620407084, 6139108.689241740852594 ], [ 277936.252739140938502, 6139109.105274138972163 ], [ 277936.967428609437775, 6139109.421951282769442 ], [ 277937.019869049254339, 6139109.439238721504807 ], [ 277937.071525962033775, 6139109.461727193556726 ], [ 277938.133648061309941, 6139109.806405487470329 ], [ 277938.840655373001937, 6139110.039476486854255 ], [ 277938.876589670369867, 6139110.047503800131381 ], [ 277938.912309931707568, 6139110.059095686301589 ], [ 277940.148090199101716, 6139110.331542545929551 ], [ 277940.765598725818563, 6139110.469486922957003 ], [ 277940.783878194633871, 6139110.471711836755276 ], [ 277940.802212232840247, 6139110.475753858685493 ], [ 277942.723537073587067, 6139110.707800397649407 ], [ 277947.846758197818417, 6139111.076234937645495 ], [ 277949.964886442001443, 6139111.116068230941892 ], [ 277952.075345269113313, 6139110.931629923172295 ], [ 277954.154455046460498, 6139110.524989439174533 ], [ 277956.178887881862465, 6139109.900709337554872 ], [ 277958.125929365807679, 6139109.065794126130641 ], [ 278167.903241781168617, 6139005.632377540692687 ], [ 278169.316200965899043, 6139004.863576232455671 ], [ 278350.785240779106971, 6138896.447224450297654 ], [ 278409.250387963664252, 6138999.264882079325616 ], [ 278410.366234692453872, 6139001.010192572139204 ], [ 278411.656626266892999, 6139002.630720948800445 ], [ 278413.107719292980619, 6139004.109082091599703 ], [ 278414.703946362598799, 6139005.429416056722403 ], [ 278416.428183061478194, 6139006.577558226883411 ], [ 278418.261931680608541, 6139007.541191268712282 ], [ 278420.185519661172293, 6139008.309977271594107 ], [ 278422.178310642251745, 6139008.875668657012284 ], [ 278678.22251631016843, 6139067.418973756954074 ], [ 278725.662687949312385, 6139181.91893897484988 ], [ 278616.63570544013055, 6139786.041948597878218 ], [ 278545.307543137634639, 6140032.405943168327212 ], [ 278481.118427589768544, 6140162.34221354033798 ], [ 278246.568400865769945, 6139790.017024173401296 ], [ 278074.870326567266602, 6139323.328492191620171 ], [ 278074.160869480809197, 6139321.642413807101548 ] ], [ [ 279277.378777196689043, 6133811.911151265725493 ], [ 279331.131292662350461, 6133889.616196228191257 ], [ 279230.528181711037178, 6134068.996341366320848 ], [ 279229.424674585810862, 6134040.130938701331615 ], [ 279273.591139314579777, 6133819.482377764768898 ], [ 279277.378777196689043, 6133811.911151265725493 ] ], [ [ 278364.116590153134894, 6122628.316327848471701 ], [ 278364.756026869057678, 6122626.640624503605068 ], [ 278375.381334651145153, 6122594.54377815220505 ], [ 278375.910576309892349, 6122592.63202803581953 ], [ 278376.247835550631862, 6122590.677254022099078 ], [ 278376.37195418193005, 6122588.947339244186878 ], [ 278408.91544747404987, 6122636.487229390069842 ], [ 278415.059342334163375, 6122816.557254586368799 ], [ 278414.188986253808253, 6122849.754100453108549 ], [ 278388.610637127712835, 6122851.61672353092581 ], [ 278387.340275673952419, 6122851.750130030326545 ], [ 278219.278592184127774, 6122874.84611841570586 ], [ 278351.823634369240608, 6122651.00827809330076 ], [ 278352.174715234839823, 6122650.390617298893631 ], [ 278363.329601995588746, 6122629.928007300011814 ], [ 278364.116590153134894, 6122628.316327848471701 ] ], [ [ 277970.682288396230433, 6118782.473407433368266 ], [ 277986.725707339704968, 6118865.811670997180045 ], [ 277823.24074660462793, 6119665.412080714479089 ], [ 277665.2970456481562, 6120279.125955730676651 ], [ 277646.48656361119356, 6120283.847790003754199 ], [ 277478.47135216766037, 6120174.604095096699893 ], [ 277538.014140340441372, 6119263.031622289679945 ], [ 277777.726376194448676, 6118945.618642549961805 ], [ 277970.682288396230433, 6118782.473407433368266 ] ], [ [ 285583.179297035036143, 6151307.845486857928336 ], [ 285541.237556944659445, 6151215.00334345921874 ], [ 285619.993358108389657, 6151059.749004226177931 ], [ 285730.808003828045912, 6151037.86431161314249 ], [ 285732.694871913874522, 6151037.395345268771052 ], [ 285734.527288013894577, 6151036.745382314547896 ], [ 285736.28793487692019, 6151035.920565227046609 ], [ 285737.960173507221043, 6151034.928688939660788 ], [ 285739.528200411004946, 6151033.77912718243897 ], [ 285740.977196947671473, 6151032.482743889093399 ], [ 285742.293469373253174, 6151031.051790533587337 ], [ 285743.464578253217041, 6151029.499790340662003 ], [ 285744.479456021275837, 6151027.841410492546856 ], [ 285745.328511573607102, 6151026.092323509976268 ], [ 285746.003720909415279, 6151024.269059141166508 ], [ 285746.498702961893287, 6151022.388848149217665 ], [ 285793.375687000341713, 6150801.145716068334877 ], [ 285793.473377216432709, 6150800.654384832829237 ], [ 285819.918211000214797, 6150658.355542219243944 ], [ 285887.320505204726942, 6150741.268518274649978 ], [ 285890.434323986177333, 6150750.651347251608968 ], [ 285865.387689099530689, 6150911.440616314299405 ], [ 285865.169485059683211, 6150913.622076136060059 ], [ 285865.191358259064145, 6150915.814312784001231 ], [ 285865.453045870352071, 6150917.99098445288837 ], [ 285876.26162977097556, 6150979.306475481949747 ], [ 285876.575705240538809, 6150980.766849140636623 ], [ 285881.442651594639756, 6150999.891867657192051 ], [ 285882.050965597678442, 6151001.854355913586915 ], [ 285882.857410555356182, 6151003.744078806601465 ], [ 285883.853475638607051, 6151005.541093117557466 ], [ 285885.028648859413806, 6151007.226434027776122 ], [ 285886.370528009370901, 6151008.782315267249942 ], [ 285887.864951546362136, 6151010.19231681805104 ], [ 285889.496148048900068, 6151011.441558209247887 ], [ 285891.246902659942862, 6151012.516855551861227 ], [ 285893.098738764063455, 6151013.406860679388046 ], [ 285895.032112980668899, 6151014.102180908434093 ], [ 285945.86803308891831, 6151029.485650583170354 ], [ 286041.813671735289972, 6151155.75793223362416 ], [ 286045.059252160892356, 6151187.909276757389307 ], [ 286045.436299046908971, 6151190.24778079520911 ], [ 286046.087176852510311, 6151192.525306550785899 ], [ 286095.66970280231908, 6151333.76349283196032 ], [ 286096.508627235656604, 6151335.790105178952217 ], [ 286097.564429620106239, 6151337.712664186954498 ], [ 286098.824411419918761, 6151339.508046506904066 ], [ 286171.288153652683832, 6151431.579223425127566 ], [ 286172.238675534375943, 6151432.678739866241813 ], [ 286172.44718382821884, 6151432.924418607726693 ], [ 286172.46962562086992, 6151432.945891440846026 ], [ 286172.492590055509936, 6151432.972455556504428 ], [ 286173.820077914802823, 6151434.248989458195865 ], [ 286173.88918541680323, 6151434.304159503430128 ], [ 286173.945314006006811, 6151434.357864652760327 ], [ 286174.335026809130795, 6151434.660084538161755 ], [ 286175.259360920521431, 6151435.398000881075859 ], [ 286175.438128976966254, 6151435.515533492900431 ], [ 286175.583801875531208, 6151435.628501931205392 ], [ 286176.058707716118079, 6151435.923538377508521 ], [ 286176.798234806279652, 6151436.409746889024973 ], [ 286177.100692080275621, 6151436.570873781107366 ], [ 286177.345037126680836, 6151436.722673755139112 ], [ 286177.805487894220278, 6151436.946336925961077 ], [ 286178.423650833952706, 6151437.275648474693298 ], [ 286186.26428215316264, 6151440.999736960977316 ], [ 286167.414955959888175, 6151499.141601792536676 ], [ 286166.898056598496623, 6151501.054210174828768 ], [ 286166.572926346736494, 6151503.008576080203056 ], [ 286166.442755753174424, 6151504.985521043650806 ], [ 286166.508822200004943, 6151506.965645029209554 ], [ 286166.770477367972489, 6151508.929516803473234 ], [ 286167.225153598468751, 6151510.857864619232714 ], [ 286167.868389090173878, 6151512.731765329837799 ], [ 286168.693871683615725, 6151514.532830087468028 ], [ 286169.693500802910421, 6151516.243384791538119 ], [ 286170.857466948218644, 6151517.846643531695008 ], [ 286172.174347957363352, 6151519.326873304322362 ], [ 286173.631221093528438, 6151520.669548409059644 ], [ 286175.213789857400116, 6151521.861492988653481 ], [ 286427.748892879753839, 6151693.142464986070991 ], [ 286271.327288850094192, 6151654.229148928076029 ], [ 285986.332135515287519, 6151519.492999721318483 ], [ 285583.179297035036143, 6151307.845486857928336 ] ], [ [ 286679.413382654776797, 6146120.425959941931069 ], [ 286807.963750601338688, 6146154.931032122112811 ], [ 286924.743491840723436, 6146220.371417872607708 ], [ 286636.121135500492528, 6146351.92805786896497 ], [ 286634.45501185185276, 6146352.783883751370013 ], [ 286634.374963399022818, 6146352.834989922121167 ], [ 286634.298800738120917, 6146352.874547511339188 ], [ 286633.827387635828927, 6146353.184584443457425 ], [ 286632.876258334203158, 6146353.791823870502412 ], [ 286632.725641684490256, 6146353.909175959415734 ], [ 286632.583122731361073, 6146354.002907209098339 ], [ 286632.114466457511298, 6146354.385369594208896 ], [ 286631.398722218116745, 6146354.943037568591535 ], [ 286631.188882262213156, 6146355.140723057091236 ], [ 286630.992187928932253, 6146355.301241944544017 ], [ 286630.589301137428265, 6146355.705574906431139 ], [ 286630.035362994880415, 6146356.227427532896399 ], [ 286629.779300096852239, 6146356.518483462743461 ], [ 286629.542767753067892, 6146356.755864844657481 ], [ 286629.220642618660349, 6146357.153485929593444 ], [ 286628.798138708458282, 6146357.633728360757232 ], [ 286628.510259337665047, 6146358.030360600911081 ], [ 286628.250141798052937, 6146358.351441470906138 ], [ 286628.008964684093371, 6146358.72103051841259 ], [ 286627.697901071514934, 6146359.149605366401374 ], [ 286627.393712526536547, 6146359.663866492919624 ], [ 286627.127936754084658, 6146360.071151467040181 ], [ 286626.960959845513571, 6146360.39547813590616 ], [ 286626.74430028477218, 6146360.761762768961489 ], [ 286626.440000544476788, 6146361.407360532321036 ], [ 286626.187982757051941, 6146361.896865878254175 ], [ 286626.084353997546714, 6146362.161894910037518 ], [ 286625.945700394862797, 6146362.456060313619673 ], [ 286625.657487752207089, 6146363.253599070943892 ], [ 286625.44018867664272, 6146363.809338268823922 ], [ 286586.354031479393598, 6146481.21583529561758 ], [ 286536.804160824976861, 6146385.163025239482522 ], [ 286679.413382654776797, 6146120.425959941931069 ] ], [ [ 285500.184099871199578, 6138335.371576990000904 ], [ 285475.628634184133261, 6138372.053786398842931 ], [ 285435.040739104500972, 6138306.710219515487552 ], [ 285500.184099871199578, 6138335.371576990000904 ] ], [ [ 284978.290327981580049, 6137353.757899324409664 ], [ 285052.535039404407144, 6137312.639745740219951 ], [ 285200.648327685368713, 6137574.201302703469992 ], [ 285200.924762504990213, 6137574.635393347591162 ], [ 285201.195633726660162, 6137575.110667764209211 ], [ 285201.290846564574167, 6137575.244424155913293 ], [ 285201.381067706272006, 6137575.395673166960478 ], [ 285201.592542178812437, 6137575.68401996139437 ], [ 285201.76088382024318, 6137575.948369914665818 ], [ 285202.063249074621126, 6137576.329506532289088 ], [ 285202.36209630680969, 6137576.749331507831812 ], [ 285202.434388227993622, 6137576.831882429309189 ], [ 285202.503678442968521, 6137576.92636008001864 ], [ 285202.805733519082423, 6137577.265420978888869 ], [ 285203.048160675738472, 6137577.571004590019584 ], [ 285203.368517226306722, 6137577.898574366234243 ], [ 285203.68725415377412, 6137578.262543487362564 ], [ 285203.727452126564458, 6137578.300062551163137 ], [ 285203.76634857209865, 6137578.343724336475134 ], [ 285204.172511822136585, 6137578.720671899616718 ], [ 285204.496352127171122, 6137579.05180387198925 ], [ 285204.809063943626825, 6137579.311436257325113 ], [ 285205.157703780103475, 6137579.634998117573559 ], [ 285417.202606726204976, 6137758.468177470378578 ], [ 285301.812215227400884, 6138092.221960303373635 ], [ 285051.780166194075719, 6137689.688498370349407 ], [ 284978.290327981580049, 6137353.757899324409664 ] ], [ [ 282524.098281408892944, 6147447.892230553552508 ], [ 282524.083024637715425, 6147447.868202074430883 ], [ 282167.857539025950246, 6146956.100140052847564 ], [ 281993.700539256096818, 6146546.497123199515045 ], [ 282357.945899049984291, 6146233.32746063824743 ], [ 282358.150358617072925, 6146233.13296424690634 ], [ 282358.390636193507817, 6146232.933446402661502 ], [ 282358.41055973834591, 6146232.913470071740448 ], [ 282358.431598808441777, 6146232.895950580015779 ], [ 282358.479071642330382, 6146232.84795381128788 ], [ 282358.547292389965151, 6146232.788909875787795 ], [ 282811.485259529843461, 6145810.402110695838928 ], [ 283795.733194998116232, 6146697.399532784707844 ], [ 283893.509842117025983, 6146971.869010522030294 ], [ 283947.205351376498584, 6147888.34823259525001 ], [ 283853.560067649988923, 6147811.509192767553031 ], [ 283852.029212383087724, 6147810.370773127302527 ], [ 283850.396854051272385, 6147809.383391031064093 ], [ 283848.677845144586172, 6147808.556030466221273 ], [ 283846.887826568970922, 6147807.896219412796199 ], [ 283845.043085332668852, 6147807.409961356781423 ], [ 283625.596099409798626, 6147760.632532286457717 ], [ 283623.848382511467207, 6147760.340250234119594 ], [ 283623.78201440081466, 6147760.335124783217907 ], [ 283623.721073846390937, 6147760.325133973732591 ], [ 283623.174345326493494, 6147760.288195951841772 ], [ 283622.081654678913765, 6147760.203810063190758 ], [ 283621.948159618885256, 6147760.205352507531643 ], [ 283621.825339097180404, 6147760.197054518386722 ], [ 283621.219228195084725, 6147760.213774809613824 ], [ 283620.309784474491607, 6147760.224282808601856 ], [ 283620.109872490400448, 6147760.244377708993852 ], [ 283619.92600518517429, 6147760.249449907802045 ], [ 283619.335709774401039, 6147760.322195569053292 ], [ 283618.546680827450473, 6147760.401507763192058 ], [ 282848.683844218961895, 6147872.42468873411417 ], [ 282581.38470341527136, 6147530.377156590111554 ], [ 282524.313518124457914, 6147448.193161781877279 ], [ 282524.098281408892944, 6147447.892230553552508 ] ], [ [ 284817.618538203940261, 6140619.815143343992531 ], [ 284818.638343526050448, 6140618.261428138241172 ], [ 284819.509522493113764, 6140616.61975794006139 ], [ 284820.224552400934044, 6140614.904308708384633 ], [ 284820.777258905814961, 6140613.129893493838608 ], [ 284821.162869340332691, 6140611.311834521591663 ], [ 284821.378053925815038, 6140609.465830883942544 ], [ 284821.420954525121488, 6140607.607822979800403 ], [ 284821.357690094737336, 6140604.903996913693845 ], [ 284837.189374891982879, 6140612.267332322895527 ], [ 284844.448188743845094, 6140642.148662484250963 ], [ 284796.211060165718663, 6140676.447591145522892 ], [ 284785.33882362296572, 6140650.820435684174299 ], [ 284815.169480274722446, 6140622.605918276123703 ], [ 284816.458912631904241, 6140621.267487093806267 ], [ 284817.618538203940261, 6140619.815143343992531 ] ], [ [ 283727.098062405711971, 6141716.341808942146599 ], [ 283727.082891278201714, 6141716.344909609295428 ], [ 283727.067243409110233, 6141716.346526081673801 ], [ 283726.98067555896705, 6141716.364289079792798 ], [ 283726.882765285728965, 6141716.375791862607002 ], [ 283726.828494727378711, 6141716.387192076072097 ], [ 283726.780038216733374, 6141716.392855416983366 ], [ 283726.388284881657455, 6141716.479663693346083 ], [ 283725.119746543234214, 6141716.746136132627726 ], [ 283489.87941795605002, 6141777.340550951659679 ], [ 283488.667333062563557, 6141777.693917266093194 ], [ 283479.301737345347647, 6141780.748203685507178 ], [ 283924.418979692272842, 6141483.17770984582603 ], [ 284361.934721523837652, 6141432.961467518471181 ], [ 284362.43712843535468, 6141432.879190489649773 ], [ 284362.93924440338742, 6141432.820278646424413 ], [ 284362.998270219250116, 6141432.807499589398503 ], [ 284363.056317006703466, 6141432.800426950678229 ], [ 284363.430406772240531, 6141432.716525549069047 ], [ 284363.830686667177361, 6141432.650973424315453 ], [ 284364.325973359518684, 6141432.52005257178098 ], [ 284364.823166058107745, 6141432.41241061873734 ], [ 284364.909488078090362, 6141432.384795022197068 ], [ 284364.995023197610863, 6141432.365611080080271 ], [ 284365.329151865909807, 6141432.25487890932709 ], [ 284365.688112120726146, 6141432.159993697889149 ], [ 284366.171551662904676, 6141431.981043595820665 ], [ 284366.659074041584972, 6141431.825078509747982 ], [ 284366.77014628140023, 6141431.777325037866831 ], [ 284366.881019952998031, 6141431.740580862388015 ], [ 284367.173710159549955, 6141431.610084356740117 ], [ 284367.489858071377967, 6141431.493058966472745 ], [ 284367.956776608829387, 6141431.2671550931409 ], [ 284368.429914984852076, 6141431.063737927004695 ], [ 284368.562435722153168, 6141430.990918325260282 ], [ 284368.695694151567295, 6141430.931504791602492 ], [ 284368.946492048969958, 6141430.788312355056405 ], [ 284369.219298501149751, 6141430.656323519535363 ], [ 284369.665120322082657, 6141430.38499765843153 ], [ 284370.11923991329968, 6141430.135460805147886 ], [ 284370.269202028750442, 6141430.033114378340542 ], [ 284370.42113656247966, 6141429.946367734111845 ], [ 284370.630590307875536, 6141429.797415439039469 ], [ 284370.860474607616197, 6141429.657508524134755 ], [ 284371.280766878917348, 6141429.342739697545767 ], [ 284371.711357037420385, 6141429.04886971693486 ], [ 284438.521448672167026, 6141378.566723203286529 ], [ 284436.287191941577476, 6141449.389285244978964 ], [ 284331.695277120685205, 6141672.736880980432034 ], [ 283728.671956771984696, 6141716.165592457167804 ], [ 283727.779507480270695, 6141716.270439988933504 ], [ 283727.331727601005696, 6141716.307640885934234 ], [ 283727.261363167082891, 6141716.32158968038857 ], [ 283727.184529133141041, 6141716.328836680389941 ], [ 283727.142574240046088, 6141716.33731590397656 ], [ 283727.098062405711971, 6141716.341808942146599 ] ], [ [ 284248.728558919625357, 6149278.90918458160013 ], [ 284248.419848552322946, 6149278.098705109208822 ], [ 284248.296942183165811, 6149277.849901270121336 ], [ 284248.201860452827532, 6149277.616549590602517 ], [ 284247.917788470920641, 6149277.082366600632668 ], [ 284247.579585866769776, 6149276.397730751894414 ], [ 284247.394521860289387, 6149276.098390214145184 ], [ 284247.246023856976535, 6149275.819147231988609 ], [ 284246.935768115858082, 6149275.356357254087925 ], [ 284246.58193113602465, 6149274.78402688074857 ], [ 284246.323657067958266, 6149274.443307723850012 ], [ 284246.112422812031582, 6149274.128222187049687 ], [ 284245.791619879310019, 6149273.74143601115793 ], [ 284245.435861644335091, 6149273.272114229388535 ], [ 284245.0941385034821, 6149272.900495588779449 ], [ 284244.81280221499037, 6149272.56129361782223 ], [ 284244.49619337945478, 6149272.250239497050643 ], [ 284244.151690169528592, 6149271.875597573816776 ], [ 284243.71695527335396, 6149271.484672660939395 ], [ 284243.360627041198313, 6149271.134595996700227 ], [ 284243.061860951245762, 6149270.895594827830791 ], [ 284242.740972184634302, 6149270.607043312862515 ], [ 284242.203895634273067, 6149270.209256183356047 ], [ 284241.7709428378148, 6149269.862910905852914 ], [ 284241.502363121311646, 6149269.689664321020246 ], [ 284241.216401877172757, 6149269.477866389788687 ], [ 284240.566741383518092, 6149269.086144172586501 ], [ 284240.060219841252547, 6149268.759413888677955 ], [ 283730.534391147317365, 6148975.690172094851732 ], [ 284064.515276008110959, 6148649.488816165365279 ], [ 284065.803201792237815, 6148648.106111424043775 ], [ 284066.954886429652106, 6148646.608030077069998 ], [ 284067.960049334797077, 6148645.007944840937853 ], [ 284068.809717857511714, 6148643.320138978771865 ], [ 284069.496307378227357, 6148641.559678795747459 ], [ 284070.013689012266695, 6148639.742279150523245 ], [ 284070.357244319748133, 6148637.884163174778223 ], [ 284118.716797292465344, 6148283.36435145419091 ], [ 284118.743678810657002, 6148283.159380475990474 ], [ 284140.761879680678248, 6148108.265132075175643 ], [ 284608.988540669321083, 6148187.710171526297927 ], [ 284515.456636893737596, 6148599.9236069759354 ], [ 284515.37536782620009, 6148600.298391529358923 ], [ 284405.133490515989251, 6149133.320291675627232 ], [ 284404.8256821394898, 6149135.307865982875228 ], [ 284404.719054562505335, 6149137.316305223852396 ], [ 284404.814686109137256, 6149139.325298063457012 ], [ 284405.111609658051748, 6149141.314527570270002 ], [ 284405.606822423171252, 6149143.263876677490771 ], [ 284406.295316320785787, 6149145.153631628490984 ], [ 284407.170128616213333, 6149146.964681344106793 ], [ 284408.222412337840069, 6149148.678710688836873 ], [ 284409.441525746660773, 6149150.278385693207383 ], [ 284420.397540266276337, 6149163.246202345006168 ], [ 284416.598417690605856, 6149165.509111565537751 ], [ 284414.985892864700872, 6149166.578539240173995 ], [ 284413.484256158699282, 6149167.798784735612571 ], [ 284412.107562561344821, 6149169.158426822163165 ], [ 284410.868697621277533, 6149170.644739550538361 ], [ 284409.779256841458846, 6149172.243811360560358 ], [ 284408.849437147553544, 6149173.940675292164087 ], [ 284408.087941446865443, 6149175.719449073076248 ], [ 284322.617623970436398, 6149405.503052185289562 ], [ 284302.219431719393469, 6149442.087150694802403 ], [ 284249.095158183132298, 6149279.871643926016986 ], [ 284249.022559642791748, 6149279.681045770645142 ], [ 284248.970029466086999, 6149279.501806921325624 ], [ 284248.728558919625357, 6149278.90918458160013 ] ], [ [ 287171.04914517630823, 6158243.967032293789089 ], [ 287170.795595982694067, 6158242.012606377713382 ], [ 287170.350922186567914, 6158240.092623807489872 ], [ 287169.719441645953339, 6158238.225727939978242 ], [ 287168.907286144036334, 6158236.430046649649739 ], [ 287167.922341848432552, 6158234.723016306757927 ], [ 287166.774172735400498, 6158233.121212466619909 ], [ 287165.473927721730433, 6158231.640188915655017 ], [ 287107.816866150009446, 6158172.153517505154014 ], [ 287106.326693954411894, 6158170.765071422792971 ], [ 287104.703035813523456, 6158169.535384496673942 ], [ 287102.962730668426957, 6158168.477209796197712 ], [ 286763.46137757843826, 6157985.043068737722933 ], [ 286770.136544948967639, 6157965.173023615963757 ], [ 287184.183975004998501, 6158070.788252708502114 ], [ 287185.354381374665536, 6158071.022535624913871 ], [ 287185.93684861715883, 6158071.152675586752594 ], [ 287186.073351613245904, 6158071.166453540325165 ], [ 287186.230152093572542, 6158071.197840650565922 ], [ 287188.307868887786753, 6158071.391994927078485 ], [ 287403.198014465393499, 6158080.20366239733994 ], [ 287405.157647747488227, 6158080.187927105464041 ], [ 287407.106333816773258, 6158079.980483612045646 ], [ 287409.025363288645167, 6158079.583323586732149 ], [ 287410.896311512158718, 6158079.000260172411799 ], [ 287412.701215465727728, 6158078.236891377717257 ], [ 287414.422746220254339, 6158077.300546322949231 ], [ 287466.388044011138845, 6158045.642921429127455 ], [ 287816.343190998304635, 6158227.383248311467469 ], [ 287942.557509515085258, 6158357.344713175669312 ], [ 287936.356025234097615, 6158367.283190755173564 ], [ 287850.471790285722818, 6158361.352433782070875 ], [ 287848.52940180839505, 6158361.312887309119105 ], [ 287846.592340616800357, 6158361.461987477727234 ], [ 287844.678884999069851, 6158361.7983273640275 ], [ 287842.807090499089099, 6158362.318733234889805 ], [ 287840.994619542441797, 6158363.018294490873814 ], [ 287839.258574772451539, 6158363.890410008840263 ], [ 287837.61533766775392, 6158364.926850426010787 ], [ 287836.080413965333719, 6158366.117835794575512 ], [ 287834.66828734689625, 6158367.452127867378294 ], [ 287833.392282769666053, 6158368.917136139236391 ], [ 287832.264440730388742, 6158370.499036659486592 ], [ 287782.569174282252789, 6158447.896501482464373 ], [ 287782.41249877831433, 6158448.167539406567812 ], [ 287782.245925035967957, 6158448.417329701595008 ], [ 287782.043350641266443, 6158448.795168718323112 ], [ 287781.838495812611654, 6158449.129544448107481 ], [ 287781.749452792922966, 6158449.314563688822091 ], [ 287781.635506908874959, 6158449.511682287789881 ], [ 287781.493224487116095, 6158449.821256567724049 ], [ 287781.339114812202752, 6158450.108699845150113 ], [ 287781.152248014812358, 6158450.555473698303103 ], [ 287780.96182877861429, 6158450.951138879172504 ], [ 287780.91690837230999, 6158451.07518972363323 ], [ 287780.856403465790208, 6158451.206834677606821 ], [ 287780.734407468757126, 6158451.554475304670632 ], [ 287780.598589924746193, 6158451.87919712997973 ], [ 287780.438703421561513, 6158452.395786148495972 ], [ 287780.273529017693363, 6158452.851926820352674 ], [ 287780.259459048276767, 6158452.907891571521759 ], [ 287780.238643212302122, 6158452.967208520509303 ], [ 287780.142848146962933, 6158453.351686634123325 ], [ 287780.03116882633185, 6158453.712519534863532 ], [ 287779.924106257793028, 6158454.229617753997445 ], [ 287779.787601502379403, 6158454.777486172504723 ], [ 287779.784806669747923, 6158454.79587026592344 ], [ 287779.780628804815933, 6158454.812488153576851 ], [ 287779.739098411751911, 6158455.09653402119875 ], [ 287779.723854022973683, 6158455.196809887886047 ], [ 287779.642076100339182, 6158455.591786570847034 ], [ 287779.587742919160519, 6158456.09213334787637 ], [ 287779.507203012122773, 6158456.62191575486213 ], [ 287736.306985033210367, 6158869.662468153983355 ], [ 287713.247250218119007, 6158971.752153234556317 ], [ 287426.109859361371491, 6159095.383708992041647 ], [ 287426.04841390484944, 6159095.413906266912818 ], [ 287425.982521315861959, 6159095.439061154611409 ], [ 287425.34593730175402, 6159095.756325568072498 ], [ 287424.588110595883336, 6159096.116572252474725 ], [ 287424.473064587975387, 6159096.185277263633907 ], [ 287424.363933918997645, 6159096.238293271511793 ], [ 287424.337223918759264, 6159096.254867958836257 ], [ 287424.308215641183779, 6159096.269124031998217 ], [ 287424.273023998597637, 6159096.29105028975755 ], [ 287424.234827069682069, 6159096.310087095946074 ], [ 287423.648681762395427, 6159096.677595356479287 ], [ 287422.964222472102847, 6159097.086351679638028 ], [ 287422.782802945934236, 6159097.219452042132616 ], [ 287422.611588071100414, 6159097.325698127038777 ], [ 287422.608172782929614, 6159097.328340818174183 ], [ 287422.604407030739821, 6159097.330687081441283 ], [ 287422.592982740316074, 6159097.339509914629161 ], [ 287422.580405193206389, 6159097.347395932301879 ], [ 287422.050475370080676, 6159097.756731946021318 ], [ 287421.439206757058855, 6159098.205195656046271 ], [ 287421.238541655126028, 6159098.383897460997105 ], [ 287421.035026965138968, 6159098.541099203750491 ], [ 287421.025582659465726, 6159098.549992873333395 ], [ 287421.015598890313413, 6159098.557703210040927 ], [ 287420.998574519122485, 6159098.573820266872644 ], [ 287420.980538221658207, 6159098.58777644392103 ], [ 287377.451015951053705, 6159136.012492628768086 ], [ 287244.336205648840405, 6159092.784527867101133 ], [ 287237.788711307628546, 6159079.365432808175683 ], [ 287171.04914517630823, 6158243.967032293789089 ] ], [ [ 287829.435679972928483, 6141006.46172144357115 ], [ 287879.048428986337967, 6140913.211521680466831 ], [ 288064.747152357595041, 6140689.17194686550647 ], [ 288077.401157397311181, 6140684.317747532390058 ], [ 288709.594736175902653, 6140984.310637895949185 ], [ 288678.033471335016657, 6141433.887080727145076 ], [ 288278.697734004294034, 6141364.922834601253271 ], [ 288012.844884000078309, 6141229.673350721597672 ], [ 287829.435679972928483, 6141006.46172144357115 ] ], [ [ 288846.554084963281639, 6161202.072858429513872 ], [ 288812.833628549589776, 6161172.672750157304108 ], [ 288788.670165210671257, 6161092.589024757966399 ], [ 288846.554084963281639, 6161202.072858429513872 ] ] ], [ [ [ 271164.867046927916817, 6111027.164688470773399 ], [ 271163.305151325359475, 6111028.424150567501783 ], [ 271161.877307589806151, 6111029.833769279532135 ], [ 271160.597886121249758, 6111031.379357630386949 ], [ 271159.47976353764534, 6111033.045360191725194 ], [ 271158.534193079220131, 6111034.815009635873139 ], [ 271157.770691351615824, 6111036.670495490543544 ], [ 271157.196942546637729, 6111038.59314339235425 ], [ 271156.818721105519217, 6111040.56360303144902 ], [ 271156.639833602705039, 6111042.562042899429798 ], [ 271111.201407453336287, 6112204.261577155441046 ], [ 271111.217255628900602, 6112206.158696486614645 ], [ 271111.412789338442963, 6112208.045778755098581 ], [ 271111.786249114491511, 6112209.905843462795019 ], [ 271112.334274460561574, 6112211.722153222188354 ], [ 271113.051934089860879, 6112213.478364364244044 ], [ 271113.932770298444666, 6112215.158674007281661 ], [ 271114.968857073457912, 6112216.747962248511612 ], [ 271116.150871413643472, 6112218.23192822560668 ], [ 271117.468177220202051, 6112219.597218792885542 ], [ 271118.908921003632713, 6112220.831548679620028 ], [ 271120.460138544731308, 6112221.923811038956046 ], [ 271122.107871550077107, 6112222.864177384413779 ], [ 271123.837293252930976, 6112223.644186034798622 ], [ 271125.632841828628443, 6112224.256818251684308 ], [ 271373.416774936835282, 6112295.873653160408139 ], [ 271375.800104205554817, 6112296.407276135869324 ], [ 271378.230705522932112, 6112296.64641860127449 ], [ 272053.448189272079617, 6112321.624719995073974 ], [ 272053.98086761374725, 6112321.637322869151831 ], [ 272072.001376783649903, 6112321.823552586138248 ], [ 272074.00476348149823, 6112321.743752703070641 ], [ 272075.990093561646063, 6112321.46376921236515 ], [ 272077.937414822692517, 6112320.986415895633399 ], [ 272079.827157044841442, 6112320.316490066237748 ], [ 272081.640328667010181, 6112319.460724356584251 ], [ 272083.35870764858555, 6112318.42771905194968 ], [ 272084.965024597477168, 6112317.227855667471886 ], [ 272086.443136324349325, 6112315.873192607425153 ], [ 272087.778188078606036, 6112314.377343987114727 ], [ 272093.935848284687381, 6112306.739510944113135 ], [ 272095.031901477021165, 6112305.242923311889172 ], [ 272095.984579313255381, 6112303.651222309097648 ], [ 272096.785686127259396, 6112301.978100970387459 ], [ 272097.428330183087382, 6112300.237952770665288 ], [ 272097.906982963148039, 6112298.445747799240053 ], [ 272098.217526728694793, 6112296.6169039811939 ], [ 272101.913062153093051, 6112266.427782608196139 ], [ 272102.053005419264082, 6112264.571797413751483 ], [ 272102.019806811877061, 6112262.7108398610726 ], [ 272101.813753852795344, 6112260.861027076840401 ], [ 272101.436631097225472, 6112259.038379665464163 ], [ 272100.891704678360838, 6112257.258682961575687 ], [ 272100.183694019913673, 6112255.537350318394601 ], [ 271846.154064782778732, 6111711.392375818453729 ], [ 271845.593877038394567, 6111710.283622813411057 ], [ 271490.039050173247233, 6111057.728401736356318 ], [ 271489.059762934979517, 6111056.116904111579061 ], [ 271487.933056063309778, 6111054.604799711145461 ], [ 271486.668945779965725, 6111053.205530872568488 ], [ 271485.278669798106421, 6111051.93153684400022 ], [ 271483.774587421212345, 6111050.794143203645945 ], [ 271482.170069671294186, 6111049.80346117541194 ], [ 271480.479380422679242, 6111048.968297745101154 ], [ 271478.717549598834012, 6111048.29607736505568 ], [ 271293.302124219015241, 6110987.398817063309252 ], [ 271291.477896976051852, 6110986.893948197364807 ], [ 271289.614111998467706, 6110986.563791926950216 ], [ 271287.727462731185369, 6110986.411305376328528 ], [ 271285.834847408696078, 6110986.437854330055416 ], [ 271283.95321770204464, 6110986.643200994469225 ], [ 271282.099426886765286, 6110987.025506133213639 ], [ 271215.020138784893788, 6111004.204780866391957 ], [ 271213.32725428591948, 6111004.719121227972209 ], [ 271211.686450504348613, 6111005.381062981672585 ], [ 271168.328924579953309, 6111025.145298267714679 ], [ 271166.547274845128413, 6111026.06805872824043 ], [ 271164.867046927916817, 6111027.164688470773399 ] ] ], [ [ [ 277635.847490252112038, 6092860.611367395147681 ], [ 277634.797197944077197, 6092860.884681216441095 ], [ 277634.75583704985911, 6092860.899921824224293 ], [ 277634.713704973633867, 6092860.911058508791029 ], [ 277633.92963557515759, 6092861.204359457828104 ], [ 277632.950174961006269, 6092861.565269817598164 ], [ 277632.900717075797729, 6092861.589252393692732 ], [ 277632.849826405465137, 6092861.608289333060384 ], [ 277632.090892309031915, 6092861.981943744234741 ], [ 277631.179000995645765, 6092862.424128087237477 ], [ 277631.122858216229361, 6092862.458546668291092 ], [ 277631.06446364976, 6092862.487296710722148 ], [ 277630.344030101667158, 6092862.936010715551674 ], [ 277629.500832944002468, 6092863.452936491928995 ], [ 277629.439667024591472, 6092863.499283177778125 ], [ 277629.375292575045023, 6092863.539378086104989 ], [ 276999.227890601847321, 6093300.98023687209934 ], [ 276997.60116373305209, 6093302.238183791749179 ], [ 276996.112204865552485, 6093303.656518113799393 ], [ 276994.77675479114987, 6093305.220245665870607 ], [ 276950.394057210360188, 6093362.954305838793516 ], [ 276949.20932639867533, 6093364.674366099759936 ], [ 276948.210435339598916, 6093366.508599195629358 ], [ 276947.408277425682172, 6093368.43700192309916 ], [ 276946.81160057883244, 6093370.438544113188982 ], [ 276946.426911849936005, 6093372.49139797501266 ], [ 276894.329089914914221, 6093761.87609060946852 ], [ 276662.168839745689183, 6093992.261950363405049 ], [ 276660.839473583560903, 6093993.718076514080167 ], [ 276659.659943502920214, 6093995.29802162386477 ], [ 276658.641713114106096, 6093996.986430529505014 ], [ 276657.794678388920147, 6093998.766893934458494 ], [ 276657.127071483701002, 6094000.622107879258692 ], [ 276656.645380732661579, 6094002.534041920676827 ], [ 276656.354287589259911, 6094004.484114365652204 ], [ 276656.25662112783175, 6094006.453372861258686 ], [ 276656.353330548619851, 6094008.422678588889539 ], [ 276656.643475952732842, 6094010.372892270796001 ], [ 276657.124237476615235, 6094012.285060180351138 ], [ 276657.790942697785795, 6094014.140598352998495 ], [ 276658.637112045369577, 6094015.921473192982376 ], [ 276659.654521773394663, 6094017.610376743599772 ], [ 276660.8332838860224, 6094019.190894899889827 ], [ 277447.465662858798169, 6094972.054939921945333 ], [ 277448.800697172642685, 6094973.518042492680252 ], [ 277450.273902009997983, 6094974.841920606791973 ], [ 277451.870828966726549, 6094976.013590374961495 ], [ 277453.57581623859005, 6094977.021560690365732 ], [ 277455.372142223699484, 6094977.855945917777717 ], [ 277457.242189518874511, 6094978.508562854491174 ], [ 277459.167617701925337, 6094978.97301098331809 ], [ 277461.129543204442598, 6094979.244735245592892 ], [ 277463.108724512101617, 6094979.321070714853704 ], [ 277465.085750874597579, 6094979.201268735341728 ], [ 277467.04123267630348, 6094978.886504258960485 ], [ 277468.955991599126719, 6094978.379864327609539 ], [ 277470.811248713172972, 6094977.686317794956267 ], [ 277472.588808650325518, 6094976.812666593119502 ], [ 277474.271238054789137, 6094975.767479025758803 ], [ 278266.465460666804574, 6094427.46506226900965 ], [ 278267.223258566227742, 6094426.882851687259972 ], [ 278267.891613811952993, 6094426.380365596152842 ], [ 278267.962720309908036, 6094426.314728639088571 ], [ 278268.040647807181813, 6094426.254857513122261 ], [ 278268.754556675965432, 6094425.58380065113306 ], [ 278269.37165748339612, 6094425.014167490415275 ], [ 278269.426646311942022, 6094424.952052843756974 ], [ 278269.488016095361672, 6094424.894366749562323 ], [ 278270.150161983096041, 6094424.13477920088917 ], [ 278270.706779751286376, 6094423.506031201221049 ], [ 278270.747170963615645, 6094423.44991413410753 ], [ 278270.793287930486258, 6094423.397010575048625 ], [ 278271.396568461728748, 6094422.547681169584394 ], [ 278271.883439049532171, 6094421.871253103017807 ], [ 278271.91107662365539, 6094421.823330077342689 ], [ 278271.943587425572332, 6094421.777559695765376 ], [ 278272.482254378555808, 6094420.832918758504093 ], [ 278272.889701033127494, 6094420.126414040103555 ], [ 278272.906711336108856, 6094420.088563797995448 ], [ 278272.927567422331776, 6094420.051989226602018 ], [ 278273.398770916683134, 6094418.993664174340665 ], [ 278273.715359623136465, 6094418.289211158640683 ], [ 278273.724105480127037, 6094418.262961361557245 ], [ 278273.735521425202023, 6094418.237321100197732 ], [ 278274.145671787729952, 6094416.997673109173775 ], [ 278274.352040522557218, 6094416.378278410993516 ], [ 278274.355071551515721, 6094416.364778394810855 ], [ 278274.359479351725895, 6094416.351456156931818 ], [ 278274.793286153057124, 6094414.412997558712959 ], [ 278331.215371849481016, 6094086.668182888999581 ], [ 278331.250649077061098, 6094086.392093377187848 ], [ 278331.292115413874853, 6094086.187475732527673 ], [ 278331.332451084628701, 6094085.751887842081487 ], [ 278331.435307688137982, 6094084.946903114207089 ], [ 278331.457141562539618, 6094084.405346155166626 ], [ 278331.490461500477977, 6094084.04552168212831 ], [ 278331.485293047328014, 6094083.707090213894844 ], [ 278331.505211691721343, 6094083.213037702254951 ], [ 278331.464329831884243, 6094082.334414169192314 ], [ 278331.457613917067647, 6094081.894654562696815 ], [ 278331.435558631492313, 6094081.716070145368576 ], [ 278331.424557627120521, 6094081.479639087803662 ], [ 278331.193952653324232, 6094079.759756189770997 ], [ 278294.819536565628368, 6093876.031774546019733 ], [ 278294.714509940589778, 6093875.487274291925132 ], [ 278154.046934472862631, 6093196.934973794035614 ], [ 278153.547424903896172, 6093195.011721674352884 ], [ 278153.545047881780192, 6093195.005279897712171 ], [ 278153.543331414519344, 6093194.998680286109447 ], [ 278153.314977821719367, 6093194.381785481236875 ], [ 278152.859535691910423, 6093193.147528294473886 ], [ 278152.853526628401596, 6093193.135179983451962 ], [ 278152.848792326927651, 6093193.122390318661928 ], [ 278152.504575928498525, 6093192.418104577809572 ], [ 278151.990057005838025, 6093191.360795147716999 ], [ 278151.979249828145839, 6093191.343258394859731 ], [ 278151.970267547119875, 6093191.324880152009428 ], [ 278151.530999388720375, 6093190.615884648635983 ], [ 278150.947571488330141, 6093189.669159113429487 ], [ 278150.930912670155521, 6093189.647321877069771 ], [ 278150.91654857917456, 6093189.624137688428164 ], [ 278150.393525837745983, 6093188.942887560464442 ], [ 278149.74236953642685, 6093188.089318368583918 ], [ 277896.945019576116465, 6092888.796737560071051 ], [ 277895.617173617356457, 6092887.371662967838347 ], [ 277894.157000022067223, 6092886.082513809204102 ], [ 277892.578348582144827, 6092884.941517703235149 ], [ 277890.896192855725531, 6092883.959497033618391 ], [ 277889.126488142472226, 6092883.145766298286617 ], [ 277887.286020146682858, 6092882.508043756708503 ], [ 277885.39224576484412, 6092882.052378228865564 ], [ 277883.463127506023739, 6092881.783091715537012 ], [ 277642.577529008965939, 6092860.049658287316561 ], [ 277642.48841690341942, 6092860.04607329890132 ], [ 277640.611816402699333, 6092859.96946017537266 ], [ 277640.600409822189249, 6092859.970118587836623 ], [ 277640.58911881246604, 6092859.969664349220693 ], [ 277639.931263138714712, 6092860.008743168786168 ], [ 277638.646663042600267, 6092860.082893040031195 ], [ 277638.62462499551475, 6092860.086361829191446 ], [ 277638.602602064202074, 6092860.087670064531267 ], [ 277637.838917010347359, 6092860.210032278671861 ], [ 277636.70217831915943, 6092860.388954968191683 ], [ 277636.6700542132603, 6092860.397314509376884 ], [ 277636.637646144954488, 6092860.402507125400007 ], [ 277635.847490252112038, 6092860.611367395147681 ] ] ], [ [ [ 286428.638915618008468, 6127718.472228756174445 ], [ 286428.532409980369266, 6127716.50788772944361 ], [ 286428.233438208990265, 6127714.56351250782609 ], [ 286427.744892840157263, 6127712.657914820127189 ], [ 286427.071500524878502, 6127710.809531225822866 ], [ 286426.219776298676152, 6127709.036244738847017 ], [ 286425.197960548859555, 6127707.355211813934147 ], [ 286424.01593928958755, 6127705.782696356065571 ], [ 286422.685148514807224, 6127704.333912370726466 ], [ 286421.218463555851486, 6127703.02287676744163 ], [ 286419.630074513086583, 6127701.862273747101426 ], [ 286417.93534896755591, 6127700.863332082517445 ], [ 286416.150683300569654, 6127700.035716484300792 ], [ 286414.293344059260562, 6127699.387434087693691 ], [ 286412.381300903856754, 6127698.924756992608309 ], [ 286410.433052752050571, 6127698.652161575853825 ], [ 286408.46744880307233, 6127698.572285182774067 ], [ 285791.117322048987262, 6127703.872845765203238 ], [ 285789.178679951350205, 6127703.983760276809335 ], [ 285787.25993130588904, 6127704.282154055312276 ], [ 285785.379163365461864, 6127704.765214265324175 ], [ 285783.554105354764033, 6127705.428387296386063 ], [ 285781.801961343677249, 6127706.265421689487994 ], [ 285780.139248072053306, 6127707.268427067436278 ], [ 285778.581639252835885, 6127708.427948511205614 ], [ 285777.143817822739948, 6127709.733055689372122 ], [ 285775.839337532001082, 6127711.171445894055068 ], [ 285774.680495178909041, 6127712.729560014791787 ], [ 285773.678214692801703, 6127714.392710350453854 ], [ 285727.938360772968736, 6127799.368185327388346 ], [ 285727.028898904623929, 6127801.297806733287871 ], [ 285726.330131163878832, 6127803.313317414373159 ], [ 285725.850007011613343, 6127805.391788115724921 ], [ 285725.593988531909417, 6127807.509573326446116 ], [ 285712.754617545753717, 6127998.996987955644727 ], [ 285712.71871689602267, 6128000.931801219470799 ], [ 285712.869972426560707, 6128002.861027226783335 ], [ 285713.206968086422421, 6128004.766604606062174 ], [ 285713.726548929698765, 6128006.630693383514881 ], [ 285714.423850651888642, 6128008.43584200181067 ], [ 285715.292345129535533, 6128010.165150697343051 ], [ 285716.323901536467019, 6128011.802429720759392 ], [ 285717.508862464223057, 6128013.332350903190672 ], [ 285718.836134334560484, 6128014.740591154433787 ], [ 285720.293291257403325, 6128016.01396656036377 ], [ 285721.866691361530684, 6128017.140555809251964 ], [ 285723.541604509751778, 6128018.109811796806753 ], [ 285725.302350201935042, 6128018.912660369649529 ], [ 285727.132444375543855, 6128019.541585276834667 ], [ 285729.014753729046788, 6128019.990698537789285 ], [ 285730.931656123546418, 6128020.255795562639832 ], [ 285732.865205560985487, 6128020.334394521079957 ], [ 285734.797300193924457, 6128020.225759569555521 ], [ 285736.709851794701535, 6128019.930907746776938 ], [ 285738.584955097350758, 6128019.452599449083209 ], [ 285740.405055425711907, 6128018.795312588103116 ], [ 286416.334407085785642, 6127737.031862399540842 ], [ 286418.110765013494529, 6127736.186562668532133 ], [ 286419.795485678594559, 6127735.170838590711355 ], [ 286421.372269496554509, 6127733.994517242535949 ], [ 286422.825861166231334, 6127732.668979472480714 ], [ 286424.142197264183778, 6127731.20704978890717 ], [ 286425.308542307291646, 6127729.622872285544872 ], [ 286426.313611968187615, 6127727.931773795746267 ], [ 286427.147682250360958, 6127726.150115611962974 ], [ 286427.802683567337226, 6127724.2951351813972 ], [ 286428.272278815566096, 6127722.384779343381524 ], [ 286428.551924685540143, 6127720.437530692666769 ], [ 286428.638915618008468, 6127718.472228756174445 ] ] ], [ [ [ 289942.704946066718549, 6123711.769005899317563 ], [ 289941.482170528965071, 6123713.270360868424177 ], [ 289940.410308667982463, 6123714.882923708297312 ], [ 289939.499407170340419, 6123716.591579677537084 ], [ 289938.75800402223831, 6123718.380313345231116 ], [ 289566.308206802641507, 6124756.385740967467427 ], [ 289565.665842664078809, 6124758.554801156744361 ], [ 289565.272535067866556, 6124760.782527110539377 ], [ 289500.46019052027259, 6125306.714380594901741 ], [ 289500.324393366463482, 6125308.688981920480728 ], [ 289500.384434816136491, 6125310.667336359620094 ], [ 289500.639726839726791, 6125312.63006844650954 ], [ 289501.087769176461734, 6125314.557955716736615 ], [ 289501.724173821567092, 6125316.432116966694593 ], [ 289502.542708000924904, 6125318.234197170473635 ], [ 289579.085612746712286, 6125466.758637166582048 ], [ 289580.077127982105594, 6125468.4692397499457 ], [ 289581.232700338296127, 6125470.073582665994763 ], [ 289582.541036222712137, 6125471.555986414663494 ], [ 289583.98934906051727, 6125472.901963229291141 ], [ 289585.563484259881079, 6125474.098358663730323 ], [ 289587.248057546967175, 6125475.133480154909194 ], [ 289589.02660531894071, 6125475.997211296111345 ], [ 289590.881745545309968, 6125476.681110705249012 ], [ 289592.795347645471338, 6125477.178494524210691 ], [ 289594.74870968144387, 6125477.484501742757857 ], [ 289596.722741135279648, 6125477.596141702495515 ], [ 289810.078929720155429, 6125479.099116281606257 ], [ 290025.881920489598997, 6125762.791012914851308 ], [ 290027.145057126355823, 6125764.292535989545286 ], [ 290028.549249128380325, 6125765.663057981058955 ], [ 290030.080980846716557, 6125766.889387321658432 ], [ 290031.725509035342839, 6125767.959720328450203 ], [ 290033.467004758073017, 6125768.863754816353321 ], [ 290035.288705745420884, 6125769.59278925973922 ], [ 290037.17307773506036, 6125770.13980654720217 ], [ 290039.101983242842834, 6125770.499541519209743 ], [ 290041.05685613991227, 6125770.668531648814678 ], [ 290043.018880355812144, 6125770.645150371827185 ], [ 290044.969170986965764, 6125770.429622735828161 ], [ 290811.756696560652927, 6125647.364191971719265 ], [ 290813.373562392021995, 6125647.027242920361459 ], [ 290813.545830902818125, 6125646.992497897706926 ], [ 290813.557025084970519, 6125646.989009952172637 ], [ 290813.569807777530514, 6125646.986346084624529 ], [ 290815.340192757605109, 6125646.442400478757918 ], [ 290815.429903223877773, 6125646.405448135919869 ], [ 290815.512283533927985, 6125646.379779619164765 ], [ 290816.001595974026714, 6125646.169964055530727 ], [ 290817.052669831027742, 6125645.737019679509103 ], [ 290817.237403792270925, 6125645.640053729526699 ], [ 290817.405291117669549, 6125645.568064196966588 ], [ 290990.049696661764756, 6125560.762026739306748 ], [ 291067.676096630457323, 6125744.364716204814613 ], [ 291068.47552797512617, 6125746.035335693508387 ], [ 291069.426068665401544, 6125747.624842644669116 ], [ 291070.519567672512494, 6125749.119606797583401 ], [ 291071.746648078667931, 6125750.506810325197875 ], [ 291073.096787485410459, 6125751.774557750672102 ], [ 291074.558408244978637, 6125752.911977948620915 ], [ 291076.118976740166545, 6125753.909317370504141 ], [ 291123.121764973155223, 6125780.968046229332685 ], [ 291124.710303164902143, 6125781.790247324854136 ], [ 291202.717272337176837, 6125817.838409419171512 ], [ 291204.4667154654162, 6125818.548670862801373 ], [ 291206.27534102590289, 6125819.090792766772211 ], [ 291208.1270295411814, 6125819.459943439811468 ], [ 291210.005277732911054, 6125819.652832806110382 ], [ 291818.180864913039841, 6125853.207596273161471 ], [ 291820.049723706149962, 6125853.223251724615693 ], [ 291821.911884223925881, 6125853.064391762018204 ], [ 291823.75108571635792, 6125852.732403581961989 ], [ 291825.551267916045617, 6125852.230186169035733 ], [ 291909.206738104636315, 6125824.618639336898923 ], [ 291911.077897770097479, 6125823.895080870017409 ], [ 291912.867155451909639, 6125822.987704267725348 ], [ 291914.556507749482989, 6125821.905639499425888 ], [ 292172.278514522011392, 6125637.97081614471972 ], [ 292696.65596751664998, 6125742.52032882347703 ], [ 292698.646139323303942, 6125742.813959583640099 ], [ 292700.655741055554245, 6125742.906175205484033 ], [ 292702.664440553693566, 6125742.796042695641518 ], [ 292704.651914786139969, 6125742.484676322899759 ], [ 292706.598055468290113, 6125741.975226336158812 ], [ 292708.483172507956624, 6125741.272847101092339 ], [ 292710.288193220098037, 6125740.384644944220781 ], [ 292711.994855294760782, 6125739.31960625667125 ], [ 292713.58589156641392, 6125738.088506574742496 ], [ 292715.045204714173451, 6125736.703801559284329 ], [ 292746.193869290524162, 6125704.017253687605262 ], [ 292746.407927220046986, 6125703.789080027490854 ], [ 292839.850426398217678, 6125602.61016842070967 ], [ 292841.162247513770126, 6125601.034887842833996 ], [ 292842.305925819149707, 6125599.333599074743688 ], [ 292843.269445877231192, 6125597.524175786413252 ], [ 292844.04268498608144, 6125595.62562770396471 ], [ 292968.499327567405999, 6125238.684007978066802 ], [ 293523.086923182825558, 6125057.503416994586587 ], [ 293524.854146285564639, 6125056.832084237597883 ], [ 293526.550090014352463, 6125055.996895615011454 ], [ 293528.159602107538376, 6125055.005313048139215 ], [ 293529.668302519596182, 6125053.866195743903518 ], [ 293531.062711898004636, 6125052.589721046388149 ], [ 293532.330372013617307, 6125051.187293509952724 ], [ 293533.459957067505457, 6125049.671442998573184 ], [ 293534.441374880436342, 6125048.055712748318911 ], [ 293535.265857060381677, 6125046.354538359679282 ], [ 293535.926037343160715, 6125044.583118827082217 ], [ 293536.416017405455932, 6125042.757280743680894 ], [ 293536.731419563060626, 6125040.893336902372539 ], [ 293536.869425882934593, 6125039.007940545678139 ], [ 293552.88017594977282, 6124418.299023673869669 ], [ 293552.832172923081089, 6124416.305764122866094 ], [ 293552.585943668906111, 6124414.327189110219479 ], [ 293552.143935329164378, 6124412.382962644100189 ], [ 293551.510540790564846, 6124410.492407359182835 ], [ 293550.692055025487207, 6124408.674312482587993 ], [ 293549.696612530038692, 6124406.946747096255422 ], [ 293548.534106479433831, 6124405.326880555599928 ], [ 293547.216090404952411, 6124403.830811855383217 ], [ 293545.755663369782269, 6124402.473409630358219 ], [ 293436.797251207870431, 6124310.887696510180831 ], [ 293481.455015158222523, 6124176.998896658420563 ], [ 293481.968296074890532, 6124175.176920474506915 ], [ 293482.307030736992601, 6124173.314579650759697 ], [ 293482.468184882542118, 6124171.428556359373033 ], [ 293482.450314951303881, 6124169.535744910128415 ], [ 293471.396588001807686, 6123975.071126645430923 ], [ 293579.244524762907531, 6124000.862353501841426 ], [ 293581.221467060619034, 6124001.231168985366821 ], [ 293583.225453545455821, 6124001.399584772996604 ], [ 293585.236222282401286, 6124001.365898043848574 ], [ 293587.233442762109917, 6124001.130449399352074 ], [ 293589.196921459340956, 6124000.695619415491819 ], [ 293591.106806005584076, 6124000.065804578363895 ], [ 293592.943785912997555, 6123999.247372828423977 ], [ 293594.689287818793673, 6123998.248599178157747 ], [ 293596.325663277530111, 6123997.07958204112947 ], [ 293597.836367200536188, 6123995.75214113201946 ], [ 293716.658192603674252, 6123880.254226935096085 ], [ 293945.050224801758304, 6123903.108954356051981 ], [ 294830.565019579895306, 6124252.736905905418098 ], [ 294831.39950113883242, 6124253.022301212884486 ], [ 294831.951027844683267, 6124253.226078792475164 ], [ 294832.128394580155145, 6124253.271585052832961 ], [ 294832.324635058641434, 6124253.338699910789728 ], [ 294833.40359781763982, 6124253.598758746869862 ], [ 294833.941125145123806, 6124253.736669940873981 ], [ 294834.032359899021685, 6124253.750307197682559 ], [ 294834.132540362072177, 6124253.774453364312649 ], [ 294835.97310432913946, 6124254.040398736484349 ], [ 294981.707952257303987, 6124268.219621105119586 ], [ 294983.621557491656858, 6124268.313603406772017 ], [ 294983.670537691970821, 6124268.311311471275985 ], [ 294983.717078709451016, 6124268.313485829159617 ], [ 294984.323032761167269, 6124268.280779204331338 ], [ 294985.535375101491809, 6124268.22404994815588 ], [ 294985.632566940097604, 6124268.210096546448767 ], [ 294985.725473161262926, 6124268.205081894062459 ], [ 294986.407291057170369, 6124268.09887283667922 ], [ 294987.431842376652639, 6124267.951782542280853 ], [ 294987.57515685405815, 6124267.916950469836593 ], [ 294987.712823716981802, 6124267.895505641587079 ], [ 294988.388653181027621, 6124267.719233090057969 ], [ 294989.293555827229284, 6124267.499299731105566 ], [ 294989.479612306924537, 6124267.434684756211936 ], [ 294989.659031308314297, 6124267.387887972407043 ], [ 294990.298236186092254, 6124267.150387419387698 ], [ 294991.103430892108008, 6124266.870753858238459 ], [ 294991.327604952617548, 6124266.767919043079019 ], [ 294991.544412966351956, 6124266.68736267555505 ], [ 294992.13150937698083, 6124266.399145945906639 ], [ 294992.844858720374759, 6124266.07191295735538 ], [ 294993.101347973046359, 6124265.923033839091659 ], [ 294993.349900885077659, 6124265.801014514639974 ], [ 294993.876235684147105, 6124265.473250474780798 ], [ 294994.501858587318566, 6124265.110107827931643 ], [ 294994.783765449945349, 6124264.90810520388186 ], [ 294995.057235263928305, 6124264.737807570025325 ], [ 294995.518192615185399, 6124264.381845527328551 ], [ 294996.059224546130281, 6124263.994164757430553 ], [ 294996.358654051669873, 6124263.732821558602154 ], [ 294996.649148977943696, 6124263.508494585752487 ], [ 294997.042965635948349, 6124263.135551834478974 ], [ 294997.502664970234036, 6124262.734324526041746 ], [ 295020.344857114250772, 6124240.783509018830955 ], [ 295714.170993965351954, 6124546.366864391602576 ], [ 295714.584799748961814, 6124546.52517348062247 ], [ 295714.99786278483225, 6124546.709166035987437 ], [ 295715.51866514259018, 6124546.882441034540534 ], [ 295716.018757063837256, 6124547.07376048900187 ], [ 295716.435811301518697, 6124547.187582701444626 ], [ 295716.854296972916927, 6124547.3268161425367 ], [ 295717.400512604624964, 6124547.45086845010519 ], [ 295717.927319511014502, 6124547.594644300639629 ], [ 295718.342974200262688, 6124547.664913102984428 ], [ 295718.762197382457089, 6124547.760123859159648 ], [ 295719.329102079384029, 6124547.831623662263155 ], [ 295719.878006354672834, 6124547.92441906966269 ], [ 295720.287832415895537, 6124547.952541747130454 ], [ 295720.703306171810254, 6124548.00494260340929 ], [ 295721.285767659544945, 6124548.021021069027483 ], [ 295721.851730462687556, 6124548.059858006425202 ], [ 295722.251564880192745, 6124548.047681263647974 ], [ 295722.659047708497383, 6124548.058929558843374 ], [ 295723.2515715243062, 6124548.017226599156857 ], [ 295723.829179287306033, 6124547.999635864980519 ], [ 295724.21516763838008, 6124547.949406861327589 ], [ 295724.610706330568064, 6124547.921568091027439 ], [ 295725.207487089675851, 6124547.820275456644595 ], [ 295725.791003834980074, 6124547.744341908954084 ], [ 295726.159637645003386, 6124547.658665290102363 ], [ 295726.539605447731446, 6124547.59417269565165 ], [ 295727.13458309287671, 6124547.432071778923273 ], [ 295727.7180079932441, 6124547.296474144794047 ], [ 295728.066156675340608, 6124547.17826572060585 ], [ 295728.427286269317847, 6124547.079876413568854 ], [ 295729.014206627034582, 6124546.856370229274035 ], [ 295729.591336360783316, 6124546.660414880141616 ], [ 295729.916273360722698, 6124546.512852593325078 ], [ 295730.255684447009116, 6124546.383600854314864 ], [ 295730.828163584694266, 6124546.09873968269676 ], [ 295731.392658744822256, 6124545.842387845739722 ], [ 295731.692081730172504, 6124545.668860724195838 ], [ 295732.007302943617105, 6124545.512009097263217 ], [ 295732.558894603629597, 6124545.1665093684569 ], [ 295733.104349518485833, 6124544.850397293455899 ], [ 295733.376394481165335, 6124544.654453066177666 ], [ 295733.665379472775385, 6124544.473441923968494 ], [ 296385.294144731655251, 6124090.477062556892633 ], [ 296502.222658023238182, 6124073.742448642849922 ], [ 296504.547491081757471, 6124073.267528180032969 ], [ 296643.158202321385033, 6124036.265679387375712 ], [ 296643.700735592865385, 6124036.091390434652567 ], [ 296643.700735601363704, 6124036.091390431858599 ], [ 296644.323154765588697, 6124035.91642552614212 ], [ 296644.702632250497118, 6124035.76953087747097 ], [ 296645.060486666974612, 6124035.654570054262877 ], [ 296645.546718330646399, 6124035.442787570878863 ], [ 296646.099980001279619, 6124035.228621561080217 ], [ 297377.895892698434182, 6123711.071832594461739 ], [ 297379.561299087712541, 6123710.239335412159562 ], [ 297381.14207193616312, 6123709.255573650822043 ], [ 297382.624511357338633, 6123708.12907315697521 ], [ 297383.995769678673241, 6123706.869596829637885 ], [ 297385.24396278714994, 6123705.488060017116368 ], [ 297386.358273123565596, 6123703.996435911394656 ], [ 297387.32904343388509, 6123702.40765178296715 ], [ 297388.147860464290716, 6123700.735476950183511 ], [ 297453.987699811346829, 6123548.747050635516644 ], [ 298006.808858193806373, 6123771.94667998701334 ], [ 298007.138889131136239, 6123772.061129001900554 ], [ 298007.476827002537902, 6123772.202575217932463 ], [ 298008.115749560645781, 6123772.399887285195291 ], [ 298008.694891022285447, 6123772.600723516196012 ], [ 298009.006733700458426, 6123772.675041010603309 ], [ 298009.327277161355596, 6123772.774031243287027 ], [ 298010.015445289376657, 6123772.915434397757053 ], [ 298010.636728685465641, 6123773.063496957533062 ], [ 298010.925853693042882, 6123773.102502956986427 ], [ 298011.224323114322033, 6123773.163831745274365 ], [ 298011.95745283580618, 6123773.241676512174308 ], [ 298012.61502614611527, 6123773.330390055663884 ], [ 298012.87770067009842, 6123773.339389748871326 ], [ 298013.150176604103763, 6123773.368321634829044 ], [ 298013.923260688956361, 6123773.375212482176721 ], [ 298014.610075146076269, 6123773.398743958212435 ], [ 298014.843410690489691, 6123773.383414193987846 ], [ 298015.08677925018128, 6123773.385583447292447 ], [ 298015.894246563781053, 6123773.314375991001725 ], [ 298016.60200054460438, 6123773.267877709120512 ], [ 298016.803986053681001, 6123773.234149541705847 ], [ 298017.015971879241988, 6123773.215455321595073 ], [ 298017.851945298316423, 6123773.059158054180443 ], [ 298018.570958318829071, 6123772.93909502774477 ], [ 298018.740478317136876, 6123772.893034012056887 ], [ 298018.740478318126407, 6123772.893034012056887 ], [ 298018.919664800283499, 6123772.859532519243658 ], [ 298019.778410283382982, 6123772.611013008281589 ], [ 298020.497333254781552, 6123772.415671323426068 ], [ 298020.634170974197332, 6123772.363357290625572 ], [ 298020.780007428547833, 6123772.321152463555336 ], [ 298021.656810494197998, 6123771.972394931130111 ], [ 298022.361934358603321, 6123771.702821063809097 ], [ 298022.466759938688483, 6123771.650229120627046 ], [ 298022.579555667063687, 6123771.605363447219133 ], [ 298023.472736976807937, 6123771.14552132692188 ], [ 298024.146186041587498, 6123770.80764582939446 ], [ 298024.220530117338058, 6123770.76053030602634 ], [ 298024.30143547692569, 6123770.718877294100821 ], [ 298025.218211141705979, 6123770.128250434063375 ], [ 298025.832313174789306, 6123769.739063563756645 ], [ 298025.878526312822942, 6123769.702846607193351 ], [ 298025.929501102073118, 6123769.670006425119936 ], [ 298026.911025094101205, 6123768.893683568574488 ], [ 298027.403518168546725, 6123768.50771973002702 ], [ 298027.424716833280399, 6123768.487386176362634 ], [ 298027.448486465029418, 6123768.468585914000869 ], [ 298028.844148314208724, 6123767.125881262123585 ], [ 298059.578494163171854, 6123734.548689848743379 ], [ 299021.287551171670202, 6122715.681965073570609 ], [ 299204.3708718874841, 6122683.930884932167828 ], [ 300057.733058140031062, 6123145.32683280389756 ], [ 300059.456907991319895, 6123146.154939427040517 ], [ 300061.251971361867618, 6123146.814610849134624 ], [ 300063.101835004985332, 6123147.299815332517028 ], [ 300064.989584605034906, 6123147.606116387993097 ], [ 300066.897959434369113, 6123147.730713337659836 ], [ 300068.809510177641641, 6123147.672466922551394 ], [ 300070.706758480402641, 6123147.431909722276032 ], [ 300072.572356763179414, 6123147.011241282336414 ], [ 300074.389246840029955, 6123146.414308004081249 ], [ 300076.140815890626982, 6123145.646567977033556 ], [ 300077.811048360657878, 6123144.715041066519916 ], [ 300079.384672400774434, 6123143.628244733437896 ], [ 300080.847299505141564, 6123142.396116151474416 ], [ 300082.185556073789485, 6123141.029921346344054 ], [ 300083.387205694569275, 6123139.542152184993029 ], [ 300084.441261027532164, 6123137.946412154473364 ], [ 300085.338084267859813, 6123136.257291979156435 ], [ 300086.06947526987642, 6123134.490236210636795 ], [ 300086.628746525500901, 6123132.661402004770935 ], [ 300193.643583110882901, 6122711.708799299784005 ], [ 300399.834288565383758, 6122372.600410311482847 ], [ 301083.640632369206287, 6122118.386951924301684 ], [ 301083.985911357507575, 6122118.239580946043134 ], [ 301084.306889845989645, 6122118.125601142644882 ], [ 301084.800056081439834, 6122117.892090051434934 ], [ 301085.386708259349689, 6122117.641696867533028 ], [ 301085.77406614163192, 6122117.430902454070747 ], [ 301086.131918784056325, 6122117.261461492627859 ], [ 301086.556103618699126, 6122117.005329258739948 ], [ 301087.054255197464954, 6122116.734242558479309 ], [ 301087.47527478216216, 6122116.450313273817301 ], [ 301087.860510350961704, 6122116.217699472792447 ], [ 301088.214655506541021, 6122115.951686019077897 ], [ 301088.628247809538152, 6122115.672765581868589 ], [ 301089.073394351056777, 6122115.306650834158063 ], [ 301089.475043854734395, 6122115.004954848438501 ], [ 301089.760678219201509, 6122114.741388079710305 ], [ 301090.09450368990656, 6122114.466830340214074 ], [ 301090.553332801384386, 6122114.009972560219467 ], [ 301090.95906127395574, 6122113.635589936748147 ], [ 301091.179901856579818, 6122113.386095520108938 ], [ 301091.439811190823093, 6122113.127302870154381 ], [ 301091.901252262992784, 6122112.571150653995574 ], [ 301092.297435024811421, 6122112.123563594184816 ], [ 301092.459088893956505, 6122111.898817614652216 ], [ 301092.652048465737607, 6122111.666252939030528 ], [ 301093.104843191569671, 6122111.001030988059938 ], [ 301093.476522167096846, 6122110.484288915991783 ], [ 301093.586229656939395, 6122110.293803572654724 ], [ 301093.720292692712974, 6122110.096845284104347 ], [ 301094.153841535618994, 6122109.308257883414626 ], [ 301094.484303475765046, 6122108.734476127661765 ], [ 301094.550695599988103, 6122108.58641507383436 ], [ 301094.634918494324666, 6122108.433221000246704 ], [ 301095.041569983412046, 6122107.491716275922954 ], [ 301095.310505960835144, 6122106.891962243244052 ], [ 301095.343363649328239, 6122106.792984881438315 ], [ 301095.387684666435234, 6122106.690370116382837 ], [ 301095.773153553018346, 6122105.498326833359897 ], [ 301095.946707586816046, 6122104.975529242306948 ], [ 301095.956717538123485, 6122104.930664376355708 ], [ 301095.971808435686398, 6122104.883996529504657 ], [ 301096.382026575040072, 6122103.03037650603801 ], [ 301096.383673530246597, 6122103.01703636161983 ], [ 301096.386423124407884, 6122103.004712607711554 ], [ 301199.00162945932243, 6121501.659065739251673 ], [ 301245.470488858874887, 6121431.098106726072729 ], [ 301246.436887451389339, 6121429.467341112904251 ], [ 301247.244554508943111, 6121427.752407689578831 ], [ 301247.886234510689974, 6121425.968712228350341 ], [ 301248.356163048418239, 6121424.132278212346137 ], [ 301248.650118609890342, 6121422.259602893143892 ], [ 301248.765460502007045, 6121420.367509086616337 ], [ 301248.701152573223226, 6121418.472994052805007 ], [ 301166.809643913409673, 6120413.903515283018351 ], [ 301166.725077274022624, 6120413.248334147036076 ], [ 301166.668479713087436, 6120412.656473783776164 ], [ 301166.610095933487173, 6120412.357514719478786 ], [ 301166.568943488353398, 6120412.038685617037117 ], [ 301166.414252083282918, 6120411.354679779149592 ], [ 301166.294772023393307, 6120410.742872062139213 ], [ 301166.217131262645125, 6120410.483061914332211 ], [ 301166.154178709955886, 6120410.204701823182404 ], [ 301165.922788963420317, 6120409.498100978322327 ], [ 301165.736509567301255, 6120408.874752147123218 ], [ 301165.646640076010954, 6120408.654817989096045 ], [ 301165.569015607819892, 6120408.417774146422744 ], [ 301165.254511044069659, 6120407.695175656117499 ], [ 301164.998997971939389, 6120407.069868319667876 ], [ 301164.903860347927548, 6120406.889528639614582 ], [ 301164.818626330874395, 6120406.693696912378073 ], [ 301164.414388462959323, 6120405.961702199652791 ], [ 301164.089246416639071, 6120405.345373873598874 ], [ 301163.995603174262214, 6120405.203364988788962 ], [ 301163.909643431834411, 6120405.047708921134472 ], [ 301163.407979988667648, 6120404.312241283245385 ], [ 301163.015901018690784, 6120403.717658098787069 ], [ 301162.930191468389239, 6120403.611775663681328 ], [ 301162.850101243180688, 6120403.494358758442104 ], [ 301162.239998214354273, 6120402.759136226959527 ], [ 301161.789162662113085, 6120402.202190517447889 ], [ 301161.717384643212426, 6120402.129345429129899 ], [ 301161.649364863405935, 6120402.047376200556755 ], [ 301160.909584445995279, 6120401.309536280110478 ], [ 301160.42069005058147, 6120400.813373863697052 ], [ 301160.36829000886064, 6120400.769661697559059 ], [ 301160.318047380307689, 6120400.719550859183073 ], [ 301159.387002198433038, 6120399.951070447452366 ], [ 301158.923488904780243, 6120399.564407205209136 ], [ 301158.895261738798581, 6120399.545190133154392 ], [ 301158.867916064104065, 6120399.522619139403105 ], [ 301157.311788358492777, 6120398.467160498723388 ], [ 300919.008084431930911, 6120252.702429801225662 ], [ 300917.323705699993297, 6120251.78020497597754 ], [ 300917.303463810763787, 6120251.771530129015446 ], [ 300917.28457301488379, 6120251.761213795281947 ], [ 300916.708729499601759, 6120251.516651303507388 ], [ 300915.558644920238294, 6120251.023772042244673 ], [ 300915.516674855549354, 6120251.010382070206106 ], [ 300915.477064752893057, 6120250.993559539318085 ], [ 300914.777187166444492, 6120250.774458694271743 ], [ 300913.729174321866594, 6120250.440104611217976 ], [ 300913.6645684808027, 6120250.426146791316569 ], [ 300913.602985739067663, 6120250.406867947429419 ], [ 300912.851938985520974, 6120250.250581610947847 ], [ 300911.852159933187068, 6120250.034583557397127 ], [ 300911.764609887788538, 6120250.024317826144397 ], [ 300911.680403871578164, 6120250.00679528247565 ], [ 300910.908599770162255, 6120249.923945867456496 ], [ 300909.944906092132442, 6120249.81094741076231 ], [ 300909.834713991382159, 6120249.808669454418123 ], [ 300909.727854662167374, 6120249.797198625281453 ], [ 300908.953752874396741, 6120249.790457704104483 ], [ 300908.024995916581247, 6120249.771257889457047 ], [ 300907.893076667678542, 6120249.781221276149154 ], [ 300907.764162536012009, 6120249.780098685063422 ], [ 300907.001241696823854, 6120249.848578368313611 ], [ 300906.110129204113036, 6120249.915880894288421 ], [ 300905.958003330801148, 6120249.942219319753349 ], [ 300905.808259346755221, 6120249.955660321749747 ], [ 300905.067290172795765, 6120250.096433599479496 ], [ 300904.217959256027825, 6120250.243483134545386 ], [ 300904.047736518608872, 6120250.290133843198419 ], [ 300903.879001855151728, 6120250.322190955281258 ], [ 300903.168945817684289, 6120250.530972464010119 ], [ 300902.365930130763445, 6120250.751044421456754 ], [ 300902.18028411665, 6120250.821673859842122 ], [ 300901.994989932281896, 6120250.876156882382929 ], [ 300901.323398880718742, 6120251.14767774939537 ], [ 300900.571115825267043, 6120251.433885507285595 ], [ 300900.373249715135898, 6120251.53181825298816 ], [ 300900.174387238977943, 6120251.61221734713763 ], [ 300382.667878917243797, 6120491.032583036459982 ], [ 299785.423886369913816, 6120460.339194167405367 ], [ 299783.410654385399539, 6120460.337192133069038 ], [ 299781.407420934177935, 6120460.537598649039865 ], [ 299779.43448431516299, 6120460.938383040949702 ], [ 299777.511835836572573, 6120461.535484254360199 ], [ 299775.658957248611841, 6120462.322852001525462 ], [ 299773.894623339292593, 6120463.292508068494499 ], [ 299772.236711694102269, 6120464.434627155773342 ], [ 299770.702021546429023, 6120465.737636434845626 ], [ 299769.306103554787114, 6120467.188332816585898 ], [ 299768.063102231768426, 6120468.772016731090844 ], [ 299766.985612620890606, 6120470.47264107875526 ], [ 299766.084552673972212, 6120472.272973826155066 ], [ 299765.36905262194341, 6120474.154772622510791 ], [ 299764.846362460695673, 6120476.098969635553658 ], [ 299523.066351910005324, 6121597.884071652777493 ], [ 299202.130554883100558, 6121936.316737855784595 ], [ 298613.353786436258815, 6121642.236423165537417 ], [ 298611.437191168661229, 6121641.401270849630237 ], [ 298609.443886029766873, 6121640.770754050463438 ], [ 298607.395651948696468, 6121640.35176245123148 ], [ 298605.314870065369178, 6121640.148874390870333 ], [ 298603.224277170840651, 6121640.164306836202741 ], [ 298601.146717261639424, 6121640.397891156375408 ], [ 298558.733513952698559, 6121647.427673920989037 ], [ 298556.731118379510008, 6121647.86603813432157 ], [ 298554.784109063388314, 6121648.5070575857535 ], [ 298552.912938126071822, 6121649.343998765572906 ], [ 298551.137261054536793, 6121650.368070126511157 ], [ 298549.475730232079513, 6121651.568514436483383 ], [ 298547.945799006440211, 6121652.932721773162484 ], [ 298546.56353835365735, 6121654.446361988782883 ], [ 298545.343468062172178, 6121656.093535234220326 ], [ 298544.298404211702291, 6121657.856938977725804 ], [ 298159.143342526396737, 6122390.995016653090715 ], [ 297353.973090294166468, 6122893.612492219544947 ], [ 296335.223232971737161, 6122593.93721791729331 ], [ 296333.661517878936138, 6122593.545382250100374 ], [ 296332.073344125470612, 6122593.280441973358393 ], [ 296190.599496756854933, 6122575.498546035960317 ], [ 296188.689844335836824, 6122575.350956660695374 ], [ 296186.774830964044668, 6122575.386716677807271 ], [ 296184.872019971255213, 6122575.605498118326068 ], [ 296182.998862774344161, 6122576.005294451490045 ], [ 296181.172538823797368, 6122576.582438992336392 ], [ 296179.40979804424569, 6122577.331638523377478 ], [ 296177.726807214377914, 6122578.246021844446659 ], [ 296176.139001695206389, 6122579.317202794365585 ], [ 296174.660943866474554, 6122580.535357155837119 ], [ 296173.306189569120761, 6122581.889312762767076 ], [ 296172.087163779884577, 6122583.366651965305209 ], [ 296171.015046656539198, 6122584.953825511038303 ], [ 296170.099671000905801, 6122586.636276818811893 ], [ 296053.213189796369988, 6122828.375696448609233 ], [ 296023.449170379259158, 6122853.476784944534302 ], [ 295837.219140459084883, 6122737.515578538179398 ], [ 295835.531580366136041, 6122736.574714274145663 ], [ 295833.761108030041214, 6122735.801078481599689 ], [ 295831.924246758397203, 6122735.201891282573342 ], [ 295830.038139447569847, 6122734.782744716852903 ], [ 295828.120388593233656, 6122734.547550558112562 ], [ 295826.188892010890413, 6122734.498503807932138 ], [ 295824.261675801128149, 6122734.636062202975154 ], [ 295822.356726116966456, 6122734.958941951394081 ], [ 295111.805533549166285, 6122891.035086224786937 ], [ 294758.569195535848849, 6122509.655758074484766 ], [ 294757.150493101915345, 6122508.268842522054911 ], [ 294755.601358528947458, 6122507.029313006438315 ], [ 294753.937036274757702, 6122505.9493672773242 ], [ 294752.173904316034168, 6122505.039632678031921 ], [ 294750.32931297912728, 6122504.309061569161713 ], [ 294748.421414201846346, 6122503.764843230135739 ], [ 294731.119185520044994, 6122499.745653011836112 ], [ 294729.049724203068763, 6122499.378311979584396 ], [ 294726.953139734512661, 6122499.230179798789322 ], [ 294724.852586843597237, 6122499.302892445586622 ], [ 294722.771264086652081, 6122499.595646878704429 ], [ 294720.732157642079983, 6122500.105209911242127 ], [ 294533.39526475238381, 6122557.53220372647047 ], [ 294308.964199262904003, 6122529.025349725969136 ], [ 294108.97634197055595, 6122452.85692969430238 ], [ 294050.488295166171156, 6122273.293190175667405 ], [ 294049.738040142692626, 6122271.342449771240354 ], [ 294048.788303880894091, 6122269.480657150968909 ], [ 294047.649458143627271, 6122267.728144351392984 ], [ 294046.333939896954689, 6122266.104049997404218 ], [ 294044.85611549083842, 6122264.626110299490392 ], [ 293897.240507483831607, 6122131.679256684146821 ], [ 293895.723874652932864, 6122130.442207985557616 ], [ 293894.093593631347176, 6122129.359319063834846 ], [ 293892.365276253374759, 6122128.440959838218987 ], [ 293890.55547316535376, 6122127.695924664847553 ], [ 293888.681515334115829, 6122127.131348121911287 ], [ 293886.761348082625773, 6122126.752636685036123 ], [ 293094.28817394451471, 6122010.399986047297716 ], [ 293092.454981950519141, 6122010.216598104685545 ], [ 293090.612692549533676, 6122010.202677354216576 ], [ 293088.776938598952256, 6122010.358341921120882 ], [ 293086.963297499227338, 6122010.682270903140306 ], [ 293085.18715901079122, 6122011.171715582720935 ], [ 293083.463594663422555, 6122011.822522746399045 ], [ 293081.807229866040871, 6122012.629169932566583 ], [ 293080.232119801396038, 6122013.584812286309898 ], [ 292442.735089599213097, 6122441.734067127108574 ], [ 292441.228824994526803, 6122442.851626878604293 ], [ 292439.833871713315602, 6122444.10537254717201 ], [ 292438.562497577629983, 6122445.484278151765466 ], [ 292437.425883601128589, 6122446.976216999813914 ], [ 292436.434025658178143, 6122448.568068336695433 ], [ 292435.595646576199215, 6122450.245832734741271 ], [ 292434.918119423149619, 6122451.994755206629634 ], [ 292434.407402665587142, 6122453.799454974941909 ], [ 292434.067987767455634, 6122455.644060728140175 ], [ 292414.630171938857529, 6122598.68554022628814 ], [ 291973.135339242697228, 6122719.168129772879183 ], [ 291711.694865232508164, 6122731.713753223419189 ], [ 291708.986760448140558, 6122732.029761971905828 ], [ 291691.335030448448379, 6122735.321769444271922 ], [ 291689.508516387373675, 6122735.751958388835192 ], [ 291687.730359597248025, 6122736.351436972618103 ], [ 291686.01621326408349, 6122737.114927962422371 ], [ 291684.381167087238282, 6122738.035710316151381 ], [ 291682.839614444121253, 6122739.10567834880203 ], [ 291681.405125684919767, 6122740.315413089469075 ], [ 291680.090328672027681, 6122741.654265194199979 ], [ 291678.906797616684344, 6122743.110448693856597 ], [ 291677.864951190480497, 6122744.671144746243954 ], [ 291676.973960809526034, 6122746.322614480741322 ], [ 291676.241669898154214, 6122748.050319942645729 ], [ 291620.795474673621356, 6122898.09471626766026 ], [ 291407.059955882083159, 6122886.139928491786122 ], [ 291406.687132790742908, 6122886.137622998096049 ], [ 291406.282555932528339, 6122886.111598952673376 ], [ 291405.637696289282758, 6122886.131133407354355 ], [ 291405.073187718051486, 6122886.127642553299665 ], [ 291404.747250677493867, 6122886.158107291907072 ], [ 291404.393747574649751, 6122886.168815808370709 ], [ 291403.695544690301176, 6122886.256408324465156 ], [ 291403.095003779162653, 6122886.31253978330642 ], [ 291402.818778593151364, 6122886.366402353160083 ], [ 291402.518770106486045, 6122886.404039691202343 ], [ 291401.771307743678335, 6122886.570654081180692 ], [ 291401.144925767031964, 6122886.692795524373651 ], [ 291400.919746127503458, 6122886.76047289557755 ], [ 291400.674361783720087, 6122886.815170716494322 ], [ 291399.881137427233625, 6122887.072625034488738 ], [ 291399.242198020103388, 6122887.264657223597169 ], [ 291399.067919623397756, 6122887.336568561382592 ], [ 291398.876987965777516, 6122887.398538645356894 ], [ 291398.038788955658674, 6122887.761211919598281 ], [ 291397.405597600969486, 6122888.02248146571219 ], [ 291397.280633346352261, 6122888.089251887984574 ], [ 291397.142694126756396, 6122888.148935647681355 ], [ 291396.251386197051033, 6122888.639195284806192 ], [ 291395.653248994727619, 6122888.95878966525197 ], [ 291395.57462546491297, 6122889.011444268748164 ], [ 291395.486962614697404, 6122889.059662797488272 ], [ 291394.4989107651636, 6122889.731856224127114 ], [ 291394.002445247897413, 6122890.064341867342591 ], [ 291393.965880195843056, 6122890.094488655216992 ], [ 291393.924574437784031, 6122890.122589872218668 ], [ 291392.469477311766241, 6122891.328227933496237 ], [ 291363.728140480117872, 6122917.52820432279259 ], [ 291362.317769740708172, 6122918.949492488987744 ], [ 291362.31619794521248, 6122918.951430689543486 ], [ 291362.314444811316207, 6122918.953197834081948 ], [ 291362.271840435103513, 6122919.00577393732965 ], [ 291362.227429272781592, 6122919.05083373375237 ], [ 291361.840439141786192, 6122919.538094813004136 ], [ 291361.056580969365314, 6122920.504680116660893 ], [ 291361.053840740409214, 6122920.508851404301822 ], [ 291361.050706428068224, 6122920.512719315476716 ], [ 291360.976304181560408, 6122920.626131173223257 ], [ 291360.897819257399533, 6122920.72495190706104 ], [ 291360.527500868076459, 6122921.310067340731621 ], [ 291359.957215078989975, 6122922.178179536946118 ], [ 291359.953750971762929, 6122922.184816084802151 ], [ 291359.953750971646514, 6122922.184816084802151 ], [ 291359.949654783820733, 6122922.191059932112694 ], [ 291359.855425063171424, 6122922.371969579719007 ], [ 291359.754503004718572, 6122922.531429805792868 ], [ 291155.37287996627856, 6123287.243794422596693 ], [ 291031.59103303134907, 6123323.443317033350468 ], [ 291029.744472849532031, 6123324.082803302444518 ], [ 290872.062023417383898, 6123387.476591432467103 ], [ 290870.355375768558588, 6123388.25764056108892 ], [ 290868.729459193185903, 6123389.195232811383903 ], [ 290867.198592666885816, 6123390.281111082062125 ], [ 290865.776258086843882, 6123391.505712355487049 ], [ 290864.474981541163288, 6123392.858251926489174 ], [ 290863.306222994695418, 6123394.326818370260298 ], [ 290862.280275364872068, 6123395.898478447459638 ], [ 290861.406173874856904, 6123397.559391004964709 ], [ 290860.691616482683457, 6123399.29492886736989 ], [ 290666.622382806264795, 6123941.650111024267972 ], [ 289963.937783725559711, 6123706.171399530023336 ], [ 289962.074203103024047, 6123705.645743725821376 ], [ 289960.168524628796149, 6123705.302762219682336 ], [ 289958.238610449945554, 6123705.145669816993177 ], [ 289956.302549877611455, 6123705.175938962958753 ], [ 289954.378489833965432, 6123705.393285941332579 ], [ 289952.484464758599643, 6123705.795673534274101 ], [ 289950.638227570103481, 6123706.379330115392804 ], [ 289948.857083265378606, 6123707.138785003684461 ], [ 289947.157726718229242, 6123708.066919738426805 ], [ 289945.556086196214892, 6123709.155034805648029 ], [ 289944.067174063238781, 6123710.392931174486876 ], [ 289942.704946066718549, 6123711.769005899317563 ] ], [ [ 291247.099562698218506, 6124606.8306306572631 ], [ 291390.991191643988714, 6124613.715642295777798 ], [ 291269.522779007267673, 6124660.322512998245656 ], [ 291247.099562698218506, 6124606.8306306572631 ] ] ], [ [ [ 303846.944931650185026, 6116291.262882040813565 ], [ 303846.757793891476467, 6116291.304597708396614 ], [ 303846.559683768078685, 6116291.333240955136716 ], [ 303845.739442019199487, 6116291.53160282317549 ], [ 303845.053047089953907, 6116291.684610013850033 ], [ 303844.901047956198454, 6116291.734354526735842 ], [ 303844.739043595560361, 6116291.773532595485449 ], [ 303843.891919907531701, 6116292.064610246568918 ], [ 303843.210871643270366, 6116292.287495820783079 ], [ 303843.093589432886802, 6116292.338922206312418 ], [ 303842.967579035321251, 6116292.382220264524221 ], [ 303842.094134442799259, 6116292.777167339809239 ], [ 303841.435708319186233, 6116293.065876733511686 ], [ 303841.351822637545411, 6116293.112819856964052 ], [ 303841.260828432743438, 6116293.153964877128601 ], [ 303840.352549223054666, 6116293.672021555714309 ], [ 303839.744230701646302, 6116294.012441650032997 ], [ 303839.691557499347255, 6116294.049032471142709 ], [ 303839.63376249698922, 6116294.081997100263834 ], [ 303838.647264891013037, 6116294.774477721191943 ], [ 303838.152326339506544, 6116295.118299767374992 ], [ 303838.127866388880648, 6116295.139074042439461 ], [ 303838.100652985391207, 6116295.158176728524268 ], [ 303836.674947519844864, 6116296.373064085841179 ], [ 303684.171922760200687, 6116439.179589165374637 ], [ 303683.868891040270682, 6116439.469374665059149 ], [ 303398.20637057517888, 6116718.435997730121017 ], [ 303396.834361765475478, 6116719.918414929881692 ], [ 303396.819194321753457, 6116719.938545811921358 ], [ 303396.802517129573971, 6116719.956610050983727 ], [ 303396.409275677578989, 6116720.482607429847121 ], [ 303395.618875366984867, 6116721.53166064620018 ], [ 303395.5927496200311, 6116721.574787728488445 ], [ 303395.563318630098365, 6116721.614154442213476 ], [ 303395.16936980385799, 6116722.273682053200901 ], [ 303394.572309246577788, 6116723.259279899299145 ], [ 303394.539836796175223, 6116723.327611835673451 ], [ 303394.502044000138994, 6116723.39088247064501 ], [ 303394.164207108551636, 6116724.11805122345686 ], [ 303393.705338297353592, 6116725.083651105873287 ], [ 303393.671442532096989, 6116725.178690281696618 ], [ 303393.630057013826445, 6116725.267769527621567 ], [ 303393.36669342208188, 6116726.033165873959661 ], [ 303393.026805555622559, 6116726.986165822483599 ], [ 303392.996625368483365, 6116727.108670404180884 ], [ 303392.956694616354071, 6116727.224718532525003 ], [ 303392.774780534498859, 6116728.009162126109004 ], [ 303392.543632002663799, 6116728.947418545372784 ], [ 303392.522421295929234, 6116729.097376882098615 ], [ 303392.489166947314516, 6116729.240775130689144 ], [ 303346.70586578984512, 6116986.514362787827849 ], [ 303346.460591765469871, 6116988.418710509315133 ], [ 303346.399062112672254, 6116990.337802401743829 ], [ 303346.521843934897333, 6116992.253950677812099 ], [ 303346.827805582783185, 6116994.149494678713381 ], [ 303347.314127084682696, 6116996.006963652558625 ], [ 303347.976326137315482, 6116997.809237772598863 ], [ 303449.416563102451619, 6117237.649185210466385 ], [ 303718.338697811122984, 6118116.371278775855899 ], [ 303442.322732880886178, 6118381.488463457673788 ], [ 302668.362459885014687, 6118286.295475831255317 ], [ 302666.367955405672546, 6118286.150889593176544 ], [ 302664.368982184736524, 6118286.206201076507568 ], [ 302662.385524723562412, 6118286.460857312195003 ], [ 302660.437412406608928, 6118286.912312402389944 ], [ 302658.544121259241365, 6118287.556052979081869 ], [ 302656.724579238682054, 6118288.385643319226801 ], [ 302654.996977003873326, 6118289.392789692617953 ], [ 302653.378586056351196, 6118290.567423269152641 ], [ 302651.88558607082814, 6118291.897800787352026 ], [ 302650.53290314017795, 6118293.370621954090893 ], [ 302649.334060554218013, 6118294.971162410452962 ], [ 302648.301043601590209, 6118296.683420940302312 ], [ 302647.444179748767056, 6118298.49027943983674 ], [ 302646.772035392059479, 6118300.37367405090481 ], [ 302646.291330216103233, 6118302.314775756560266 ], [ 302509.758393054187763, 6119001.873354753479362 ], [ 302297.502466075588018, 6119159.217848845757544 ], [ 302297.350906388484873, 6119159.342659650370479 ], [ 302297.184723391779698, 6119159.458331873640418 ], [ 302297.049777791718952, 6119159.573757586069405 ], [ 302296.901920458709355, 6119159.680927965790033 ], [ 302296.389990860596299, 6119160.133982477709651 ], [ 302295.928239204804413, 6119160.514239237643778 ], [ 302295.807371868344489, 6119160.636449431069195 ], [ 302295.672790982527658, 6119160.751563184894621 ], [ 302295.565285685705021, 6119160.863841430284083 ], [ 302295.445668203698006, 6119160.969702158123255 ], [ 302294.940955074154772, 6119161.512492263689637 ], [ 302294.494211700744927, 6119161.964199031703174 ], [ 302294.401771006989293, 6119162.079013057984412 ], [ 302294.2968290328281, 6119162.188614175654948 ], [ 302294.214665254403371, 6119162.293575426563621 ], [ 302294.121461338421796, 6119162.393810907378793 ], [ 302293.634673914057203, 6119163.031769922934473 ], [ 302293.215293212910183, 6119163.552652931772172 ], [ 302293.148371397925075, 6119163.65572720207274 ], [ 302293.070454016851727, 6119163.755263834260404 ], [ 302293.010989744681865, 6119163.849138898774981 ], [ 302292.94181894621579, 6119163.93979065399617 ], [ 302292.483763806638308, 6119164.679368637502193 ], [ 302292.104780715249944, 6119165.263085707090795 ], [ 302292.0598984711105, 6119165.3506077863276 ], [ 302292.005802101397421, 6119165.436008649878204 ], [ 302291.965912477055099, 6119165.515493831597269 ], [ 302291.917893394420389, 6119165.593025668524206 ], [ 302291.498967115650885, 6119166.444445215165615 ], [ 302291.174220256973058, 6119167.07771391235292 ], [ 302291.147406519332435, 6119167.146471709944308 ], [ 302291.113409046782181, 6119167.214216025546193 ], [ 302291.08955410332419, 6119167.276530140079558 ], [ 302291.059364899643697, 6119167.337886229157448 ], [ 302290.688380278996192, 6119168.323541237041354 ], [ 302290.433286917745136, 6119168.977670773863792 ], [ 302290.420166502706707, 6119169.025110917165875 ], [ 302290.402105945337098, 6119169.072288880124688 ], [ 302290.39040472562192, 6119169.115221216343343 ], [ 302290.374350010766648, 6119169.157876380719244 ], [ 302290.05405968578998, 6119170.348861712962389 ], [ 302289.889684215304442, 6119170.943202353082597 ], [ 302289.885571979277302, 6119170.96747675538063 ], [ 302289.87893182906555, 6119170.991839785128832 ], [ 302289.875241699512117, 6119171.013788444921374 ], [ 302289.869324874947779, 6119171.035789893940091 ], [ 302289.54906401183689, 6119172.95387292932719 ], [ 302199.139632244361565, 6119943.43093656282872 ], [ 302199.009470259246882, 6119945.266890915110707 ], [ 302199.010537264926825, 6119945.317017599008977 ], [ 302199.007294748793356, 6119945.364390844479203 ], [ 302199.023908939212561, 6119945.945203270763159 ], [ 302199.048639935208485, 6119947.10703663341701 ], [ 302199.059997319185641, 6119947.206810303032398 ], [ 302199.062708112818655, 6119947.301576439291239 ], [ 302199.145129541575443, 6119947.954689764417708 ], [ 302199.256809537357185, 6119948.935789197683334 ], [ 302199.287581100943498, 6119949.083486159332097 ], [ 302199.305352038354613, 6119949.224304344505072 ], [ 302199.451760894968174, 6119949.8715142570436 ], [ 302199.6322160406271, 6119950.737660581246018 ], [ 302199.69128251762595, 6119950.930335232056677 ], [ 302199.732948245422449, 6119951.114521303214133 ], [ 302199.935430934012402, 6119951.726746552623808 ], [ 302200.171680061146617, 6119952.497390418313444 ], [ 302200.267541616456583, 6119952.730914103798568 ], [ 302200.341481863521039, 6119952.954479320906103 ], [ 302200.590285085898358, 6119953.51713381614536 ], [ 302200.87063278304413, 6119954.200075244531035 ], [ 302201.011280494218227, 6119954.469191256910563 ], [ 302201.125239129120018, 6119954.726902301423252 ], [ 302201.409896293480415, 6119955.231904660351574 ], [ 302201.723154652339872, 6119955.831294723786414 ], [ 302348.601808925217483, 6120207.888441449962556 ], [ 302349.669120287697297, 6120209.529720343649387 ], [ 302349.678160838142503, 6120209.54102639388293 ], [ 302349.685945661098231, 6120209.552978879772127 ], [ 302350.088613992731553, 6120210.054336280561984 ], [ 302350.891789546411019, 6120211.058782094158232 ], [ 302350.911996373964939, 6120211.079519584774971 ], [ 302350.92985798913287, 6120211.1017588628456 ], [ 302351.462325319647789, 6120211.644301036372781 ], [ 302352.258100626349915, 6120212.460974657908082 ], [ 302352.291309585620183, 6120212.488970559090376 ], [ 302352.321274598187301, 6120212.519502541050315 ], [ 302352.937191659177188, 6120213.033463699743152 ], [ 302353.754961022466887, 6120213.72286169975996 ], [ 302353.802681058761664, 6120213.755684211850166 ], [ 302353.846469033742324, 6120213.792223739437759 ], [ 302354.524375309702009, 6120214.25207566935569 ], [ 302355.368027257383801, 6120214.832351345568895 ], [ 302355.431408402335364, 6120214.86735381744802 ], [ 302355.490395110275131, 6120214.907366946339607 ], [ 302356.215485111752059, 6120215.300363076850772 ], [ 302357.081842325686011, 6120215.778812048956752 ], [ 302357.161649248970207, 6120215.813180580735207 ], [ 302357.236835343705025, 6120215.8539311690256 ], [ 302357.996831928612664, 6120216.172848653048277 ], [ 302358.879983808961697, 6120216.553174469619989 ], [ 302358.976575307024177, 6120216.583978517912328 ], [ 302359.068560938292649, 6120216.622578462585807 ], [ 302359.852409122919198, 6120216.863291166722775 ], [ 302360.745221241319086, 6120217.148018375970423 ], [ 302360.858535941457376, 6120217.172263634391129 ], [ 302360.967501750099473, 6120217.205726050771773 ], [ 302361.764889919955749, 6120217.366190690547228 ], [ 302362.659681218559854, 6120217.557643750682473 ], [ 302362.789229818270542, 6120217.572326596826315 ], [ 302362.914924550801516, 6120217.597621127963066 ], [ 302363.71610770735424, 6120217.677377561107278 ], [ 302364.605018667469267, 6120217.778125409968197 ], [ 302364.749882805626839, 6120217.780288130044937 ], [ 302364.891617832938209, 6120217.794397613033652 ], [ 302365.687367332691792, 6120217.794284116476774 ], [ 302366.562592635280453, 6120217.80735061597079 ], [ 302366.721430500037968, 6120217.79413662943989 ], [ 302366.878081332717557, 6120217.794114286080003 ], [ 302367.659691771899816, 6120217.716081108897924 ], [ 302368.513644914433826, 6120217.645039321854711 ], [ 302368.684703488310333, 6120217.613747621886432 ], [ 302368.854718402493745, 6120217.596773943863809 ], [ 302369.614040653337725, 6120217.44374421890825 ], [ 302370.439479790511541, 6120217.292746854946017 ], [ 302370.620613731269259, 6120217.240884891711175 ], [ 302370.802029333135579, 6120217.20432336628437 ], [ 302371.531514239148237, 6120216.980077399872243 ], [ 302372.321643191855401, 6120216.753849014639854 ], [ 302372.510340065986384, 6120216.6791832447052 ], [ 302372.700803720683325, 6120216.620634115301073 ], [ 302373.393548592575826, 6120216.329705042764544 ], [ 302374.142099523160141, 6120216.033509721048176 ], [ 302374.335511109267827, 6120215.934113112278283 ], [ 302374.532309978618287, 6120215.851464340463281 ], [ 302375.182102881779429, 6120215.499039116315544 ], [ 302375.883404489373788, 6120215.138631535694003 ], [ 302376.078383857326116, 6120215.012927276082337 ], [ 302376.278480126871727, 6120214.904401971958578 ], [ 302376.879839249129873, 6120214.49622462503612 ], [ 302377.528872253489681, 6120214.077789516188204 ], [ 302377.722016055951826, 6120213.924590335227549 ], [ 302377.922088034043554, 6120213.78878986928612 ], [ 302378.470294338709209, 6120213.331065623089671 ], [ 302379.062735326588154, 6120212.86114904936403 ], [ 302379.250430892570876, 6120212.679691473022103 ], [ 302379.446919354784768, 6120212.51563364919275 ], [ 302379.938041330082342, 6120212.014933501370251 ], [ 302380.470295657694805, 6120211.500368440523744 ], [ 302380.648772203305271, 6120211.290341504849494 ], [ 302380.837931485846639, 6120211.097493117675185 ], [ 302981.638559617626015, 6119534.402626825496554 ], [ 303484.504603184352163, 6119310.656691141426563 ], [ 304497.33900885109324, 6119546.373112456873059 ], [ 304510.92381586326519, 6119556.104888866655529 ], [ 305143.716584180016071, 6120471.295008356682956 ], [ 305144.939320028817747, 6120472.886373927816749 ], [ 305146.315382214612328, 6120474.347188835963607 ], [ 305147.830915417347569, 6120475.662744401954114 ], [ 305149.470660008431878, 6120476.819794535636902 ], [ 305151.218105697480496, 6120477.806689109653234 ], [ 305153.055657771357801, 6120478.613491260446608 ], [ 305154.964814251987264, 6120479.232077445834875 ], [ 305156.926352189562749, 6120479.656219231896102 ], [ 305158.920521215011831, 6120479.881646013818681 ], [ 305215.433019957330544, 6120483.411037771962583 ], [ 305217.326542508904822, 6120483.439463924616575 ], [ 305219.214265350892674, 6120483.28867211099714 ], [ 305221.079263935738709, 6120482.96001426782459 ], [ 305222.904817452188581, 6120482.456437006592751 ], [ 305224.674558737198822, 6120481.782455193810165 ], [ 305226.372621017333586, 6120480.944111473858356 ], [ 305227.983780163689516, 6120479.94892209302634 ], [ 305422.826877668150701, 6120346.454093311913311 ], [ 305521.918976556800772, 6120487.10787517298013 ], [ 305523.150064753019251, 6120488.68196999002248 ], [ 305524.53208997589536, 6120490.125354526564479 ], [ 305526.051254940335639, 6120491.423618925735354 ], [ 305527.692393242788967, 6120492.563802117481828 ], [ 305529.439120773400646, 6120493.534521218389273 ], [ 305531.273999284661841, 6120494.326085168868303 ], [ 305533.178710484178737, 6120494.93059148453176 ], [ 305535.134238913247827, 6120495.342005147598684 ], [ 305537.121061785321217, 6120495.556218857876956 ], [ 306249.582209380168933, 6120536.512965597212315 ], [ 306575.890561175241601, 6120682.801660086028278 ], [ 306577.765185853175353, 6120683.531218372285366 ], [ 306579.703614075202495, 6120684.068776746280491 ], [ 306581.686236347770318, 6120684.4088971670717 ], [ 306845.32773227756843, 6120716.087928916327655 ], [ 306847.286934972798917, 6120716.226212088018656 ], [ 306849.25025395641569, 6120716.171659315936267 ], [ 306851.198754992801696, 6120715.924796706065536 ], [ 306853.113646750338376, 6120715.48800500202924 ], [ 306854.976462025311776, 6120714.865496617741883 ], [ 306856.76923583901953, 6120714.063275021500885 ], [ 306858.474678692291491, 6120713.089076832868159 ], [ 306860.076343305292539, 6120711.952297213487327 ], [ 306861.55878323467914, 6120710.663899257779121 ], [ 306862.907701839343645, 6120709.236308267340064 ], [ 306864.110090156784281, 6120707.683291921392083 ], [ 306865.154352361918427, 6120706.019827499054372 ], [ 306866.030417596572079, 6120704.261957441456616 ], [ 306866.729837093444075, 6120702.426634634844959 ], [ 307200.140225925948471, 6119679.138463366776705 ], [ 307200.663942183891777, 6119677.20832406822592 ], [ 307200.992274350777734, 6119675.235530511476099 ], [ 307201.121939337695949, 6119673.239809232763946 ], [ 307201.051640586694703, 6119671.241116030141711 ], [ 307200.782081035489682, 6119669.25943641923368 ], [ 307200.315956088365056, 6119667.314585791900754 ], [ 307199.657926664454862, 6119665.426011274568737 ], [ 307198.814572591450997, 6119663.612597273662686 ], [ 307197.794326812261716, 6119661.892476643435657 ], [ 307196.607391061377712, 6119660.282849372364581 ], [ 307195.265633854840416, 6119658.799810590222478 ], [ 307193.782471813552547, 6119657.45818963367492 ], [ 307192.172735506494064, 6119656.271401762031019 ], [ 306863.933749442570843, 6119438.735861225984991 ], [ 306862.436648679024074, 6119437.835228439420462 ], [ 306860.866659322520718, 6119437.068688464350998 ], [ 306497.477183191629592, 6119278.908900456503034 ], [ 306497.178856789367273, 6119278.795931254513562 ], [ 306496.895097621774767, 6119278.666397999040782 ], [ 305919.264445090782829, 6119048.638023179955781 ], [ 305917.435100926901214, 6119048.010187524370849 ], [ 305915.553667192347348, 6119047.561985802836716 ], [ 305913.637738480116241, 6119047.297609460540116 ], [ 305911.705231969477609, 6119047.219530865550041 ], [ 305909.774219870392699, 6119047.328480184078217 ], [ 305907.862760417512618, 6119047.623438554815948 ], [ 305784.265651281166356, 6119072.867525267414749 ], [ 305613.039103849907406, 6118954.23094670008868 ], [ 305612.877341470913962, 6118954.130923811346292 ], [ 305612.723935675923713, 6118954.016991629265249 ], [ 305612.627234175335616, 6118953.959688537754118 ], [ 305612.529914032027591, 6118953.889577751979232 ], [ 305612.173661071807146, 6118953.682638918980956 ], [ 305611.820786269614473, 6118953.450489156879485 ], [ 304938.287708495627157, 6118555.587242399342358 ], [ 305002.125776095839683, 6118459.168591155670583 ], [ 305457.731932432565372, 6117888.530190967954695 ], [ 305965.957196186471265, 6117608.497715895064175 ], [ 305967.593398287543096, 6117607.490811679512262 ], [ 305967.612297996180132, 6117607.476510823704302 ], [ 305967.631977630429901, 6117607.464368402957916 ], [ 305968.128914773231372, 6117607.085602040402591 ], [ 305969.125439691531938, 6117606.331560822203755 ], [ 305969.160329191421624, 6117606.299456158652902 ], [ 305969.197097653814126, 6117606.271431172266603 ], [ 305969.732190218404867, 6117605.773240368813276 ], [ 305970.539183435263112, 6117605.030660348944366 ], [ 305970.586668356496375, 6117604.977689882740378 ], [ 305970.637403156317305, 6117604.930453923530877 ], [ 305971.142241689551156, 6117604.357935704290867 ], [ 305971.821584150951821, 6117603.600114362314343 ], [ 305971.877844764327165, 6117603.523716177791357 ], [ 305971.938949460512958, 6117603.454419661313295 ], [ 305972.38946675619809, 6117602.828967420384288 ], [ 305972.960808442905545, 6117602.053123274818063 ], [ 305973.021665438893251, 6117601.951287280768156 ], [ 305973.089135320566129, 6117601.857618981972337 ], [ 305973.474138835503254, 6117601.194133935496211 ], [ 305973.946344080846757, 6117600.403961996547878 ], [ 305974.007330182066653, 6117600.275273531675339 ], [ 305974.076824924850371, 6117600.155511708930135 ], [ 305974.390713993401732, 6117599.466284709051251 ], [ 305974.76909700158285, 6117598.667848220095038 ], [ 305974.825533433468081, 6117598.511522889137268 ], [ 305974.892455709748901, 6117598.36457721889019 ], [ 305975.132765866699629, 6117597.6605085702613 ], [ 305975.42147522495361, 6117596.8608019920066 ], [ 305975.468551992264111, 6117596.676711270585656 ], [ 305975.528130941966083, 6117596.5021548923105 ], [ 305975.694489739369601, 6117595.793195997364819 ], [ 305975.897458909021225, 6117594.999497894197702 ], [ 305975.930317820166238, 6117594.788185032084584 ], [ 305975.977696173009463, 6117594.586276235058904 ], [ 305976.071292394131888, 6117593.881589541211724 ], [ 305976.192655898339581, 6117593.101111170835793 ], [ 305976.206475186219905, 6117592.863797223195434 ], [ 305976.236798824800644, 6117592.635490306653082 ], [ 305976.260066378337797, 6117591.943493839353323 ], [ 305976.304342252900824, 6117591.183159248903394 ], [ 305976.294421662925743, 6117590.921738994307816 ], [ 305976.30293033021735, 6117590.668684126809239 ], [ 305976.259330663713627, 6117589.997046210803092 ], [ 305976.231487383018248, 6117589.263340095989406 ], [ 305976.193332551280037, 6117588.980367914773524 ], [ 305976.175450420647394, 6117588.704899822361767 ], [ 305976.069303039635997, 6117588.060513209551573 ], [ 305975.974763559468556, 6117587.359368905425072 ], [ 305975.904168527107686, 6117587.05803469195962 ], [ 305975.855593324697111, 6117586.763150259852409 ], [ 305975.691930831409991, 6117586.152100138366222 ], [ 305975.536539709952194, 6117585.488814637064934 ], [ 305975.429666427953634, 6117585.172910022549331 ], [ 305975.346455818624236, 6117584.86223497428 ], [ 305975.130891950742807, 6117584.289768470451236 ], [ 305974.920859559788369, 6117583.668937891721725 ], [ 305974.77431326941587, 6117583.342813152819872 ], [ 305974.652967244503088, 6117583.020558151416481 ], [ 305974.3915722258389, 6117582.491059605032206 ], [ 305974.13340431812685, 6117581.91653164383024 ], [ 305973.944303745229263, 6117581.585043829865754 ], [ 305973.781841785123106, 6117581.255950444377959 ], [ 305973.481022332678549, 6117580.772924965247512 ], [ 305973.181440254673362, 6117580.247766281478107 ], [ 305972.947481590614188, 6117579.916219157166779 ], [ 305972.741513459244743, 6117579.585496344603598 ], [ 305972.407896443910431, 6117579.15156312379986 ], [ 305972.073751649702899, 6117578.678040391765535 ], [ 305971.793265374959446, 6117578.3521169712767 ], [ 305971.542054465506226, 6117578.025368771515787 ], [ 305971.182374073541723, 6117577.642264829948545 ], [ 305970.820559736748692, 6117577.221838673576713 ], [ 305604.129320830223151, 6117190.376320775598288 ], [ 305545.079874993942212, 6116848.168634850531816 ], [ 305544.686203002696857, 6116846.380223629064858 ], [ 305544.642468347970862, 6116846.242871233262122 ], [ 305544.61519272235455, 6116846.122785249724984 ], [ 305544.447047006746288, 6116845.629133923910558 ], [ 305544.130603524856269, 6116844.63531630858779 ], [ 305544.016879958566278, 6116844.366226135753095 ], [ 305543.938757029478438, 6116844.136868597008288 ], [ 305543.720835989050101, 6116843.665733481757343 ], [ 305543.417734418064356, 6116842.948541287332773 ], [ 305543.206949847168289, 6116842.554735634475946 ], [ 305543.058011126646306, 6116842.232737073674798 ], [ 305542.8315481878235, 6116841.853378342464566 ], [ 305542.55357200675644, 6116841.3340396117419 ], [ 305542.215708846109919, 6116840.821756867691875 ], [ 305541.982646367803682, 6116840.43134293705225 ], [ 305382.73771197150927, 6116602.931805140338838 ], [ 305381.532731152779888, 6116601.316932013258338 ], [ 305380.171382002939936, 6116599.831495214253664 ], [ 305378.667481514741667, 6116598.4905711626634 ], [ 305377.036293503653724, 6116597.307769546285272 ], [ 305375.294373687822372, 6116596.295095193199813 ], [ 305373.459401656175032, 6116595.46282622590661 ], [ 305117.516955953207798, 6116494.593971171416342 ], [ 305115.786780908354558, 6116494.001953992061317 ], [ 305114.009764721558895, 6116493.570440959185362 ], [ 305112.200763203960378, 6116493.303039508871734 ], [ 305110.374899563088547, 6116493.20198511146009 ], [ 305108.547437973495107, 6116493.268122579902411 ], [ 304517.259978165035136, 6116541.807593367993832 ], [ 304430.368391747644637, 6116438.027541346848011 ], [ 304430.066706781333778, 6116437.704075859859586 ], [ 304429.580488853214774, 6116437.141264466568828 ], [ 304429.171196749666706, 6116436.7439133701846 ], [ 304428.909032130264677, 6116436.46282145101577 ], [ 304428.657681663404219, 6116436.245379974134266 ], [ 304428.322597112506628, 6116435.920071441680193 ], [ 304427.636091865191702, 6116435.361610004678369 ], [ 304427.290866279858164, 6116435.062957840040326 ], [ 304427.142728188831825, 6116434.960266259498894 ], [ 304426.962593136471696, 6116434.813729170709848 ], [ 304204.597422533784993, 6116269.575694409199059 ], [ 304202.903391974221449, 6116268.446004251949489 ], [ 304201.103278323600534, 6116267.494410729967058 ], [ 304199.21573948697187, 6116266.730776964686811 ], [ 304197.260339518310502, 6116266.163017905317247 ], [ 304195.257345842022914, 6116265.797018287703395 ], [ 304193.227519184118137, 6116265.636571642942727 ], [ 304191.191898390185088, 6116265.683340976014733 ], [ 303848.868755411938764, 6116291.026273068040609 ], [ 303848.646977087890264, 6116291.053549340926111 ], [ 303848.413529865152668, 6116291.065207348205149 ], [ 303847.623784149822313, 6116291.179390717297792 ], [ 303846.944931650185026, 6116291.262882040813565 ] ] ], [ [ [ 307894.963491275440902, 6119728.349274435080588 ], [ 307893.222255976055749, 6119729.180583636276424 ], [ 307891.569231144909281, 6119730.175814395770431 ], [ 307890.019802208757028, 6119731.32570366282016 ], [ 307888.588390381948557, 6119732.619548915885389 ], [ 307887.288318441889714, 6119734.045307768508792 ], [ 307886.131686728040222, 6119735.589710059575737 ], [ 307885.129260518820956, 6119737.238381357863545 ], [ 307884.290369834459852, 6119738.975976758636534 ], [ 307883.622822598263156, 6119740.786323698237538 ], [ 307883.132831964991055, 6119742.652572485618293 ], [ 307882.824958492361475, 6119744.557353124022484 ], [ 307798.907980456540827, 6120490.748797008767724 ], [ 307798.906021876260638, 6120490.78003303706646 ], [ 307798.901024345948827, 6120490.811542417854071 ], [ 307798.857876174559351, 6120491.525374424643815 ], [ 307798.79178444633726, 6120492.380983805283904 ], [ 307798.794710738991853, 6120492.555256622843444 ], [ 307798.784450199746061, 6120492.718894796445966 ], [ 307798.784930077788886, 6120492.732175477780402 ], [ 307798.784113029076252, 6120492.745692516677082 ], [ 307798.809622807428241, 6120493.443331916816533 ], [ 307798.823296715214383, 6120494.257669623009861 ], [ 307798.847297034226358, 6120494.473643687553704 ], [ 307798.854918637603987, 6120494.68207869399339 ], [ 307798.855559423391242, 6120494.686851069331169 ], [ 307798.855730088369455, 6120494.691574242897332 ], [ 307798.900333048834, 6120495.020311241969466 ], [ 307798.945079830533359, 6120495.353571490384638 ], [ 307799.03059851762373, 6120496.123137029819191 ], [ 307799.081085591053125, 6120496.366500506177545 ], [ 307799.112776553898584, 6120496.602525036782026 ], [ 307799.11806865822291, 6120496.625087023712695 ], [ 307799.121125759149436, 6120496.647618761286139 ], [ 307799.263807413750328, 6120497.247276809997857 ], [ 307799.411864072782919, 6120497.960956188850105 ], [ 307799.494149587408174, 6120498.228444145992398 ], [ 307799.555266391427722, 6120498.489005252718925 ], [ 307799.568621142359916, 6120498.528338529169559 ], [ 307799.578051896649413, 6120498.567973812110722 ], [ 307799.767084944411181, 6120499.11568318773061 ], [ 307799.963735439057928, 6120499.754940770566463 ], [ 308159.199502183473669, 6121498.192004331387579 ], [ 308160.103015804779716, 6121500.311244267039001 ], [ 308161.244245650770608, 6121502.31252116151154 ], [ 308323.532439851784147, 6121752.254812460392714 ], [ 308323.822257345891558, 6121752.688667342066765 ], [ 308567.500156526686624, 6122107.367912603542209 ], [ 308702.838881974632386, 6122474.004952823743224 ], [ 308703.611637429741677, 6122475.817964484915137 ], [ 308704.5590807053959, 6122477.546117694117129 ], [ 308705.672011743066832, 6122479.1726313829422 ], [ 308706.939623530895915, 6122480.681711443699896 ], [ 308708.349607044190634, 6122482.058704097755253 ], [ 308709.888270770956296, 6122483.290238185785711 ], [ 308711.540673662209883, 6122484.36435501370579 ], [ 308713.290770215564407, 6122485.270624470897019 ], [ 308715.121566283458378, 6122486.000246314331889 ], [ 308717.015284093329683, 6122486.546135617420077 ], [ 308718.953534877044149, 6122486.902991576120257 ], [ 308720.917497433081735, 6122487.067348972894251 ], [ 308722.888100888289046, 6122487.037611830048263 ], [ 308724.84620988368988, 6122486.814068909734488 ], [ 308726.77281038655201, 6122486.398890902288258 ], [ 308820.569055180938449, 6122461.292087282054126 ], [ 308820.873628863773774, 6122461.207977003417909 ], [ 308920.745774049428292, 6122432.776570216752589 ], [ 308920.782326769491192, 6122432.766126895323396 ], [ 309060.057164328929503, 6122392.831300549209118 ], [ 309060.281989013485145, 6122392.765408183448017 ], [ 309213.151756163570099, 6122346.987864970229566 ], [ 309215.010376667953096, 6122346.329842076636851 ], [ 309216.79517432814464, 6122345.492010577581823 ], [ 309218.488803301006556, 6122344.482513073831797 ], [ 309220.07480378105538, 6122343.311160528101027 ], [ 309221.537761967687402, 6122341.98933691997081 ], [ 309222.863459866552148, 6122340.529888602904975 ], [ 309224.039013469533529, 6122338.946999461390078 ], [ 309225.052997969731223, 6122337.25605305749923 ], [ 309319.787366092263255, 6122160.012130974791944 ], [ 309320.144254099752288, 6122159.311628910712898 ], [ 309524.69397201173706, 6121737.524300209246576 ], [ 310368.762692201125901, 6121160.907900037243962 ], [ 310370.349592633370776, 6121159.703676169738173 ], [ 310371.808824173058383, 6121158.347559870220721 ], [ 310373.125909754307941, 6121156.85300519503653 ], [ 310374.287782544444781, 6121155.234839651733637 ], [ 310375.282915580028202, 6121153.509117093868554 ], [ 310459.466263551847078, 6120989.107590364292264 ], [ 310460.172238094033673, 6120987.572258934378624 ], [ 310460.746083321049809, 6120985.982811133377254 ], [ 310515.303856978483964, 6120812.208177159540355 ], [ 310515.783951864868868, 6120810.381180737167597 ], [ 310516.089535927458201, 6120808.51703873462975 ], [ 310516.217883045610506, 6120806.63238119520247 ], [ 310516.167848232318647, 6120804.744021180085838 ], [ 310515.939877849130426, 6120802.868804784491658 ], [ 310515.536005623871461, 6120801.0234608463943 ], [ 310514.959834507608321, 6120799.224451710470021 ], [ 310514.216504533134867, 6120797.487826369702816 ], [ 310513.31264696008293, 6120795.829077288508415 ], [ 310512.256325117894448, 6120794.263002197258174 ], [ 310511.056962472153828, 6120792.80357207916677 ], [ 310141.918863766593859, 6120384.560746374540031 ], [ 310140.655874621064868, 6120383.284166814759374 ], [ 310139.283469859394245, 6120382.126020829193294 ], [ 309475.318842103471979, 6119871.039624555967748 ], [ 309473.751833309419453, 6119869.948452495038509 ], [ 309472.087905863125343, 6119869.011692930944264 ], [ 309470.342227182991337, 6119868.237884831614792 ], [ 309468.530709885351826, 6119867.634081794880331 ], [ 309466.669866733951494, 6119867.205787744373083 ], [ 309464.776660119066946, 6119866.956906766630709 ], [ 309462.868347437994089, 6119866.889707518741488 ], [ 309460.96232378622517, 6119867.004802552051842 ], [ 309459.075963393843267, 6119867.301142724230886 ], [ 309457.226461251848377, 6119867.776026767678559 ], [ 309455.430676372314338, 6119868.425125908106565 ], [ 309453.704978111141827, 6119869.242523325607181 ], [ 309452.065096954524051, 6119870.220768090337515 ], [ 309450.525981128506828, 6119871.350943078286946 ], [ 309449.101660339685623, 6119872.62274625338614 ], [ 309447.805117887968663, 6119874.024584582075477 ], [ 309069.502578831685241, 6120324.402385520748794 ], [ 308559.416074883076362, 6120344.579251646995544 ], [ 307916.492322516976856, 6119732.309280889108777 ], [ 307915.032495229213964, 6119731.047583759762347 ], [ 307913.457880951638799, 6119729.932431199587882 ], [ 307911.783135309466161, 6119728.974202422425151 ], [ 307910.023845894727856, 6119728.181816082447767 ], [ 307908.196387185133062, 6119727.562647268176079 ], [ 307906.317768140055705, 6119727.122458854690194 ], [ 307904.405473890597932, 6119726.865347867831588 ], [ 307902.477302997547667, 6119726.793707353062928 ], [ 307900.551201792841312, 6119726.908204100094736 ], [ 307898.645097344648093, 6119727.207772437483072 ], [ 307896.776730602723546, 6119727.689624150283635 ], [ 307894.963491275440902, 6119728.349274435080588 ] ] ], [ [ [ 296616.689044074562844, 6127939.928477616049349 ], [ 296614.732588457176462, 6127939.689855113625526 ], [ 296612.762145910877734, 6127939.644961313344538 ], [ 296610.796852680447046, 6127939.794232207350433 ], [ 296557.277931794815231, 6127946.524691250175238 ], [ 296554.686480292119086, 6127947.026136929169297 ], [ 295057.714760704548098, 6128340.726028029806912 ], [ 295055.826451791217551, 6128341.324068119749427 ], [ 295054.00655920128338, 6128342.105959071777761 ], [ 295052.272933180676773, 6128343.064031784422696 ], [ 295050.642577837686986, 6128344.188889089040458 ], [ 295049.131484359910246, 6128345.46949792932719 ], [ 295047.754474165965803, 6128346.893297573551536 ], [ 295046.525053531280719, 6128348.446322816424072 ], [ 295045.45528111292515, 6128350.113340954296291 ], [ 295044.555649673333392, 6128351.878001198172569 ], [ 295043.834983163163997, 6128353.722995040938258 ], [ 295043.30035017238697, 6128355.630226035602391 ], [ 295042.95699459844036, 6128357.580987284891307 ], [ 295042.808284212369472, 6128359.556144929490983 ], [ 295042.855677626037505, 6128361.536325821653008 ], [ 295043.098709985613823, 6128363.502107542008162 ], [ 295043.534997530921828, 6128365.43420890532434 ], [ 295044.160260976525024, 6128367.313679076731205 ], [ 295044.968367484631017, 6128369.122083448804915 ], [ 295184.699486945639364, 6128644.351790301501751 ], [ 295185.724014066916425, 6128646.136032191105187 ], [ 295186.926427998289, 6128647.805575745180249 ], [ 295188.29400366829941, 6128649.342752289026976 ], [ 295189.812268109351862, 6128650.731293980032206 ], [ 295191.465153623954393, 6128651.956505969166756 ], [ 295721.742358817660715, 6129004.265455574728549 ], [ 295723.475217999599408, 6129005.294812673702836 ], [ 295725.302881205105223, 6129006.144532739184797 ], [ 295727.206786791910417, 6129006.80598606262356 ], [ 295729.167598804400768, 6129007.272454961203039 ], [ 296883.536522564245388, 6129221.084954132325947 ], [ 296885.489122096216306, 6129221.34791960939765 ], [ 296887.458120782510377, 6129221.417489341460168 ], [ 296889.424410496081691, 6129221.292988191358745 ], [ 296891.368909399257973, 6129220.975624377839267 ], [ 296893.272747122915462, 6129220.468477756716311 ], [ 296895.117447894066572, 6129219.776469924487174 ], [ 296896.885109833441675, 6129218.906316465698183 ], [ 296898.558578684518579, 6129217.866461774334311 ], [ 296900.121614286443219, 6129216.666997109539807 ], [ 296901.55904817674309, 6129215.3195626642555 ], [ 296902.856930793495849, 6129213.837234600447118 ], [ 296904.002666848420631, 6129212.234398156404495 ], [ 296904.985137558192946, 6129210.526608041487634 ], [ 296905.794808546197601, 6129208.73043748550117 ], [ 296906.423822368786205, 6129206.863317407667637 ], [ 296906.866074768011458, 6129204.943367254920304 ], [ 296907.117273910087533, 6129202.989219162613153 ], [ 296907.174982035707217, 6129201.019837141036987 ], [ 296907.038639116915874, 6129199.054333036765456 ], [ 296906.709568292018957, 6129197.111781064420938 ], [ 296632.82296035066247, 6127955.330275291576982 ], [ 296632.304129258380271, 6127953.428835421800613 ], [ 296631.600662614393514, 6127951.587696110829711 ], [ 296630.719392239407171, 6127949.824737856164575 ], [ 296629.668876721174456, 6127948.157081888057292 ], [ 296628.459318296983838, 6127946.600923894904554 ], [ 296627.102463772578631, 6127945.171376734972 ], [ 296625.611490441893693, 6127943.882323668338358 ], [ 296624.00087811332196, 6127942.746283524669707 ], [ 296622.286268487223424, 6127941.774289125576615 ], [ 296620.484313249064144, 6127940.975780139677227 ], [ 296618.612512354273349, 6127940.358511404134333 ], [ 296616.689044074562844, 6127939.928477616049349 ] ] ], [ [ [ 291063.935071799904108, 6165473.755702070891857 ], [ 290841.721316925773863, 6165587.284436537884176 ], [ 290839.927309432649054, 6165588.321542963385582 ], [ 290838.25024219736224, 6165589.538711033761501 ], [ 290836.708118757233024, 6165590.922874289564788 ], [ 290835.317494010378141, 6165592.459173556417227 ], [ 290834.093296496372204, 6165594.131116459146142 ], [ 290833.048668136529159, 6165595.920754470862448 ], [ 290832.194823153782636, 6165597.808875592425466 ], [ 290831.540927686321083, 6165599.775210594758391 ], [ 290797.562977724242955, 6165722.923553243279457 ], [ 290797.093410613480955, 6165725.085485227406025 ], [ 290796.865496587648522, 6165727.286052966490388 ], [ 290796.88202442752663, 6165729.498330075293779 ], [ 290825.590138003521133, 6166185.977887954562902 ], [ 290825.81994561367901, 6166187.993221775628626 ], [ 290826.252702904981561, 6166189.974913747981191 ], [ 290826.883958555466961, 6166191.902580277994275 ], [ 290827.707219497999176, 6166193.756393474526703 ], [ 290828.714017707447056, 6166195.517285099253058 ], [ 291213.79557843162911, 6166796.134609557688236 ], [ 291214.963379471155349, 6166797.769129728898406 ], [ 291216.289256655960344, 6166799.278257010504603 ], [ 291217.759833823016379, 6166800.646766511723399 ], [ 291219.360274997714441, 6166801.860851971432567 ], [ 291221.074434067413677, 6166802.908265043981373 ], [ 291222.885017672146205, 6166803.7784388596192 ], [ 291224.7737596691004, 6166804.462594636715949 ], [ 291226.721605411788914, 6166804.953830244019628 ], [ 291228.708903983060736, 6166805.247189831919968 ], [ 291230.715606444515288, 6166805.339713830500841 ], [ 292146.069232060748618, 6166801.525282619521022 ], [ 292147.970408840279561, 6166801.426754790358245 ], [ 292149.853604976728093, 6166801.147912196815014 ], [ 292151.701757861534134, 6166800.691281279549003 ], [ 292153.498122393793892, 6166800.060999320819974 ], [ 292155.22642269852804, 6166799.262776960618794 ], [ 292156.870999593287706, 6166798.30384645331651 ], [ 292166.013640908175148, 6166792.372487328015268 ], [ 292167.810509626171552, 6166791.059135526418686 ], [ 292169.45032376202289, 6166789.554263523779809 ], [ 292170.912775734206662, 6166787.876507768407464 ], [ 292311.950793655356392, 6166606.627183569595218 ], [ 292312.930931352893822, 6166605.251444012857974 ], [ 292342.3409787802957, 6166560.04596506152302 ], [ 292343.447256109910086, 6166558.119244510307908 ], [ 292344.333004955260549, 6166556.081709087826312 ], [ 292344.987294950638898, 6166553.958502499386668 ], [ 292461.943667412910145, 6166082.884275112301111 ], [ 292462.306818185257725, 6166081.064211749471724 ], [ 292462.499690943805035, 6166079.218321928754449 ], [ 292500.827111481339671, 6165415.641964882612228 ], [ 292500.842532291426323, 6165413.643751593306661 ], [ 292500.65847665379988, 6165411.653973295353353 ], [ 292500.276781947293784, 6165409.692493420094252 ], [ 292499.70125852903584, 6165407.778892900794744 ], [ 292498.93765169713879, 6165405.932274705730379 ], [ 292497.993584336480126, 6165404.171073135919869 ], [ 292496.8784808217315, 6165402.512869800440967 ], [ 292495.60347293614177, 6165400.974218104034662 ], [ 292494.181288746127393, 6165399.570477998815477 ], [ 292492.626125540002249, 6165398.315662653185427 ], [ 292490.953508100414183, 6165397.2222985541448 ], [ 292344.749390731158201, 6165311.758356308564544 ], [ 292344.011516480590217, 6165311.347680567763746 ], [ 292265.390591136063449, 6165269.739127723500133 ], [ 292263.719829850888345, 6165268.951417855918407 ], [ 292261.983521264628507, 6165268.321209476329386 ], [ 292260.196475786040537, 6165267.85387815348804 ], [ 292258.373936600924935, 6165267.553410141728818 ], [ 292256.531449649948627, 6165267.422368379309773 ], [ 292254.684731024957728, 6165267.461870631203055 ], [ 292252.84953291300917, 6165267.671579948626459 ], [ 291128.612759308249224, 6165449.068134545348585 ], [ 291126.566274066921324, 6165449.509322484023869 ], [ 291124.577118450717535, 6165450.162015807814896 ], [ 291065.812840025813784, 6165472.915174767374992 ], [ 291063.935071799904108, 6165473.755702070891857 ] ] ], [ [ [ 293083.295133844017982, 6167098.621907328255475 ], [ 293083.246144541306421, 6167098.628315854817629 ], [ 293082.406684766872786, 6167098.827876530587673 ], [ 293081.355983462708537, 6167099.071460677310824 ], [ 293081.296805638936348, 6167099.091722681187093 ], [ 293081.236728507559747, 6167099.106004524044693 ], [ 293080.414456507947762, 6167099.393831815570593 ], [ 293079.425395338796079, 6167099.732478279620409 ], [ 293079.357225565123372, 6167099.763903906568885 ], [ 293079.287292992405128, 6167099.78838303592056 ], [ 293078.497319388494361, 6167100.160312592051923 ], [ 293077.572212545550428, 6167100.586778173223138 ], [ 293077.496826849295758, 6167100.631357123143971 ], [ 293077.418628429644741, 6167100.668173926882446 ], [ 293076.672827261092607, 6167101.118625103496015 ], [ 293075.815727247565519, 6167101.625466853380203 ], [ 293075.73520739027299, 6167101.6849315026775 ], [ 293075.650663843029179, 6167101.735994362272322 ], [ 293074.958766607916914, 6167102.258340105414391 ], [ 293074.174224960734136, 6167102.837731270119548 ], [ 292855.017608713591471, 6167282.665749302133918 ], [ 292174.550541847711429, 6167378.276972734369338 ], [ 292173.793815912096761, 6167378.420645429752767 ], [ 292172.901138948218431, 6167378.579722709953785 ], [ 292172.782232434547041, 6167378.612705617211759 ], [ 292172.663653660274576, 6167378.635219094343483 ], [ 292171.931396386760753, 6167378.848714944906533 ], [ 292171.085761184163857, 6167379.083281635306776 ], [ 292170.95310482342029, 6167379.133944190107286 ], [ 292170.81982828915352, 6167379.172802099958062 ], [ 292170.120862307201605, 6167379.451784449629486 ], [ 292169.325817959208507, 6167379.755418423563242 ], [ 292169.181829279928934, 6167379.826586153358221 ], [ 292169.036068973364308, 6167379.884764310903847 ], [ 292168.37770744797308, 6167380.224030770361423 ], [ 292167.636925108847208, 6167380.590169259347022 ], [ 292167.484424956142902, 6167380.684356558136642 ], [ 292167.328825039614458, 6167380.764540212228894 ], [ 292166.7171484962455, 6167381.158242623321712 ], [ 292166.034068044275045, 6167381.580127464607358 ], [ 292165.876242250727955, 6167381.699487534351647 ], [ 292165.71384021115955, 6167381.804016758687794 ], [ 292165.153840771177784, 6167382.245823397301137 ], [ 292164.531468788161874, 6167382.716509219259024 ], [ 292164.371824114816263, 6167382.862788568250835 ], [ 292164.206007423810661, 6167382.993608189746737 ], [ 292163.701670946029481, 6167383.476837049238384 ], [ 292163.142459783470258, 6167383.989231499843299 ], [ 292162.984774627140723, 6167384.16372964065522 ], [ 292162.819231487461366, 6167384.322344426997006 ], [ 292162.37359062419273, 6167384.840080382302403 ], [ 292161.879365596105345, 6167385.387001542374492 ], [ 292161.72763603850035, 6167385.590536504983902 ], [ 292161.566300859733019, 6167385.777972240000963 ], [ 292161.181475381425116, 6167386.323174169287086 ], [ 292160.75339355977485, 6167386.897417045198381 ], [ 292160.611775501281954, 6167387.130297116003931 ], [ 292160.458769714401569, 6167387.347068237140775 ], [ 291864.581323827849701, 6167852.428463846445084 ], [ 291863.699655682779849, 6167853.959748461842537 ], [ 291862.956582821439952, 6167855.56287478748709 ], [ 291862.357905245677102, 6167857.225329734385014 ], [ 291802.601414409989957, 6168049.400583921931684 ], [ 291802.447638230922166, 6168049.992443789727986 ], [ 291802.292542586452328, 6168050.504554382525384 ], [ 291802.223868988861796, 6168050.853695739991963 ], [ 291802.126091830199584, 6168051.230024353601038 ], [ 291802.018846033664886, 6168051.896046737208962 ], [ 291801.907248850213364, 6168052.46341459825635 ], [ 291801.878402846050449, 6168052.768232963979244 ], [ 291801.825597551302053, 6168053.096166640520096 ], [ 291801.777365136600565, 6168053.835907688364387 ], [ 291801.719163684290834, 6168054.450927762314677 ], [ 291801.720573861792218, 6168054.706916063092649 ], [ 291801.702615576272365, 6168054.982342476025224 ], [ 291801.726573622087017, 6168055.7960473485291 ], [ 291801.730161162093282, 6168056.447290370240808 ], [ 291801.751761690713465, 6168056.651528397575021 ], [ 291801.758244375057984, 6168056.871704612858593 ], [ 291801.869294484902639, 6168057.762828333303332 ], [ 291801.940131705021486, 6168058.432610742747784 ], [ 291801.971600669145118, 6168058.583786255680025 ], [ 291801.991987073502969, 6168058.747377345338464 ], [ 291802.210216757957824, 6168059.73008740041405 ], [ 291802.34698317485163, 6168060.387107222341001 ], [ 291802.377973536611535, 6168060.485512922517955 ], [ 291802.401755891274661, 6168060.59260723926127 ], [ 291802.768037904810626, 6168061.724109534174204 ], [ 291802.946661719062831, 6168062.291305282153189 ], [ 291802.96702476288192, 6168062.33881098870188 ], [ 291802.983890789852012, 6168062.390912777744234 ], [ 291803.733192163752392, 6168064.12623156607151 ], [ 292017.00379185914062, 6168500.179715187288821 ], [ 292017.841915492957924, 6168501.718619168736041 ], [ 292017.889914325554855, 6168501.790875705890357 ], [ 292017.927781239966862, 6168501.859725870192051 ], [ 292018.22598954528803, 6168502.296797001734376 ], [ 292018.811526409350336, 6168503.178253150545061 ], [ 292018.920346619910561, 6168503.314486404880881 ], [ 292019.008397111843806, 6168503.443538236431777 ], [ 292019.372574937471654, 6168503.880636156536639 ], [ 292019.905181204201654, 6168504.547411972656846 ], [ 292020.086800896853674, 6168504.737873085774481 ], [ 292020.235708095598966, 6168504.916596286930144 ], [ 292253.615275323216338, 6168759.181636015884578 ], [ 292253.655888284149114, 6168759.225750559009612 ], [ 292390.604659689124674, 6168907.535228301770985 ], [ 292392.048664703208487, 6168908.948570915497839 ], [ 292393.627905766305048, 6168910.209001590497792 ], [ 292395.326264007831924, 6168911.303655466064811 ], [ 292574.026026601786725, 6169014.092857297509909 ], [ 292574.566055533301551, 6169014.369281102903187 ], [ 292575.136793523211963, 6169014.686045202426612 ], [ 292575.462357853131834, 6169014.828070037066936 ], [ 292575.766200808575377, 6169014.983597678132355 ], [ 292575.844268230430316, 6169015.014355354011059 ], [ 292575.91296535852598, 6169015.04917155764997 ], [ 292576.350054949522018, 6169015.215320793911815 ], [ 292576.883608045929577, 6169015.448079063557088 ], [ 292577.245326323609333, 6169015.566356306895614 ], [ 292577.585023421270307, 6169015.700193099677563 ], [ 292577.74700979195768, 6169015.746340028941631 ], [ 292577.890358461416326, 6169015.800830624066293 ], [ 292578.26011828618357, 6169015.898180279880762 ], [ 292578.695023478299845, 6169016.040388707071543 ], [ 292579.091177736641839, 6169016.129268682561815 ], [ 292579.465117296378594, 6169016.235797165893018 ], [ 292579.714801813941449, 6169016.281166564673185 ], [ 292579.936083455162589, 6169016.339425169862807 ], [ 292580.223859089659527, 6169016.383393658325076 ], [ 292580.554591911844909, 6169016.457595877349377 ], [ 292580.982720999571029, 6169016.511556223966181 ], [ 292581.388519900792744, 6169016.585292682982981 ], [ 292581.727606215456035, 6169016.613147255964577 ], [ 292582.027253408683464, 6169016.658929568715394 ], [ 292582.22327207721537, 6169016.667912258766592 ], [ 292582.445428202219773, 6169016.695912275463343 ], [ 292582.90233968681423, 6169016.70964687410742 ], [ 292583.336854927416425, 6169016.745340548455715 ], [ 292641.802600843773689, 6169018.679509220644832 ], [ 292622.357853246387094, 6169179.007580115459859 ], [ 292622.247510346060153, 6169180.230414194986224 ], [ 292621.642909196438268, 6169190.415510853752494 ], [ 292621.627497269946616, 6169192.488867699168622 ], [ 292621.826825568336062, 6169194.552678341045976 ], [ 292645.147304312791675, 6169350.818533316254616 ], [ 292645.53454534598859, 6169352.753682559356093 ], [ 292645.539378106535878, 6169352.769517536275089 ], [ 292645.542585880146362, 6169352.785479622893035 ], [ 292645.732945201511029, 6169353.403757642023265 ], [ 292646.110620788123924, 6169354.641245882958174 ], [ 292646.123361796315294, 6169354.671812167391181 ], [ 292646.132941695279442, 6169354.702927223406732 ], [ 292646.429465046676341, 6169355.406168418936431 ], [ 292646.869921452715062, 6169356.462844277732074 ], [ 292646.89346114959335, 6169356.506591614335775 ], [ 292646.912431117845699, 6169356.551581201143563 ], [ 292647.297301581653301, 6169357.257108636200428 ], [ 292647.805054108495824, 6169358.200741032138467 ], [ 292777.876708349154796, 6169573.721450760960579 ], [ 293018.069753138930537, 6170179.420394670218229 ], [ 293019.023209913808387, 6170181.47640685737133 ], [ 293020.203151354216971, 6170183.411349783651531 ], [ 293021.594426227617078, 6170185.200377497822046 ], [ 293028.234096520231105, 6170192.806429852731526 ], [ 293029.55778619897319, 6170194.18402480892837 ], [ 293031.006879662687425, 6170195.429034993983805 ], [ 293032.568154215347022, 6170196.530099933035672 ], [ 293464.041843628976494, 6170470.935293413698673 ], [ 293465.772168946219608, 6170471.918391999788582 ], [ 293467.591630261100363, 6170472.724660601466894 ], [ 293469.482212593371514, 6170473.346116133034229 ], [ 293471.425196774478536, 6170473.776605396531522 ], [ 293473.401344790763687, 6170474.01186600048095 ], [ 293475.391090264485683, 6170474.049568564631045 ], [ 293477.374732185970061, 6170473.889339786954224 ], [ 293479.332629978191108, 6170473.532766135409474 ], [ 293489.158413114259019, 6170471.232959549874067 ], [ 293490.920465082861483, 6170470.734437049366534 ], [ 293492.6295338163618, 6170470.076838472858071 ], [ 293494.271291542740073, 6170469.265676718205214 ], [ 294484.218398387427442, 6169922.400960229337215 ], [ 294485.769135227194056, 6169921.44978188443929 ], [ 294487.227026683685835, 6169920.361628635786474 ], [ 294488.580010436591692, 6169919.145503660663962 ], [ 294792.094278113916516, 6169620.284478074871004 ], [ 294793.41875569941476, 6169618.84617667645216 ], [ 294794.596461095439736, 6169617.285419876687229 ], [ 294795.616138524550479, 6169615.617124421522021 ], [ 294796.468042542634066, 6169613.857234842143953 ], [ 294797.144031179719605, 6169612.022571071982384 ], [ 294797.637643755879253, 6169610.13066768925637 ], [ 294797.944162628380582, 6169608.199606331065297 ], [ 294798.060658280097414, 6169606.247842884622514 ], [ 294797.98601731780218, 6169604.294031094759703 ], [ 294797.720953113632277, 6169602.356844279915094 ], [ 294797.26799898664467, 6169600.454796871170402 ], [ 294796.631483991339337, 6169598.606067456305027 ], [ 294795.817491542955395, 6169596.82832504529506 ], [ 294735.316072859801352, 6169480.128583292476833 ], [ 294734.87864281173097, 6169479.329878713935614 ], [ 294550.883163068734575, 6169160.806095945648849 ], [ 294646.648127438907977, 6168785.593600475229323 ], [ 294646.890414381457958, 6168784.522365365177393 ], [ 294650.88120636169333, 6168764.313857583329082 ], [ 294651.171115327160805, 6168762.324081572704017 ], [ 294651.171502751240041, 6168762.315302065573633 ], [ 294651.172755019855686, 6168762.306680778972805 ], [ 294651.201177052047569, 6168761.642845808528364 ], [ 294651.259761425259057, 6168760.315251652151346 ], [ 294651.258769203035627, 6168760.297703292220831 ], [ 294651.259514461562503, 6168760.28029677271843 ], [ 294651.213173809810542, 6168759.491306931711733 ], [ 294651.146248608885799, 6168758.307673354633152 ], [ 294651.142124624515418, 6168758.281632849946618 ], [ 294651.140592418028973, 6168758.255545703694224 ], [ 294651.006771793065127, 6168757.426960336975753 ], [ 294650.831724281364586, 6168756.321639561094344 ], [ 294650.822766888071783, 6168756.287645887583494 ], [ 294650.817211931047495, 6168756.253250919282436 ], [ 294650.594126287498511, 6168755.419945458881557 ], [ 294650.319367698568385, 6168754.377225378528237 ], [ 294631.458263127773535, 6168695.075523101724684 ], [ 294630.950515231699683, 6168693.664570449851453 ], [ 294630.338480436068494, 6168692.295626067556441 ], [ 294551.0093440907076, 6168531.340967453084886 ], [ 294550.162803345592692, 6168529.798457410186529 ], [ 294549.183964905736502, 6168528.336320695467293 ], [ 294548.080404903448652, 6168526.965874130837619 ], [ 294546.860664806154091, 6168525.697724865749478 ], [ 294361.187336688686628, 6168348.923240656964481 ], [ 294129.270854158035945, 6167922.513401167467237 ], [ 294128.953846809861716, 6167921.993593838065863 ], [ 294128.69011457596207, 6167921.515395818278193 ], [ 294128.463713200238999, 6167921.189905709587038 ], [ 294128.240329168562312, 6167920.823615598492324 ], [ 294127.840909328893758, 6167920.294520251452923 ], [ 294127.505857066600583, 6167919.812826193869114 ], [ 294127.276007227192167, 6167919.546217227354646 ], [ 294127.047831348900218, 6167919.243961847387254 ], [ 294126.560115908330772, 6167918.715835771523416 ], [ 294126.560115907283034, 6167918.715835770592093 ], [ 294126.151653204113245, 6167918.242048974148929 ], [ 294125.928098317119293, 6167918.031451102346182 ], [ 294125.705039298161864, 6167917.789910083636642 ], [ 294125.123614899464883, 6167917.273594730533659 ], [ 294124.642064773768652, 6167916.819954763166606 ], [ 294124.433844811515883, 6167916.661066451109946 ], [ 294124.225103506061714, 6167916.475700407288969 ], [ 294123.544430575857405, 6167915.982372992672026 ], [ 294122.993324414477684, 6167915.561835371889174 ], [ 294122.808591270411853, 6167915.449062961153686 ], [ 294122.622517564683221, 6167915.314203388988972 ], [ 294121.835493943246547, 6167914.855024828575552 ], [ 294121.223161069268826, 6167914.481219386681914 ], [ 293741.453819838701747, 6167708.880068121477962 ], [ 293242.390249032585416, 6167138.250755463726819 ], [ 293240.950187516864389, 6167136.766590139828622 ], [ 293239.364568399265409, 6167135.439060144126415 ], [ 293237.650344024994411, 6167134.282358509488404 ], [ 293235.825841697689611, 6167133.308851892128587 ], [ 293233.910567736835219, 6167132.52894835267216 ], [ 293231.924998929433059, 6167131.950986080802977 ], [ 293091.450244014675263, 6167098.83263074234128 ], [ 293089.442777534248307, 6167098.466306972317398 ], [ 293089.430308241804596, 6167098.465327126905322 ], [ 293089.418151848367415, 6167098.463116616941988 ], [ 293088.748180503433105, 6167098.411725044250488 ], [ 293087.408432561438531, 6167098.306446700356901 ], [ 293087.383422988699749, 6167098.307038426399231 ], [ 293087.358786563039757, 6167098.30514863692224 ], [ 293086.562663974356838, 6167098.326457562856376 ], [ 293085.368387211230583, 6167098.354714118875563 ], [ 293085.33115685073426, 6167098.359419940970838 ], [ 293085.294110976799857, 6167098.360411506146193 ], [ 293084.458563858061098, 6167098.469713447615504 ], [ 293083.343878940970171, 6167098.610606749542058 ], [ 293083.295133844017982, 6167098.621907328255475 ] ] ] ] } }
]
}
