{
"type": "FeatureCollection",
"name": "walk_catchment_800m",
"crs": { "type": "name", "properties": { "name": "urn:ogc:def:crs:EPSG::7854" } },
"features": [
{ "type": "Feature", "properties": { }, "geometry": { "type": "MultiPolygon", "coordinates": [ [ [ [ 268119.67347251548199, 6085771.099101600237191 ], [ 268117.841906456509605, 6085771.670133175328374 ], [ 268116.07348090573214, 6085772.414029915817082 ], [ 268114.384468522912357, 6085773.32394664734602 ], [ 268112.790411225461867, 6085774.391510520130396 ], [ 268111.305977175186854, 6085775.60689804609865 ], [ 268089.319304578821175, 6085795.444261621683836 ], [ 268089.121302556362934, 6085795.625332003459334 ], [ 267895.500160758092534, 6085975.089145268313587 ], [ 267867.728498480340932, 6085972.525576338171959 ], [ 267865.811267355515156, 6085972.44106340687722 ], [ 267863.894762416312005, 6085972.540694925002754 ], [ 267861.996629487257451, 6085972.823553556576371 ], [ 267860.134345236350782, 6085973.287034937180579 ], [ 267858.325056262372527, 6085973.926871658302844 ], [ 267856.585421220865101, 6085974.737172555178404 ], [ 267854.931457443221007, 6085975.710476949810982 ], [ 267853.378393460297957, 6085976.837823341600597 ], [ 267851.940528788894881, 6085978.108831920661032 ], [ 267850.631102271785494, 6085979.511800137348473 ], [ 267849.462170184066053, 6085981.033810451626778 ], [ 267848.444495227071457, 6085982.660849265754223 ], [ 267847.587447433499619, 6085984.377935955300927 ], [ 267846.898917894286569, 6085986.169260798953474 ], [ 267846.385246103454847, 6085988.018330541439354 ], [ 267846.051161588227842, 6085989.908120254054666 ], [ 267845.899740362889133, 6085991.821230087429285 ], [ 267845.932376607262995, 6085993.740045476704836 ], [ 267860.517195828724653, 6086217.796639613807201 ], [ 267860.55926143063698, 6086218.265825746580958 ], [ 267860.565491274173837, 6086218.398334470577538 ], [ 267978.569742534018587, 6087454.383987729437649 ], [ 267978.593510865466669, 6087454.579244899563491 ], [ 267978.601704140019137, 6087454.693318051286042 ], [ 268026.719631334941369, 6087887.450725968927145 ], [ 268026.862149651395157, 6087888.485609413124621 ], [ 268033.303872857533861, 6087927.661420659162104 ], [ 268033.722821384086274, 6087929.60199820343405 ], [ 268034.332098510174546, 6087931.49147973395884 ], [ 268035.125700786011294, 6087933.31124743912369 ], [ 268036.095808532612864, 6087935.043370422907174 ], [ 268037.232862892735284, 6087936.670781389810145 ], [ 268038.52566001744708, 6087938.177444810979068 ], [ 268039.961461462662555, 6087939.548514934256673 ], [ 268041.526119705638848, 6087940.770482059568167 ], [ 268043.204217546561267, 6087941.831305658444762 ], [ 268044.979220020060893, 6087942.720533015206456 ], [ 268046.833637320843991, 6087943.429402217268944 ], [ 268048.7491971377749, 6087943.950928497128189 ], [ 268050.707024698262103, 6087944.279973045922816 ], [ 268052.687828748661559, 6087944.413293659687042 ], [ 268054.672091639018618, 6087944.349576675333083 ], [ 268056.640261637920048, 6087944.089449922554195 ], [ 268058.572945583728142, 6087943.635476534254849 ], [ 268060.451099972880911, 6087942.992129689082503 ], [ 268062.256218603288289, 6087942.165748541243374 ], [ 268063.970514923101291, 6087941.164475751109421 ], [ 268190.430157732684165, 6087858.622981166467071 ], [ 268208.891340959875379, 6087908.948530805297196 ], [ 268209.705449857458007, 6087910.855669011361897 ], [ 268210.71265222429065, 6087912.668261857703328 ], [ 268211.902120762038976, 6087914.366824200376868 ], [ 268213.261068834282923, 6087915.933096708729863 ], [ 268214.774887921055779, 6087917.350242150947452 ], [ 268216.427304658805951, 6087918.603026393800974 ], [ 268343.612328468530905, 6088005.025202039629221 ], [ 268345.2177233491675, 6088006.008918489329517 ], [ 268346.908509477856569, 6088006.837310330942273 ], [ 268348.669702301325742, 6088007.503035960718989 ], [ 268350.48569328879239, 6088008.000195401720703 ], [ 268352.340388262004126, 6088008.324382588267326 ], [ 268828.971787229122128, 6088068.678853295743465 ], [ 268831.232309232582338, 6088068.835707626305521 ], [ 268833.496065469051246, 6088068.735854178667068 ], [ 268835.733997440896928, 6088068.380574713461101 ], [ 268998.194132435892243, 6088033.053251083008945 ], [ 268998.952237686666194, 6088032.872863008640707 ], [ 269270.351386110880412, 6087962.680748026818037 ], [ 269272.276229314797092, 6087962.077865840867162 ], [ 269274.130558711884078, 6087961.284171455539763 ], [ 269275.895513508410659, 6087960.307737711817026 ], [ 269277.553141959651839, 6087959.15849613212049 ], [ 269279.086583960684948, 6087957.848135907202959 ], [ 269280.480242534482386, 6087956.389984999783337 ], [ 269281.719942472002003, 6087954.798874584026635 ], [ 269282.793074511690065, 6087953.090988195501268 ], [ 269283.688723590574227, 6087951.283697124570608 ], [ 269284.397779864259064, 6087949.395383725874126 ], [ 269284.913031364849303, 6087947.445254453457892 ], [ 269285.229237355582882, 6087945.45314450096339 ], [ 269329.708634104928933, 6087531.221804317086935 ], [ 269329.81723659922136, 6087529.564419157803059 ], [ 269329.787942474940792, 6087527.903737995773554 ], [ 269329.620953767851461, 6087526.251214216463268 ], [ 269328.586960407788865, 6087519.031168811954558 ], [ 269328.227448996680323, 6087517.160633108578622 ], [ 269327.691623034712393, 6087515.332781142555177 ], [ 269326.984342667274177, 6087513.564192227087915 ], [ 269326.112023196590599, 6087511.870908136479557 ], [ 269325.082576892338693, 6087510.268287601880729 ], [ 269323.905341224453878, 6087508.770867001265287 ], [ 269322.590994168422185, 6087507.392228511162102 ], [ 269321.151457352505531, 6087506.144876905716956 ], [ 268602.846428131044377, 6086941.313559983856976 ], [ 268601.309216914116405, 6086940.21810732036829 ], [ 268599.675578462483827, 6086939.272453962825239 ], [ 268597.960064553131815, 6086938.485023400746286 ], [ 268596.177956275758334, 6086937.862829741090536 ], [ 268594.345127915090416, 6086937.411415226757526 ], [ 268592.477905549574643, 6086937.134800872765481 ], [ 268590.592921625066083, 6086937.035450645722449 ], [ 268588.706966800265945, 6086937.114249516278505 ], [ 268586.83684038213687, 6086937.370495576411486 ], [ 268584.999200684716925, 6086937.801906291395426 ], [ 268583.210416643763892, 6086938.404638834297657 ], [ 268581.48642200906761, 6086939.173324311152101 ], [ 268579.842573412926868, 6086940.10111558996141 ], [ 268524.191881450533401, 6086975.072016004472971 ], [ 268505.447572334611323, 6086963.481017283163965 ], [ 268433.896649587084539, 6086813.758912180550396 ], [ 268350.11228222027421, 6086066.027907219715416 ], [ 268349.798971019103192, 6086064.093715767376125 ], [ 268349.297897870652378, 6086062.199464943259954 ], [ 268348.613872150774114, 6086060.363336053676903 ], [ 268347.753459241706878, 6086058.602952541783452 ], [ 268276.749020356452093, 6085929.742204220965505 ], [ 268275.714486209268216, 6085928.06573897972703 ], [ 268274.520041338342708, 6085926.499182865954936 ], [ 268208.905279492377304, 6085848.709272646345198 ], [ 268207.983379066572525, 6085847.689580130390823 ], [ 268139.069591207953636, 6085776.541433298029006 ], [ 268137.670245490618981, 6085775.228976498357952 ], [ 268136.151584303122945, 6085774.056637176312506 ], [ 268134.527582028997131, 6085773.035202938131988 ], [ 268132.813182377023622, 6085772.174072795547545 ], [ 268131.024160872562788, 6085771.481170677579939 ], [ 268129.176979694806505, 6085770.962872515432537 ], [ 268127.288636195240542, 6085770.623947572894394 ], [ 268125.37650649191346, 6085770.467514564283192 ], [ 268123.458185578347184, 6085770.495012949220836 ], [ 268121.551325418113265, 6085770.706189694814384 ], [ 268119.67347251548199, 6085771.099101600237191 ] ] ], [ [ [ 269712.0987931060954, 6087521.341867689043283 ], [ 269711.183355707093142, 6087521.499073986895382 ], [ 269711.161674247297924, 6087521.50504454690963 ], [ 269711.139482162427157, 6087521.508908768184483 ], [ 269710.176618352823425, 6087521.776305585168302 ], [ 269709.281994367658626, 6087522.022663819603622 ], [ 269709.26250538462773, 6087522.030163810588419 ], [ 269709.242351068591233, 6087522.035760863684118 ], [ 269708.306227463472169, 6087522.398170477710664 ], [ 269707.441443518793676, 6087522.730967304669321 ], [ 269707.424222882487811, 6087522.739628527313471 ], [ 269707.406217019539326, 6087522.746599292382598 ], [ 269706.50577427574899, 6087523.201567772775888 ], [ 269705.679599394206889, 6087523.617097394540906 ], [ 269705.664672410057392, 6087523.626552971079946 ], [ 269705.64887527335668, 6087523.634534821845591 ], [ 269704.792735362483654, 6087524.178886095993221 ], [ 269704.013592938426882, 6087524.672437977045774 ], [ 269704.000935450021643, 6087524.682328683324158 ], [ 269703.98735745693557, 6087524.690961848944426 ], [ 269703.183741657645442, 6087525.320893248543143 ], [ 269702.459623237373307, 6087525.886727655306458 ], [ 269702.449163518613204, 6087525.896708005107939 ], [ 269702.437766500515863, 6087525.90564180072397 ], [ 269701.694417156511918, 6087526.616864314302802 ], [ 269701.032800009357743, 6087527.248159524053335 ], [ 269701.024421361333225, 6087527.25790354795754 ], [ 269701.015120572934393, 6087527.266802364960313 ], [ 269700.339230346842669, 6087528.054752551019192 ], [ 269699.746996689238586, 6087528.743495966307819 ], [ 269699.740540680009872, 6087528.752702625468373 ], [ 269699.733207529876381, 6087528.761251583695412 ], [ 269699.131356968835462, 6087529.621435440145433 ], [ 269698.614715532516129, 6087530.358197374269366 ], [ 269698.609985887189396, 6087530.366595479659736 ], [ 269698.604451286606491, 6087530.374505706131458 ], [ 269698.082559382077307, 6087531.303110422566533 ], [ 269697.646966052008793, 6087532.076563516631722 ], [ 269697.643733080301899, 6087532.083916121162474 ], [ 269697.639791408495512, 6087532.090929556638002 ], [ 269697.203092309879139, 6087533.086045974865556 ], [ 269696.853157969308086, 6087533.881886198185384 ], [ 269696.851163463667035, 6087533.887994442135096 ], [ 269696.848577088618185, 6087533.89388807490468 ], [ 269696.501652052626014, 6087534.958385420031846 ], [ 269696.24100972112501, 6087535.756611718796194 ], [ 269696.239972295414191, 6087535.761317978613079 ], [ 269696.23847653780831, 6087535.765907528810203 ], [ 269695.985459288000129, 6087536.915910757146776 ], [ 269695.8164734102902, 6087537.682511554099619 ], [ 269695.816094156703912, 6087537.685701939277351 ], [ 269695.81540266686352, 6087537.688844869844615 ], [ 269695.661023317894433, 6087538.99020051304251 ], [ 269695.58367693220498, 6087539.640859596431255 ], [ 269695.583645332721062, 6087539.642465718090534 ], [ 269695.583455780288205, 6087539.644063568674028 ], [ 269695.544883837457746, 6087541.612614233978093 ], [ 269695.764667968731374, 6087549.022675759159029 ], [ 269695.849013180006295, 6087550.357630690559745 ], [ 269727.398484347970225, 6087876.127332098782063 ], [ 269727.684902491921093, 6087878.077336363494396 ], [ 269728.161862233886495, 6087879.989680838771164 ], [ 269728.824731636559591, 6087881.845794020220637 ], [ 269729.66707332333317, 6087883.627650488168001 ], [ 269730.680706994025968, 6087885.317945956252515 ], [ 269731.855788866872899, 6087886.900265322998166 ], [ 269851.606282105203718, 6088032.567280159331858 ], [ 269851.923388494062237, 6088032.943484697490931 ], [ 269961.558990425604861, 6088159.811335914768279 ], [ 269962.890528463700321, 6088161.209615020081401 ], [ 269964.350697164889425, 6088162.472977742552757 ], [ 269965.925887107267044, 6088163.58964897878468 ], [ 269967.601416819670703, 6088164.549220855347812 ], [ 269969.361669619451277, 6088165.342749736271799 ], [ 269971.190239167190157, 6088165.962839578278363 ], [ 269973.070082381018437, 6088166.403710869140923 ], [ 269974.983678285672795, 6088166.661254491657019 ], [ 270301.18846072780434, 6088194.617404999211431 ], [ 270303.108806512667798, 6088194.689320079050958 ], [ 270305.027189694403205, 6088194.576600602827966 ], [ 270306.925899281224702, 6088194.28028722666204 ], [ 270308.787405912997201, 6088193.803115588612854 ], [ 270310.594523696287069, 6088193.149491055868566 ], [ 270312.330568869248964, 6088192.325448053888977 ], [ 270413.34101173694944, 6088138.287040047347546 ], [ 270415.136329677770846, 6088137.201806264929473 ], [ 270416.808096106280573, 6088135.934487883001566 ], [ 270418.337917835102417, 6088134.499028252437711 ], [ 270419.708963387529366, 6088132.91122065577656 ], [ 270420.906148181471508, 6088131.188534543849528 ], [ 270421.916300493816379, 6088129.349923334084451 ], [ 270422.728306379169226, 6088127.415615883655846 ], [ 270466.218531795020681, 6088006.3912448650226 ], [ 270466.775024745904375, 6088004.576209120452404 ], [ 270466.83082252467284, 6088004.304503402672708 ], [ 270466.889035391679499, 6088004.106108755804598 ], [ 270466.967117287218571, 6088003.640819882042706 ], [ 270467.156918837456033, 6088002.716586560942233 ], [ 270467.219585698796436, 6088002.136364310048521 ], [ 270467.283168577414472, 6088001.757474866695702 ], [ 270509.553603487962391, 6087607.072569623589516 ], [ 270509.667314278776757, 6087604.966574511490762 ], [ 270509.558617949369363, 6087602.860314636491239 ], [ 270509.228723242587876, 6087600.777212373912334 ], [ 270466.226784532016609, 6087398.840554316528141 ], [ 270465.703158206189983, 6087396.87721109483391 ], [ 270464.983019220700953, 6087394.977131891995668 ], [ 270464.073801032209303, 6087393.15992980543524 ], [ 270462.984888820850756, 6087391.444362455047667 ], [ 270461.727522613771725, 6087389.848138361237943 ], [ 270460.314681262825616, 6087388.387734152376652 ], [ 270458.76094847364584, 6087387.078224490396678 ], [ 270457.082362268993165, 6087385.9331264635548 ], [ 270455.296249440056272, 6087384.964260064996779 ], [ 270453.421046695089899, 6087384.181626178324223 ], [ 270451.476110350864474, 6087383.59330334700644 ], [ 270449.48151653225068, 6087383.20536438934505 ], [ 270429.032396410999354, 6087380.297023294493556 ], [ 270427.218388348759618, 6087380.122888286598027 ], [ 270425.396060325438157, 6087380.114592120051384 ], [ 270423.580541983712465, 6087380.272203672677279 ], [ 270421.786906429624651, 6087380.594414395280182 ], [ 270420.030045090534259, 6087381.078549176454544 ], [ 270012.320316586119588, 6087513.690942481160164 ], [ 269715.042776822403539, 6087521.025755316950381 ], [ 269714.054096248059068, 6087521.098963430151343 ], [ 269713.127040024322923, 6087521.165288831107318 ], [ 269713.103292930405587, 6087521.169366873800755 ], [ 269713.079223877808545, 6087521.171149097383022 ], [ 269712.0987931060954, 6087521.341867689043283 ] ] ], [ [ [ 267712.774809741938952, 6091949.228334818966687 ], [ 267710.978153815260157, 6091949.588697803206742 ], [ 267568.178789372614119, 6091985.105926601216197 ], [ 267566.297790486656595, 6091985.673210120759904 ], [ 267564.481526612013113, 6091986.422311540693045 ], [ 267562.747524547041394, 6091987.346002094447613 ], [ 267561.112517270317767, 6091988.435368242673576 ], [ 267559.592282468918711, 6091989.679897691123188 ], [ 267558.201490284642205, 6091991.06758083216846 ], [ 267556.95356174884364, 6091992.585026636719704 ], [ 267555.860539270041045, 6091994.217591876164079 ], [ 267554.932970426219981, 6091995.949522429145873 ], [ 267554.179806181055028, 6091997.764105306938291 ], [ 267553.608314508222975, 6091999.643829932436347 ], [ 267437.039893693581689, 6092463.876899424940348 ], [ 267436.592609265353531, 6092466.263386799953878 ], [ 267436.437811240495648, 6092468.686488722451031 ], [ 267435.631186304672156, 6092732.360193348489702 ], [ 267372.512403896427713, 6093150.731025336310267 ], [ 267372.426644453487825, 6093151.560377052985132 ], [ 267372.425372906320263, 6093151.571988627314568 ], [ 267372.336212498892564, 6093152.33548747189343 ], [ 267372.334834544861224, 6093152.398771115578711 ], [ 267372.327817089040764, 6093152.462853450328112 ], [ 267372.326795076543931, 6093152.525987945497036 ], [ 267372.320338654390071, 6093152.588425907306373 ], [ 267372.312320674187504, 6093153.420139512978494 ], [ 267372.311525716504548, 6093153.469247768633068 ], [ 267372.295092333748471, 6093154.223964062519372 ], [ 267372.298541846917942, 6093154.271322150714695 ], [ 267372.297759380657226, 6093154.319658755324781 ], [ 267372.302992560318671, 6093154.387754671275616 ], [ 267372.302338089735713, 6093154.455643602646887 ], [ 267372.371716593042947, 6093155.282015189528465 ], [ 267372.380205329158343, 6093155.392473514191806 ], [ 267372.432316040969454, 6093156.107897276058793 ], [ 267372.437585027480964, 6093156.139117689803243 ], [ 267372.440054221951868, 6093156.171247689053416 ], [ 267372.452450757846236, 6093156.243644753471017 ], [ 267372.458559114544187, 6093156.316401762887836 ], [ 267372.604206156393047, 6093157.129912131465971 ], [ 267372.645414749800693, 6093157.370574620552361 ], [ 267372.746659573167562, 6093157.970482266508043 ], [ 267372.750755778572056, 6093157.985777230933309 ], [ 267372.753474807541352, 6093158.001656644046307 ], [ 267372.773870224016719, 6093158.077569401822984 ], [ 267372.787639940099325, 6093158.154480039142072 ], [ 267373.007687816803809, 6093158.947850146330893 ], [ 267373.235318958759308, 6093159.795104612596333 ], [ 267570.866619529027957, 6093779.075838477350771 ], [ 267571.115577352291439, 6093779.75031023286283 ], [ 267571.264887667668518, 6093780.20578476972878 ], [ 267571.346330350672361, 6093780.38772735465318 ], [ 267571.423439061152749, 6093780.603292818181217 ], [ 267571.456765165086836, 6093780.674649706110358 ], [ 267571.485387991531752, 6093780.752194117754698 ], [ 267571.497157423873432, 6093780.777002055197954 ], [ 267571.506412114889827, 6093780.801970805041492 ], [ 267571.75612085085595, 6093781.322852371260524 ], [ 267571.911904825479724, 6093781.651218167506158 ], [ 267572.115184792957734, 6093782.105344693176448 ], [ 267572.16560228751041, 6093782.192391203716397 ], [ 267572.213672023557592, 6093782.295316728763282 ], [ 267572.23361477337312, 6093782.329327346757054 ], [ 267572.251311960222665, 6093782.366629969328642 ], [ 267572.279197091818787, 6093782.413966667838395 ], [ 267572.302206923079211, 6093782.461964175105095 ], [ 267572.646975729207043, 6093783.038293158635497 ], [ 267573.158277365553658, 6093783.906258624978364 ], [ 267693.388904608902521, 6093968.607851197011769 ], [ 267694.508718254044652, 6093970.16023922432214 ], [ 267694.547860129794572, 6093970.204808494076133 ], [ 267694.580610127595719, 6093970.249935634434223 ], [ 267694.980257088958751, 6093970.697161416523159 ], [ 267695.771806670643855, 6093971.598466897383332 ], [ 267695.858412988483906, 6093971.679863642901182 ], [ 267695.932553641439881, 6093971.762830898165703 ], [ 267696.430122173042037, 6093972.21718318387866 ], [ 267697.166600312222727, 6093972.909360442310572 ], [ 267697.307886832684744, 6093973.018709716387093 ], [ 267697.430821612360887, 6093973.130967012606561 ], [ 267697.970996472518891, 6093973.531926102936268 ], [ 267698.680323248496279, 6093974.080912429839373 ], [ 267698.882278235803824, 6093974.20834911800921 ], [ 267699.059994602983352, 6093974.340263796038926 ], [ 267699.615572435897775, 6093974.671068980358541 ], [ 267700.299110189080238, 6093975.102391763590276 ], [ 267700.56639755127253, 6093975.237214458175004 ], [ 267700.803305965906475, 6093975.378275758586824 ], [ 267701.355540324468166, 6093975.635266778990626 ], [ 267702.008133486204315, 6093975.964441969059408 ], [ 267836.786418619740289, 6094036.039387807250023 ], [ 267838.884239705104847, 6094036.836601531133056 ], [ 267900.555424928315915, 6094056.389817358925939 ], [ 268156.772389879857656, 6094160.158840228803456 ], [ 268215.935001967067365, 6094227.673857002519071 ], [ 269044.627717310620937, 6095285.761170758865774 ], [ 269044.736710235010833, 6095285.886697044596076 ], [ 269044.846116608940065, 6095286.035051022656262 ], [ 269044.891172069881577, 6095286.085557139478624 ], [ 269044.929301527445205, 6095286.136828627437353 ], [ 269044.951871024910361, 6095286.161667971871793 ], [ 269044.976155378622934, 6095286.19355886708945 ], [ 269045.712720147217624, 6095287.010759907774627 ], [ 269045.954239757033065, 6095287.288916124030948 ], [ 269046.01446385239251, 6095287.345537350513041 ], [ 269046.083715390239377, 6095287.422370280139148 ], [ 269214.583112069405615, 6095459.491675603203475 ], [ 269216.000761067552958, 6095460.805838569067419 ], [ 269216.082120735489298, 6095460.86779688578099 ], [ 269216.149900046002585, 6095460.930019709281623 ], [ 269216.61619871261064, 6095461.274516495876014 ], [ 269217.538658237375785, 6095461.977002639323473 ], [ 269217.713573207962327, 6095462.085245787166059 ], [ 269217.860572060279083, 6095462.193847067654133 ], [ 269273.118300756264944, 6095498.641556723043323 ], [ 269274.848109310434666, 6095499.661746187135577 ], [ 269276.671507444465533, 6095500.50331818126142 ], [ 269278.570110636530444, 6095501.157787505537271 ], [ 269280.524776105128694, 6095501.618555432185531 ], [ 269282.515795817598701, 6095501.880976241081953 ], [ 269284.523095197277144, 6095501.942404059693217 ], [ 269286.526435526902787, 6095501.802219537086785 ], [ 269288.505618006514851, 6095501.461836093105376 ], [ 269290.440687409136444, 6095500.924685664474964 ], [ 269292.312133280502167, 6095500.196184101514518 ], [ 269294.101086654467508, 6095499.283676565624774 ], [ 269576.779017664899584, 6095336.71713430993259 ], [ 269576.897461892920546, 6095336.648477146402001 ], [ 269826.893294316018, 6095190.590936708264053 ], [ 269828.487023256078828, 6095189.55521472170949 ], [ 269828.495333273720462, 6095189.54861269518733 ], [ 269828.504130842920858, 6095189.542888791300356 ], [ 269828.994087758124806, 6095189.152369235642254 ], [ 269829.97523605072638, 6095188.372880316339433 ], [ 269829.990528165712021, 6095188.358157636597753 ], [ 269830.006941902858671, 6095188.345075087621808 ], [ 269830.541145271447022, 6095187.828043959103525 ], [ 269831.344491564028431, 6095187.05461201723665 ], [ 269831.365230568975676, 6095187.0304493047297 ], [ 269831.387852046231274, 6095187.008555006235838 ], [ 269831.898549130361062, 6095186.409087614156306 ], [ 269832.582423050014768, 6095185.612316068261862 ], [ 269832.606892890878953, 6095185.577618236653507 ], [ 269832.63411133387126, 6095185.545668633654714 ], [ 269833.09625342610525, 6095184.883713049814105 ], [ 269833.677849845902529, 6095184.059018895961344 ], [ 269833.704182893910911, 6095184.012936912477016 ], [ 269833.734213057730813, 6095183.969922794029117 ], [ 269834.134998090739828, 6095183.259024230763316 ], [ 269834.620878352608997, 6095182.408749463036656 ], [ 269834.64708710560808, 6095182.350698531605303 ], [ 269834.677999982028268, 6095182.295866345986724 ], [ 269835.009853147785179, 6095181.547191912308335 ], [ 269835.402991391427349, 6095180.676412554457784 ], [ 269835.427002191892825, 6095180.606086458079517 ], [ 269835.456758124986663, 6095180.538955844938755 ], [ 269835.714993104513269, 6095179.762579519301653 ], [ 269836.017125128593761, 6095178.877654171548784 ], [ 269836.036813447601162, 6095178.79503555689007 ], [ 269836.063297215092462, 6095178.715412842109799 ], [ 269941.649989544879645, 6094801.668188547715545 ], [ 270282.322186737554148, 6094362.576342060230672 ], [ 270283.384291995433159, 6094361.068688349798322 ], [ 270284.303008670685813, 6094359.469611440785229 ], [ 270285.070525174145587, 6094357.792707834392786 ], [ 270285.680315529229119, 6094356.052235768176615 ], [ 270286.127194860368036, 6094354.262993986718357 ], [ 270286.407363478618208, 6094352.440195908769965 ], [ 270288.643018553615548, 6094331.50528281275183 ], [ 270288.754685480555054, 6094329.618980963714421 ], [ 270288.687834780663252, 6094327.730559624731541 ], [ 270288.443063197424635, 6094325.856875809840858 ], [ 270288.022555686999112, 6094324.014654975384474 ], [ 270269.504432987654582, 6094257.536900830455124 ], [ 270268.937779932341073, 6094255.810327925719321 ], [ 270268.21675296704052, 6094254.14231419749558 ], [ 270267.347304439230356, 6094252.546629724092782 ], [ 270266.336611971724778, 6094251.036447477526963 ], [ 269953.186808170867153, 6093826.233151244930923 ], [ 269953.011821134365164, 6093758.73660931084305 ], [ 269970.112490560044535, 6093659.483232824131846 ], [ 269970.337516774481628, 6093657.703157368116081 ], [ 269983.024021381686907, 6093501.181179648265243 ], [ 269983.086637122090906, 6093499.233325469307601 ], [ 269982.959376213606447, 6093497.288624646142125 ], [ 269982.643447016540449, 6093495.365542387589812 ], [ 269982.141849323350471, 6093493.482338631525636 ], [ 269981.459345875133295, 6093491.656894664280117 ], [ 269980.602417138812598, 6093489.906543335877359 ], [ 269979.579199774074368, 6093488.247904479503632 ], [ 269978.399409374571405, 6093486.696727105416358 ], [ 269977.074248217220884, 6093485.267739863134921 ], [ 269975.616298894863576, 6093483.974511188454926 ], [ 269974.039404842711519, 6093482.829320470802486 ], [ 269972.358538893167861, 6093481.843041457235813 ], [ 269655.784759062516969, 6093316.268944968469441 ], [ 269686.889756702410523, 6093124.585889803245664 ], [ 269687.103204725950491, 6093122.720067797228694 ], [ 269687.140705064521171, 6093120.842450811527669 ], [ 269687.001927072764374, 6093118.969594039954245 ], [ 269686.688094374258071, 6093117.118010702542961 ], [ 269686.201974072493613, 6093115.304026449099183 ], [ 269685.547852353192866, 6093113.543635414913297 ], [ 269684.731496692285873, 6093111.852359194308519 ], [ 269683.760105003369972, 6093110.245109990239143 ], [ 269682.642242172849365, 6093108.736059126444161 ], [ 269681.387764542130753, 6093107.338512099348009 ], [ 269560.651442468923051, 6092984.917584229260683 ], [ 269559.123495671723504, 6092983.5208899397403 ], [ 269557.459361493994948, 6092982.289616700261831 ], [ 269555.676868538896088, 6092981.236955682747066 ], [ 269553.795113439206034, 6092980.374184508807957 ], [ 269551.834256267000455, 6092979.710546427406371 ], [ 269549.815304549760185, 6092979.253151285462081 ], [ 269359.995103831286542, 6092946.471030012704432 ], [ 268878.213644902047236, 6092430.693843143060803 ], [ 268876.828410029527731, 6092429.347523188218474 ], [ 268875.319753942487296, 6092428.141119490377605 ], [ 268873.701750339241698, 6092427.085886145941913 ], [ 268871.989492981054354, 6092426.191667038947344 ], [ 268870.198954887920991, 6092425.466804011724889 ], [ 268868.346839331963565, 6092424.918059044517577 ], [ 268866.450424018956255, 6092424.55055117700249 ], [ 268864.527399910672102, 6092424.367708756588399 ], [ 268862.595706192718353, 6092424.371237452141941 ], [ 268860.673362926230766, 6092424.561104346066713 ], [ 268858.778302945371252, 6092424.935538239777088 ], [ 268856.928204568626825, 6092425.491046177223325 ], [ 268855.140326684224419, 6092426.222446028143167 ], [ 268544.22095827764133, 6092571.318341503851116 ], [ 268538.259605782397557, 6092562.573492581024766 ], [ 268537.831187097355723, 6092561.96937935333699 ], [ 268055.282578753656708, 6091907.552085279487073 ], [ 268054.032367254258133, 6091906.021159142255783 ], [ 268052.637148064211942, 6091904.621113770641387 ], [ 268051.110548162425403, 6091903.365623280405998 ], [ 268049.467477711383253, 6091902.266949933022261 ], [ 268047.723984430718701, 6091901.335824371315539 ], [ 268045.897096860862803, 6091900.581340814009309 ], [ 268044.004658046585973, 6091900.010868233628571 ], [ 268042.065151265647728, 6091899.629978382959962 ], [ 268040.097519504546653, 6091899.442391379736364 ], [ 268038.120980443723965, 6091899.449939369224012 ], [ 268036.154838760441635, 6091899.652548629790545 ], [ 267712.774809741938952, 6091949.228334818966687 ] ] ], [ [ [ 269957.880452568817418, 6099619.995699384249747 ], [ 269956.083910926769022, 6099620.991974585689604 ], [ 269954.399043418176007, 6099622.16728204768151 ], [ 269952.84362592647085, 6099623.509221903048456 ], [ 269951.434068596805446, 6099625.003636265173554 ], [ 269950.185242703591939, 6099626.634758589789271 ], [ 269900.084532447508536, 6099699.546276676468551 ], [ 269899.517897257697769, 6099700.418670527637005 ], [ 269891.154083371977322, 6099714.059584717266262 ], [ 269890.22749852121342, 6099715.748239048756659 ], [ 269889.467653545259964, 6099717.518196265213192 ], [ 269888.881596220773645, 6099719.353039514273405 ], [ 269888.474762394907884, 6099721.235750107094646 ], [ 269888.250925566302612, 6099723.148865370079875 ], [ 269888.212161884643137, 6099725.074640620499849 ], [ 269888.358830894110724, 6099726.995213747955859 ], [ 269888.689572198083624, 6099728.892770894803107 ], [ 269903.317901727044955, 6099794.083119275979698 ], [ 269903.922316279495135, 6099796.215673441998661 ], [ 269904.759001635888126, 6099798.26824788376689 ], [ 269905.817680990207009, 6099800.215631320141256 ], [ 270007.904730931040831, 6099965.463727088645101 ], [ 270009.048963470791932, 6099967.122702343389392 ], [ 270010.354341945843771, 6099968.658102628774941 ], [ 270011.807611977332272, 6099970.054338000714779 ], [ 270013.394017544575036, 6099971.297231550328434 ], [ 270050.634118982241489, 6099997.55703807156533 ], [ 269905.095718163822312, 6100258.581875734962523 ], [ 269904.200062247226015, 6100260.398922592401505 ], [ 269903.492813224613201, 6100262.297252812422812 ], [ 269902.98122722125845, 6100264.257390196435153 ], [ 269902.670552929106634, 6100266.259224427863955 ], [ 269902.56397775671212, 6100268.28221739269793 ], [ 269902.662595127592795, 6100270.305613897740841 ], [ 269926.616861503571272, 6100510.581209286116064 ], [ 269865.850154470419511, 6100762.763458099216223 ], [ 269782.949184396653436, 6100853.580483297817409 ], [ 269781.63385756907519, 6100855.180493365041912 ], [ 269780.491063895635307, 6100856.907959572970867 ], [ 269779.533060172514524, 6100858.744354341179132 ], [ 269778.770121269568335, 6100860.669981799088418 ], [ 269778.210429929487873, 6100862.66418903041631 ], [ 269777.859989005373791, 6100864.705587579868734 ], [ 269777.722557078639511, 6100866.772282850928605 ], [ 269777.799608146771789, 6100868.842108933255076 ], [ 269778.09031581459567, 6100870.892866337671876 ], [ 269816.434446948289406, 6101067.488210963085294 ], [ 269816.473464284732472, 6101067.643566843122244 ], [ 269816.500697157869581, 6101067.813493297435343 ], [ 269816.786045284650754, 6101068.888175028376281 ], [ 269816.95484708098229, 6101069.560295526869595 ], [ 269816.989444617356639, 6101069.6542201731354 ], [ 269817.016909504192881, 6101069.757658777758479 ], [ 269886.318444776290562, 6101286.22286638431251 ], [ 269887.30716090957867, 6101288.719799131155014 ], [ 269975.112843138107564, 6101473.206912310793996 ], [ 269876.626559638185427, 6101930.68644798360765 ], [ 269794.280078191310167, 6101994.855433158576488 ], [ 269794.213162033003755, 6101994.907806829549372 ], [ 269751.38633808423765, 6102028.574292041361332 ], [ 269750.03382310870802, 6102029.738809158094227 ], [ 269748.790509652870242, 6102031.019265531562269 ], [ 269747.66629883350106, 6102032.405464257113636 ], [ 269746.670143294730224, 6102033.886366353370249 ], [ 269745.809975913492963, 6102035.450178666040301 ], [ 269721.886215909617022, 6102083.951157623901963 ], [ 269721.123793420498259, 6102085.703142940066755 ], [ 269720.532034270174336, 6102087.519887750968337 ], [ 269699.07179547904525, 6102165.944777096621692 ], [ 269698.813699687540065, 6102166.999685991555452 ], [ 269647.227472069789656, 6102405.752624014392495 ], [ 269646.897923908487428, 6102407.774735337123275 ], [ 269646.776976932073012, 6102409.819951224140823 ], [ 269646.865900338918436, 6102411.866809504106641 ], [ 269647.163760980998632, 6102413.893830774351954 ], [ 269647.667433156166226, 6102415.879743796773255 ], [ 269648.371631409099791, 6102417.803708717226982 ], [ 269649.268965995521285, 6102419.645535754039884 ], [ 269650.350020429526921, 6102421.385897068306804 ], [ 269651.603450298483949, 6102423.006529585458338 ], [ 269653.966272316989489, 6102425.757927021943033 ], [ 269630.974871638230979, 6102517.702419680543244 ], [ 269630.662223505671136, 6102519.191225254908204 ], [ 269630.463642351212911, 6102520.699487970210612 ], [ 269627.792213214910589, 6102549.382601181976497 ], [ 269627.707843536627479, 6102551.50659057404846 ], [ 269627.849375836318359, 6102553.627537954598665 ], [ 269628.215211347851437, 6102555.721484839916229 ], [ 269628.801217548258137, 6102557.76477774977684 ], [ 269649.551066966669168, 6102617.860215650871396 ], [ 269650.409126316779293, 6102619.953328129835427 ], [ 269651.498066163097974, 6102621.936153314076364 ], [ 269652.803955192735884, 6102623.783323999494314 ], [ 269912.050914285180625, 6102949.688606003299356 ], [ 269908.684141215169802, 6103069.328241157345474 ], [ 269908.724248569924384, 6103071.275960306636989 ], [ 269908.953661216015462, 6103073.210537346079946 ], [ 269909.370202475518454, 6103075.113616920076311 ], [ 269909.969920185860246, 6103076.967142520472407 ], [ 269910.747124197660014, 6103078.753527811728418 ], [ 269911.69444036326604, 6103080.455823486670852 ], [ 269912.80288050317904, 6103082.057878086343408 ], [ 269942.664058342284989, 6103121.015323071740568 ], [ 269867.853296332061291, 6103246.911538527347147 ], [ 269866.930337263969705, 6103248.655238614417613 ], [ 269866.183666932280175, 6103250.481389443390071 ], [ 269865.620551080617588, 6103252.372220998629928 ], [ 269865.246469309611712, 6103254.309333866462111 ], [ 269865.065061756118666, 6103256.273878275416791 ], [ 269865.078093671414535, 6103258.246737521141768 ], [ 269865.285438243707176, 6103260.208713989704847 ], [ 269865.685077832313254, 6103262.14071596506983 ], [ 269866.273123600985855, 6103264.023943410255015 ], [ 269867.043853359413333, 6103265.840070903301239 ], [ 269867.989767245133407, 6103267.571425966918468 ], [ 269978.430954884563107, 6103447.958956414833665 ], [ 269979.050895541440696, 6103448.909836022183299 ], [ 270044.878543683502357, 6103543.873873565346003 ], [ 270045.799754880426917, 6103545.099651887081563 ], [ 270046.812166972842533, 6103546.2512526512146 ], [ 270145.025275314983446, 6103649.685798288322985 ], [ 270146.348796320031397, 6103650.957377774640918 ], [ 270147.783312987943646, 6103652.102272604592144 ], [ 270149.316744456707966, 6103653.110840981826186 ], [ 270160.130095770233311, 6103659.53230981901288 ], [ 270164.847703200881369, 6103688.769282993860543 ], [ 270066.665740372263826, 6103860.238057223148644 ], [ 270065.735483916767407, 6103862.076229183003306 ], [ 270064.999257747549564, 6103864.000345668755472 ], [ 270064.464873690099921, 6103865.989990588277578 ], [ 270064.138001897663344, 6103868.024052548222244 ], [ 270064.022110686870292, 6103870.080948864109814 ], [ 270064.118429736758117, 6103872.138854563236237 ], [ 270064.425937041349243, 6103874.175933963619173 ], [ 270103.679102114576381, 6104066.483612698502839 ], [ 270104.137552887550555, 6104068.293767592869699 ], [ 270104.762827029742766, 6104070.053276075981557 ], [ 270105.549473967286758, 6104071.746800344437361 ], [ 270106.490636424336117, 6104073.359577788040042 ], [ 270107.578110198548529, 6104074.877549673430622 ], [ 270227.375688042666297, 6104226.603124309331179 ], [ 270228.25549117004266, 6104227.642591699957848 ], [ 270413.408419154467992, 6104431.869722282513976 ], [ 270238.464976689079776, 6104347.857228524051607 ], [ 270236.65341667260509, 6104347.094420329667628 ], [ 270234.775727012136485, 6104346.51312214974314 ], [ 270232.850044434191659, 6104346.118948781862855 ], [ 270230.89496923214756, 6104345.915707571431994 ], [ 270228.929385604627896, 6104345.905361639335752 ], [ 270094.252119556011166, 6104351.821032715961337 ], [ 270092.123282350716181, 6104352.029032028280199 ], [ 270090.028833428455982, 6104352.463192451745272 ], [ 270087.99272915662732, 6104353.118548045866191 ], [ 270086.038258554704953, 6104353.987602834589779 ], [ 270084.187776913982816, 6104355.060416545718908 ], [ 269462.485624813823961, 6104761.399216163903475 ], [ 269461.066533684032038, 6104762.417856084182858 ], [ 269459.741740528843366, 6104763.556438544765115 ], [ 269458.521351688366849, 6104764.806277734227479 ], [ 269457.414677041699179, 6104766.157839109189808 ], [ 269392.561064629931934, 6104852.82400337420404 ], [ 269391.423137725389097, 6104854.518496369943023 ], [ 269390.463844995712861, 6104856.320146062411368 ], [ 269389.693177916575223, 6104858.210187439806759 ], [ 269389.119163340365048, 6104860.168934850953519 ], [ 269388.747779893223196, 6104862.1759870396927 ], [ 269388.582895704603288, 6104864.210439633578062 ], [ 269388.626228119363077, 6104866.251102873124182 ], [ 269388.877325810375623, 6104868.276722310110927 ], [ 269389.333573479671031, 6104870.266200185753405 ], [ 269389.990219097584486, 6104872.198815172538161 ], [ 269489.670359644107521, 6105122.795833908952773 ], [ 269490.39699901471613, 6105124.410542884841561 ], [ 269491.263606708438601, 6105125.95465459022671 ], [ 269492.263390059466474, 6105127.416065930388868 ], [ 269522.321338620269671, 6105167.429105191491544 ], [ 269493.820783678267617, 6105195.441871674731374 ], [ 269492.527623143920209, 6105196.840046377852559 ], [ 269491.373316583980341, 6105198.354884005151689 ], [ 269490.36833112523891, 6105199.972648170776665 ], [ 269489.521779866889119, 6105201.678669165819883 ], [ 269488.841339243983384, 6105203.457476977258921 ], [ 269488.333179418521468, 6105205.292941566556692 ], [ 269488.001908328616992, 6105207.168419141322374 ], [ 269487.850529904710129, 6105209.066903074271977 ], [ 269487.880416829895694, 6105210.971178117208183 ], [ 269488.091298092738725, 6105212.863976512104273 ], [ 269512.941997094429098, 6105368.250230377539992 ], [ 269475.462323089363053, 6105396.689584384672344 ], [ 269474.546029110089876, 6105397.428338498808444 ], [ 269404.600890808971599, 6105457.301074525341392 ], [ 269403.27447575511178, 6105458.545325465500355 ], [ 269399.352463624381926, 6105462.574937245808542 ], [ 269399.031282478244975, 6105462.912717048078775 ], [ 269380.576891287229955, 6105482.779366308823228 ], [ 269379.285808485001326, 6105484.317372652702034 ], [ 269378.155460079608019, 6105485.977092748507857 ], [ 269377.197240995650645, 6105487.741795131936669 ], [ 269376.420810939918738, 6105489.593690022826195 ], [ 269375.833997022826225, 6105491.514108659699559 ], [ 269375.442714854376391, 6105493.483691504225135 ], [ 269375.250908909307327, 6105495.482583396136761 ], [ 269375.260512763343286, 6105497.490633714012802 ], [ 269375.471429601020645, 6105499.487599513493478 ], [ 269375.88153319171397, 6105501.453349589370191 ], [ 269376.486689323908649, 6105503.368067420087755 ], [ 269377.280797481595073, 6105505.212450934574008 ], [ 269378.255852343107108, 6105506.967907095327973 ], [ 269712.123146056081168, 6106042.780695481225848 ], [ 269769.405686416372191, 6106559.937556991353631 ], [ 269645.873047829489224, 6106864.738289267756045 ], [ 269469.70719513122458, 6106971.981011758558452 ], [ 269468.970195987902116, 6106972.479562525637448 ], [ 269468.332440009049606, 6106972.897823933511972 ], [ 269468.314230312826112, 6106972.912504167295992 ], [ 269468.294623942056205, 6106972.925433904863894 ], [ 269468.211132156022359, 6106972.99303918145597 ], [ 269468.120256926165894, 6106973.054512679576874 ], [ 269467.406972083263099, 6106973.643914652988315 ], [ 269466.806672362727113, 6106974.127862326800823 ], [ 269466.792767572042067, 6106974.141522577963769 ], [ 269466.777557124267332, 6106974.153838837519288 ], [ 269466.713787576183677, 6106974.216707304120064 ], [ 269466.643319788738154, 6106974.274936289526522 ], [ 269465.960369166219607, 6106974.959281815215945 ], [ 269465.408619213325437, 6106975.50132828950882 ], [ 269465.398618203646038, 6106975.513292965479195 ], [ 269465.387468316068407, 6106975.524285301566124 ], [ 269465.341587145579979, 6106975.579327677376568 ], [ 269465.289937486406416, 6106975.631082829087973 ], [ 269464.642106885672547, 6106976.41834282130003 ], [ 269464.1517052311101, 6106977.005033247172832 ], [ 269464.145118642773014, 6106977.014697973616421 ], [ 269464.137599748035427, 6106977.023718184791505 ], [ 269464.107369788805954, 6106977.068168751895428 ], [ 269464.072529931087047, 6106977.1105070207268 ], [ 269463.459808131039608, 6106978.020277564413846 ], [ 269463.047999811242335, 6106978.624538019299507 ], [ 269463.044260388240218, 6106978.631380124948919 ], [ 269463.039857888186816, 6106978.637853624299169 ], [ 269463.022685377974994, 6106978.66931829508394 ], [ 269463.002269202261232, 6106978.699632273055613 ], [ 269462.407361962774303, 6106979.796727349050343 ], [ 269462.10810117830988, 6106980.344291466288269 ], [ 269462.106575249461457, 6106980.347879153676331 ], [ 269462.104700018768199, 6106980.35131508205086 ], [ 269462.097686729277484, 6106980.367813311517239 ], [ 269462.0889770212234, 6106980.38387527409941 ], [ 269461.341034618089907, 6106982.147779822349548 ], [ 269241.26578057318693, 6107579.239114110358059 ], [ 269241.249627261247952, 6107579.291061759926379 ], [ 269241.228384978312533, 6107579.341430836357176 ], [ 269240.929831335088238, 6107580.319497711025178 ], [ 269240.652551249077078, 6107581.211206409148872 ], [ 269240.649887128791306, 6107581.224473726935685 ], [ 269240.645929772465024, 6107581.237230439670384 ], [ 269240.638907920336351, 6107581.272567826323211 ], [ 269240.628197113925125, 6107581.307656612247229 ], [ 269240.429817513970193, 6107582.320420349016786 ], [ 269240.245961510459892, 6107583.236023196950555 ], [ 269240.243397904210724, 6107583.262967226095498 ], [ 269240.238192244491074, 6107583.289164646528661 ], [ 269240.23654584371252, 6107583.307107182219625 ], [ 269240.233020129206125, 6107583.325106592848897 ], [ 269240.138709072663914, 6107584.363268407061696 ], [ 269240.050346822012216, 6107585.291973860934377 ], [ 269240.050686692644376, 6107585.332205424085259 ], [ 269240.047029335109983, 6107585.372465061955154 ], [ 269222.76565132435644, 6108026.24333406612277 ], [ 269222.771074703312479, 6108026.65847619343549 ], [ 269222.750882238091435, 6108027.178786137141287 ], [ 269222.758351629483514, 6108027.31697878241539 ], [ 269222.754495225148275, 6108027.436128153465688 ], [ 269222.767153259541374, 6108027.608505134470761 ], [ 269222.765318097895943, 6108027.8015141710639 ], [ 269222.789651559200138, 6108028.080474453046918 ], [ 269222.792935648292769, 6108028.331860854290426 ], [ 269222.83031557808863, 6108028.648397628217936 ], [ 269222.851004023686983, 6108029.031158536672592 ], [ 269222.891967244562693, 6108029.308220687322319 ], [ 269222.90917713282397, 6108029.542584766633809 ], [ 269222.924652818066534, 6108029.628137103281915 ], [ 269222.932997492142022, 6108029.723800955340266 ], [ 269222.999830140150152, 6108030.083862941712141 ], [ 269223.037889429193456, 6108030.406152593903244 ], [ 269223.08543023141101, 6108030.616742575541139 ], [ 269223.122324853262398, 6108030.866286020725965 ], [ 269223.217008867068216, 6108031.253916891291738 ], [ 269223.285141470958479, 6108031.620982411317527 ], [ 269310.872344886825886, 6108402.712319442071021 ], [ 269420.757735659659375, 6109120.92615329567343 ], [ 269421.159528361458797, 6109122.88883304875344 ], [ 269421.755658660607878, 6109124.801469410769641 ], [ 269422.540145061328076, 6109126.644871231168509 ], [ 269423.505116126849316, 6109128.400542051531374 ], [ 269424.64088946004631, 6109130.050865693949163 ], [ 269425.936068855517078, 6109131.57928301859647 ], [ 269427.377658647834323, 6109132.970458082854748 ], [ 269428.951194108114578, 6109134.210432010702789 ], [ 269430.64088658138644, 6109135.286763062700629 ], [ 269432.429781907994766, 6109136.188651468604803 ], [ 269765.742246327747125, 6109283.784882502630353 ], [ 269767.58174122980563, 6109284.493206862360239 ], [ 269769.482028169848491, 6109285.017014498822391 ], [ 269771.424648402608, 6109285.351217319257557 ], [ 269773.390731971187051, 6109285.492568991146982 ], [ 269775.36118100391468, 6109285.439696472138166 ], [ 269777.316855224431492, 6109285.193113348446786 ], [ 269779.238757873885334, 6109284.755214843899012 ], [ 269781.108220239169896, 6109284.130254558287561 ], [ 269782.90708299423568, 6109283.324303144589067 ], [ 269784.617872593924403, 6109282.345189341343939 ], [ 269786.223971006053034, 6109281.202423930168152 ], [ 269896.890577889571432, 6109193.937678814865649 ], [ 270073.01224759942852, 6109308.642189607955515 ], [ 270074.77920372353401, 6109309.668405667878687 ], [ 270076.641646701784339, 6109310.508976603858173 ], [ 270078.580136105942074, 6109311.155128424987197 ], [ 270080.574437725183088, 6109311.600116511806846 ], [ 270082.603734773176257, 6109311.839296019636095 ], [ 270084.646845176641364, 6109311.870170360431075 ], [ 270086.682442676858045, 6109311.69241726398468 ], [ 270088.689279435493518, 6109311.307892141863704 ], [ 270090.646407822845504, 6109310.720608716830611 ], [ 270092.533399072068278, 6109309.936697132885456 ], [ 270221.329015077324584, 6109248.538600879721344 ], [ 270282.832849259313662, 6109361.370309421792626 ], [ 270271.819741083774716, 6109446.895494659431279 ], [ 270271.712095367140137, 6109447.952354038134217 ], [ 270264.623532582307234, 6109542.361277568154037 ], [ 270264.616066490940284, 6109542.665953755378723 ], [ 270264.58581286953995, 6109543.000596240162849 ], [ 270264.58911832323065, 6109543.765654328279197 ], [ 270264.574124252190813, 6109544.377532239072025 ], [ 270264.592817211931106, 6109544.621774229221046 ], [ 270264.593973927374464, 6109544.88949981238693 ], [ 270264.678809657692909, 6109545.74535050522536 ], [ 270264.72803368762834, 6109546.388511096127331 ], [ 270264.760558525333181, 6109546.570059914141893 ], [ 270264.780299059289973, 6109546.769208899699152 ], [ 270264.968504334567115, 6109547.730782564729452 ], [ 270265.083695735782385, 6109548.373763873241842 ], [ 270265.117571642738767, 6109548.49239351041615 ], [ 270265.143126234179363, 6109548.62295638769865 ], [ 270265.47631382610416, 6109549.748668517917395 ], [ 270265.637493558984715, 6109550.313101917505264 ], [ 270265.660385446797591, 6109550.370575400069356 ], [ 270265.679219012497924, 6109550.434206740930676 ], [ 270266.383795415284112, 6109552.186803500168025 ], [ 270312.831960702780634, 6109653.602249205112457 ], [ 270313.756934527074918, 6109655.380607047118247 ], [ 270313.801397699804511, 6109655.448488810099661 ], [ 270313.836193696188275, 6109655.514755877666175 ], [ 270314.179890916508157, 6109656.026333021000028 ], [ 270314.855276987014804, 6109657.057442467659712 ], [ 270462.438754597271327, 6109859.462404751218855 ], [ 270463.546442121325526, 6109860.848021917045116 ], [ 270464.772552421956789, 6109862.130036002025008 ], [ 270466.107439362676814, 6109863.298361058346927 ], [ 270634.825079891597852, 6109998.231676669791341 ], [ 270827.960982345626689, 6110204.032046281732619 ], [ 270829.402609537355602, 6110205.421726359054446 ], [ 270830.975969964405522, 6110206.660288687795401 ], [ 270832.665292656689417, 6110207.735318230465055 ], [ 270834.453644267166965, 6110208.636039161123335 ], [ 270836.323098807886709, 6110209.353422877378762 ], [ 270838.25491733540548, 6110209.880278506316245 ], [ 270840.229735785280354, 6110210.211324977688491 ], [ 270952.368266170029528, 6110223.279116195626557 ], [ 270954.080079492880031, 6110223.404449476860464 ], [ 270955.796335201419424, 6110223.382549097761512 ], [ 270957.504393015464302, 6110223.213576355017722 ], [ 270993.840005667414516, 6110218.036418054252863 ], [ 271001.742277032986749, 6110230.081677327863872 ], [ 271002.117407136363909, 6110230.598975290544331 ], [ 271002.442879867390729, 6110231.081647420302033 ], [ 271002.644944073108491, 6110231.326439657248557 ], [ 271002.840984632784966, 6110231.596776218153536 ], [ 271003.286797323788051, 6110232.104017714969814 ], [ 271003.674715206841938, 6110232.573963819071651 ], [ 271003.877807264740113, 6110232.776463281363249 ], [ 271004.076505262521096, 6110233.002539998851717 ], [ 271004.594951503328048, 6110233.491514987312257 ], [ 271005.045001348189544, 6110233.940251646563411 ], [ 271005.24295585375512, 6110234.102683311328292 ], [ 271005.438019829452969, 6110234.286658809520304 ], [ 271006.030488153395709, 6110234.748893319629133 ], [ 271006.540910952026024, 6110235.167720993049443 ], [ 271006.72802685078932, 6110235.293102090246975 ], [ 271006.913605948560871, 6110235.437887996435165 ], [ 271007.581126453995239, 6110235.864740121178329 ], [ 271008.148440709162969, 6110236.24488143529743 ], [ 271008.319574779015966, 6110236.336947692558169 ], [ 271008.490342343749944, 6110236.446146582253277 ], [ 271009.234011262014974, 6110236.828893830999732 ], [ 271009.852542427019216, 6110237.161649602465332 ], [ 271010.003192546369974, 6110237.224771636538208 ], [ 271010.15442199545214, 6110237.302605541422963 ], [ 271010.976310604484752, 6110237.632505742833018 ], [ 271011.637263896351214, 6110237.909443568438292 ], [ 271605.818232147197705, 6110453.712497155182064 ], [ 271607.344500045233872, 6110454.198584728874266 ], [ 271608.90477248292882, 6110454.560972291976213 ], [ 271706.824019612744451, 6110473.205730226822197 ], [ 272107.879682846541982, 6110576.83396165445447 ], [ 272108.955395966826472, 6110577.053223521448672 ], [ 272109.815023051050957, 6110577.233201988041401 ], [ 272109.861776402511168, 6110577.237970424816012 ], [ 272109.908374925260432, 6110577.24746856931597 ], [ 272111.045618110685609, 6110577.358712011016905 ], [ 272111.898198832233902, 6110577.445667849853635 ], [ 272111.933449106931221, 6110577.445558321662247 ], [ 272111.968945789092686, 6110577.44903055485338 ], [ 272113.182874399877619, 6110577.441676173359156 ], [ 272113.992171312042046, 6110577.439161568880081 ], [ 272114.015537363826297, 6110577.436631625518203 ], [ 272114.03931343590375, 6110577.4364875825122 ], [ 272115.39567464904394, 6110577.287198218517005 ], [ 272116.073986557370517, 6110577.213754466734827 ], [ 272116.085474407998845, 6110577.211274661123753 ], [ 272116.097290876728948, 6110577.209974069148302 ], [ 272118.120823901728727, 6110576.771917433477938 ], [ 272259.537058268499095, 6110538.397865770384669 ], [ 272261.539435021928512, 6110537.739416562020779 ], [ 272261.684385146363638, 6110537.674139603972435 ], [ 272261.813947468006518, 6110537.630472455173731 ], [ 272263.44168506457936, 6110536.970529415644705 ], [ 272462.274613245914225, 6110590.415875636972487 ], [ 272463.135501309181564, 6110590.602149795740843 ], [ 272463.849653864570428, 6110590.771740485914052 ], [ 272464.026651107589714, 6110590.794971819967031 ], [ 272464.209005272365175, 6110590.83442859724164 ], [ 272465.14051466959063, 6110590.941169218160212 ], [ 272465.884223844972439, 6110591.038782920688391 ], [ 272466.027128872461617, 6110591.042765349149704 ], [ 272466.175294240994845, 6110591.059743452817202 ], [ 272467.181212726689409, 6110591.074926960282028 ], [ 272467.935447645781096, 6110591.095945719629526 ], [ 272468.042471167631447, 6110591.087926944717765 ], [ 272468.154224976606201, 6110591.089613775722682 ], [ 272469.250410015636589, 6110590.997421698644757 ], [ 272469.981732102518436, 6110590.942627132870257 ], [ 272470.05222083296394, 6110590.929987276904285 ], [ 272470.126418507599737, 6110590.923747055232525 ], [ 272471.376080822839867, 6110590.692596144974232 ], [ 272472.001536046853289, 6110590.580441140569746 ], [ 272472.035976095823571, 6110590.570534856058657 ], [ 272472.072561837383546, 6110590.563767566345632 ], [ 272473.973597070144024, 6110590.013200461864471 ], [ 272762.877374489849899, 6110490.604085455648601 ], [ 272764.530847389716655, 6110489.95160255394876 ], [ 272764.628574136644602, 6110489.902603043243289 ], [ 272764.718317479535472, 6110489.866654328070581 ], [ 272765.183046986290719, 6110489.624594213441014 ], [ 272766.119855711353011, 6110489.154884835705161 ], [ 272766.307303939131089, 6110489.039011066779494 ], [ 272766.477178391884081, 6110488.950529855675995 ], [ 272766.934524239390157, 6110488.651285980828106 ], [ 272767.631847454584204, 6110488.220225787721574 ], [ 272794.680587408714928, 6110469.789661895483732 ], [ 272964.750291808275506, 6110647.462403095327318 ], [ 272966.898038220650051, 6110649.403209187090397 ], [ 273115.245518813084345, 6110765.106737522408366 ], [ 273115.316226280934643, 6110765.15713298227638 ], [ 273115.374357073276769, 6110765.206383757293224 ], [ 273115.759071449108887, 6110765.472762807272375 ], [ 273116.651434443483595, 6110766.108778272755444 ], [ 273116.828156390867662, 6110766.213005045428872 ], [ 273116.973275780736003, 6110766.313486773520708 ], [ 273117.430063159030396, 6110766.567996607162058 ], [ 273118.138530684751458, 6110766.985835393890738 ], [ 273118.433151797042228, 6110767.126891041174531 ], [ 273118.672162133210804, 6110767.260061272419989 ], [ 273119.109156527149025, 6110767.45054158847779 ], [ 273119.695726125442889, 6110767.731373310089111 ], [ 273120.11996341572376, 6110767.891139497049153 ], [ 273120.454952233936638, 6110768.037156876176596 ], [ 273120.836192291462794, 6110768.160868629813194 ], [ 273121.31141699507134, 6110768.339836487546563 ], [ 273128.014624615898356, 6110770.538870641961694 ], [ 273129.815302134025842, 6110771.037736094556749 ], [ 273131.654676977603231, 6110771.366379440762103 ], [ 273133.516694594465662, 6110771.521932194009423 ], [ 273139.248171949468087, 6110771.731894200667739 ], [ 273141.185322056524456, 6110771.708968251012266 ], [ 273143.111166224000044, 6110771.498729388229549 ], [ 273145.007634852372576, 6110771.10315022058785 ], [ 273146.8569339637761, 6110770.52594234328717 ], [ 273148.641712157288566, 6110769.772521520964801 ], [ 273150.345223412034102, 6110768.84995686635375 ], [ 273243.285582314536441, 6110712.531043911352754 ], [ 273244.583423250471242, 6110711.673878045752645 ], [ 273245.810730255325325, 6110710.718450427986681 ], [ 273313.262317667424213, 6110653.861972398124635 ], [ 273452.333097422029823, 6110765.357012079097331 ], [ 273453.973015162744559, 6110766.540690579451621 ], [ 273455.72409314912511, 6110767.552693976089358 ], [ 273457.568424748198595, 6110768.382673459127545 ], [ 273459.487149709719233, 6110769.022141605615616 ], [ 273461.460647032479756, 6110769.4645591750741 ], [ 273463.468735609494615, 6110769.705401978455484 ], [ 273465.490880601573735, 6110769.742207140661776 ], [ 273467.506403427629266, 6110769.57459829095751 ], [ 273469.494693225366063, 6110769.204289408400655 ], [ 273471.435417619184591, 6110768.635067293420434 ], [ 273473.308730640157592, 6110767.872752847149968 ], [ 273546.355028223828413, 6110733.746587843634188 ], [ 273546.28393188706832, 6110734.066400499083102 ], [ 273546.240033721434884, 6110734.423776617273688 ], [ 273546.17571570398286, 6110734.769576143473387 ], [ 273546.124446837173309, 6110735.364772475324571 ], [ 273546.048656076658517, 6110735.981787045486271 ], [ 273546.039027004502714, 6110736.356438065879047 ], [ 273546.00762576807756, 6110736.720984853804111 ], [ 273546.014656537212431, 6110737.304652002640069 ], [ 273545.999074254476, 6110737.910932444036007 ], [ 273546.026639799820259, 6110738.299455924890935 ], [ 273546.031217484676745, 6110738.679477543570101 ], [ 273546.093796299770474, 6110739.245995412580669 ], [ 273546.135648034804035, 6110739.835876061581075 ], [ 273546.202985113777686, 6110740.234467535279691 ], [ 273546.24626459449064, 6110740.626271041110158 ], [ 273546.361108321172651, 6110741.170453520491719 ], [ 273546.457105895096902, 6110741.738696381449699 ], [ 273546.566392828477547, 6110742.14318607840687 ], [ 273546.650704661326017, 6110742.542694380506873 ], [ 273546.814058051386382, 6110743.05983757507056 ], [ 273546.960455014253967, 6110743.601677861064672 ], [ 273660.692909873672761, 6111096.045426663011312 ], [ 273517.034803822170943, 6111218.078743513673544 ], [ 273515.623004381777719, 6111219.400733990594745 ], [ 273514.345501730160322, 6111220.85291285533458 ], [ 273513.214243188675027, 6111222.421699199825525 ], [ 273512.239808390440885, 6111224.092421589419246 ], [ 273511.431310338550247, 6111225.849455277435482 ], [ 273510.796310180507135, 6111227.67636832408607 ], [ 273510.340746495698113, 6111229.556075272150338 ], [ 273510.068879757309332, 6111231.470996930263937 ], [ 273508.809259537025355, 6111245.026321494020522 ], [ 273508.724811744294129, 6111247.108901961706579 ], [ 273508.857562970370054, 6111249.188962043263018 ], [ 273509.2060714464169, 6111251.243910869583488 ], [ 273509.766552132670768, 6111253.251430292613804 ], [ 273510.532917826494668, 6111255.189717282541096 ], [ 273560.243485127692111, 6111363.96818995475769 ], [ 273545.953540933085606, 6111374.644130313768983 ], [ 273544.467653352650814, 6111375.870026245713234 ], [ 273543.106593827251345, 6111377.233184236101806 ], [ 273541.882988507102709, 6111378.720958667807281 ], [ 273540.808188420138322, 6111380.319547892548144 ], [ 273539.89216417161515, 6111382.014122268185019 ], [ 273539.143413449986838, 6111383.788961724378169 ], [ 273538.568882196152117, 6111385.627601595595479 ], [ 273538.173900168156251, 6111387.512985358946025 ], [ 273537.962131498497911, 6111389.427622862160206 ], [ 273531.950557103729807, 6111486.294167860411108 ], [ 273531.925719711754937, 6111488.2695248182863 ], [ 273532.095882555760909, 6111490.237695698626339 ], [ 273532.459385419788305, 6111492.179477786645293 ], [ 273563.48561039956985, 6111622.072472414933145 ], [ 273563.938788675004616, 6111623.672233757562935 ], [ 273613.755294226342812, 6111775.202126717194915 ], [ 273479.370986669266131, 6111851.550624882802367 ], [ 273477.813053863414098, 6111852.533294953405857 ], [ 273476.352133896842133, 6111853.655127358622849 ], [ 273083.723514276091009, 6112184.980093782767653 ], [ 273082.193164531723596, 6112186.415510527789593 ], [ 273080.821617658075411, 6112188.003355212509632 ], [ 272965.846806972112972, 6112336.158822129480541 ], [ 272964.686944653862156, 6112337.820916594006121 ], [ 272963.701256656146143, 6112339.591864865273237 ], [ 272962.899865597079042, 6112341.453480018302798 ], [ 272962.291001439443789, 6112343.386644016951323 ], [ 272961.880916972528212, 6112345.371504046954215 ], [ 272960.715926714299712, 6112352.923887547105551 ], [ 272960.689984187367372, 6112353.09709766600281 ], [ 272955.841520245128777, 6112386.465509807690978 ], [ 272955.651876451214775, 6112388.488417819142342 ], [ 272955.668450961122289, 6112390.5201281523332 ], [ 272955.891072720813099, 6112392.539672938175499 ], [ 272956.317444206099026, 6112394.526209861971438 ], [ 272956.943165133649018, 6112396.459237257950008 ], [ 272957.76177787326742, 6112398.318805695511401 ], [ 272958.764834092755336, 6112400.085723862983286 ], [ 272967.594820326077752, 6112413.948925931937993 ], [ 272968.820926187152509, 6112415.666660798713565 ], [ 272970.221211969386786, 6112417.245631471276283 ], [ 273556.090553900168743, 6113011.516673288308084 ], [ 273557.382243650441524, 6113012.716232686303556 ], [ 273558.774541594961192, 6113013.797394836321473 ], [ 273573.933088881487492, 6113024.532079195603728 ], [ 273575.467775268887635, 6113025.517014907673001 ], [ 273577.085793380916584, 6113026.358072605915368 ], [ 273578.773691983136814, 6113027.048260241746902 ], [ 273580.517438896407839, 6113027.581840007565916 ], [ 273582.302537652256433, 6113027.954376040026546 ], [ 273584.114148007822223, 6113028.162771297618747 ], [ 273603.247807042265777, 6113029.483651386573911 ], [ 273603.437783170724288, 6113029.495858114212751 ], [ 273680.892447527381591, 6113034.10259576421231 ], [ 273682.80644432810368, 6113034.1246750773862 ], [ 273684.713786038046237, 6113033.963681751862168 ], [ 273686.59700202109525, 6113033.621090435422957 ], [ 273688.438842624949757, 6113033.100039152428508 ], [ 273690.222437182499561, 6113032.405300565995276 ], [ 273859.936602568835951, 6112956.756581316702068 ], [ 274003.519629043992609, 6113066.363433106802404 ], [ 274005.233206540928222, 6113067.535933800041676 ], [ 274007.059110016096383, 6113068.524459072388709 ], [ 274008.977660312375519, 6113069.318354831077158 ], [ 274010.968179746996611, 6113069.909064653329551 ], [ 274013.009214970690664, 6113070.290222009643912 ], [ 274098.268678496184293, 6113081.670092625543475 ], [ 274098.364326505339704, 6113081.682624388486147 ], [ 274175.231875471130479, 6113091.56527888122946 ], [ 274177.223068117687944, 6113091.720734977163374 ], [ 274179.219837027427275, 6113091.676818301901221 ], [ 274181.202269348781556, 6113091.433966815471649 ], [ 274183.150595202459954, 6113090.994602364487946 ], [ 274185.045384836848825, 6113090.363106525503099 ], [ 274186.867742392525543, 6113089.545776914805174 ], [ 274188.599494341586251, 6113088.550764381885529 ], [ 274190.223370723833796, 6113087.387991726398468 ], [ 274284.888565411150921, 6113012.178207623772323 ], [ 274393.194063320115674, 6113122.299219756387174 ], [ 274481.157907175831497, 6113421.85149760171771 ], [ 274481.838012543448713, 6113423.792276815511286 ], [ 274482.713818679156248, 6113425.65295703522861 ], [ 274483.776065756333992, 6113427.413865441456437 ], [ 274485.013522723515052, 6113429.056384094059467 ], [ 274486.413106049527414, 6113430.563146776519716 ], [ 274487.96001805429114, 6113431.918222610838711 ], [ 274489.637903363734949, 6113433.107284491881728 ], [ 274537.320666519226506, 6113463.34076186735183 ], [ 274538.764589798869565, 6113464.174017948098481 ], [ 274539.009963469405193, 6113464.289539632387459 ], [ 274539.180327240144834, 6113464.385222843848169 ], [ 274539.548360517481342, 6113464.543016435578465 ], [ 274540.272892642184161, 6113464.884125451557338 ], [ 274540.815194776514545, 6113465.086169298738241 ], [ 274541.140640677942429, 6113465.225703631527722 ], [ 274541.421749401080888, 6113465.312151500023901 ], [ 274541.835095247253776, 6113465.466150497086346 ], [ 274624.828644090332091, 6113492.504616815596819 ], [ 274627.313426148262806, 6113497.671731290407479 ], [ 274628.171089775743894, 6113499.266162253916264 ], [ 274629.169424795371015, 6113500.776501349173486 ], [ 274630.300250358472113, 6113502.190372115001082 ], [ 274631.5542999234749, 6113503.496188596822321 ], [ 274632.921297190594487, 6113504.683250291272998 ], [ 274634.390040310856421, 6113505.741829831153154 ], [ 274688.7635171021102, 6113541.30596153344959 ], [ 274612.137505430728197, 6113642.036333544179797 ], [ 274611.585795483842958, 6113642.835891515016556 ], [ 274611.123427778773475, 6113643.500381977297366 ], [ 274611.10593527747551, 6113643.531322247348726 ], [ 274611.085587811481673, 6113643.560810529626906 ], [ 274610.597534582891967, 6113644.430567846633494 ], [ 274610.20486150943907, 6113645.125117514282465 ], [ 274610.193235276034102, 6113645.151067702099681 ], [ 274610.179209676512983, 6113645.176062655635178 ], [ 274609.758815008681267, 6113646.120709984563291 ], [ 274609.441751984180883, 6113646.828406511805952 ], [ 274609.434884248301387, 6113646.848598206415772 ], [ 274609.426144488912541, 6113646.868236872367561 ], [ 274609.075643628020771, 6113647.904794470407069 ], [ 274608.840744989458472, 6113648.595415325835347 ], [ 274608.837441118841525, 6113648.609245295636356 ], [ 274608.832850838371087, 6113648.622820412740111 ], [ 274608.549424913304392, 6113649.814878321252763 ], [ 274608.407074589340482, 6113650.410755387507379 ], [ 274608.406074411584996, 6113650.417794582433999 ], [ 274608.404417049605399, 6113650.424765262752771 ], [ 274608.14451754296897, 6113652.258617220446467 ], [ 274607.180270306125749, 6113662.435724832117558 ], [ 274607.091199654270895, 6113664.259347655810416 ], [ 274607.091206042445265, 6113664.259497812017798 ], [ 274607.09119871276198, 6113664.259647902101278 ], [ 274607.117076600145083, 6113664.867597323842347 ], [ 274607.168804868240841, 6113666.083494364283979 ], [ 274607.168844978441484, 6113666.083792261779308 ], [ 274607.168857759446837, 6113666.084092526696622 ], [ 274607.26630660839146, 6113666.807638300582767 ], [ 274607.412439199106302, 6113667.892962821759284 ], [ 274607.412539863726124, 6113667.893402319401503 ], [ 274607.412600035779178, 6113667.893849089741707 ], [ 274607.587253446748946, 6113668.656195199117064 ], [ 274607.820072238624562, 6113669.672673216089606 ], [ 274607.820259339001495, 6113669.673244532197714 ], [ 274607.820393566798884, 6113669.673830424435437 ], [ 274641.520022026379593, 6113791.023185162805021 ], [ 274630.064419794245623, 6113918.954154596664011 ], [ 274629.993499027448706, 6113920.145242441445589 ], [ 274628.704760665888898, 6113963.614743881858885 ], [ 274628.753311119624414, 6113965.720722330734134 ], [ 274629.023100641730707, 6113967.809912601485848 ], [ 274629.511136253073346, 6113969.859137726947665 ], [ 274630.21200380573282, 6113971.845664104446769 ], [ 274631.117928046092857, 6113973.747453694231808 ], [ 274632.218858871492557, 6113975.543408507481217 ], [ 274921.758305886294693, 6114396.395702392794192 ], [ 274705.175193555012811, 6114574.784029981121421 ], [ 274356.276247161789797, 6114381.267321019433439 ], [ 274355.958397174836136, 6114381.110934685915709 ], [ 274355.652315673185512, 6114380.935533659532666 ], [ 274355.079630598193035, 6114380.67857008613646 ], [ 274354.512253528868314, 6114380.399413178674877 ], [ 274354.178131999331526, 6114380.274068010039628 ], [ 274353.853895660780836, 6114380.128583289682865 ], [ 274353.261146785574965, 6114379.930062444880605 ], [ 274352.67157222534297, 6114379.708884472027421 ], [ 274352.324226789351087, 6114379.616273321211338 ], [ 274351.984775404969696, 6114379.502585757523775 ], [ 274351.377882422646508, 6114379.363953782245517 ], [ 274350.771988546941429, 6114379.202407024800777 ], [ 274350.414642783056479, 6114379.143921885639429 ], [ 274350.063110995397437, 6114379.06362181995064 ], [ 274349.448082769697066, 6114378.985729448497295 ], [ 274348.831856924458407, 6114378.884874595329165 ], [ 274348.467880447686184, 6114378.861588343977928 ], [ 274348.107568920007907, 6114378.815955447033048 ], [ 273963.56606053042924, 6114349.27188229188323 ], [ 273963.200499190250412, 6114349.249705357477069 ], [ 273963.151019837183412, 6114349.244333175942302 ], [ 273963.109472067269962, 6114349.244183158501983 ], [ 273962.923767335596494, 6114349.232917301356792 ], [ 273905.83470905746799, 6114346.690568691119552 ], [ 273903.897563740902115, 6114346.698209484107792 ], [ 273901.970244269061368, 6114346.893222336657345 ], [ 273900.070831743185408, 6114347.273777741007507 ], [ 273898.21714545605937, 6114347.836305526085198 ], [ 273896.426575720950495, 6114348.575528349727392 ], [ 273894.715920724673197, 6114349.484511211514473 ], [ 273893.101228935760446, 6114350.554726510308683 ], [ 273891.597648546448909, 6114351.776134047657251 ], [ 273890.2192853600136, 6114353.1372752180323 ], [ 273859.326104897307232, 6114386.751810307614505 ], [ 273592.576342508196831, 6114487.851749880239367 ], [ 273590.765620174177457, 6114488.642396159470081 ], [ 273589.04174690839136, 6114489.607848320156336 ], [ 273587.421547011064831, 6114490.73868394177407 ], [ 273585.920832972507924, 6114492.023866530507803 ], [ 273584.554251149995252, 6114493.450853226706386 ], [ 273583.335138824768364, 6114495.005717223510146 ], [ 273582.27539403620176, 6114496.673283682204783 ], [ 273581.385359461244661, 6114498.437277833931148 ], [ 273580.67372147453716, 6114500.28048381395638 ], [ 273580.147425372619182, 6114502.18491268530488 ], [ 273579.81160759087652, 6114504.131977996788919 ], [ 273579.669545573997311, 6114506.102677186019719 ], [ 273579.722625789232552, 6114508.077777031809092 ], [ 273579.970330195443239, 6114510.038001365028322 ], [ 273630.834520618722308, 6114797.525313165038824 ], [ 273631.009873999631964, 6114798.308758090250194 ], [ 273631.127713305817451, 6114798.89924433734268 ], [ 273631.182780926930718, 6114799.081272734329104 ], [ 273631.228239258693065, 6114799.284371751360595 ], [ 273631.509966910001822, 6114800.162800114601851 ], [ 273631.688049166637938, 6114800.751458695158362 ], [ 273631.73651205241913, 6114800.86916911136359 ], [ 273631.778740051551722, 6114801.000836244784296 ], [ 273632.212830310920253, 6114802.026087848469615 ], [ 273632.424764834926464, 6114802.540850861929357 ], [ 273632.454673354572151, 6114802.597282348200679 ], [ 273632.481551139615476, 6114802.660763368010521 ], [ 273633.330963410029653, 6114804.2506691114977 ], [ 273715.891171421390027, 6114943.317874697968364 ], [ 273717.424587983754463, 6114945.543154367245734 ], [ 273787.669605554954614, 6115034.029870731756091 ], [ 273788.874795610900037, 6115035.412737552076578 ], [ 273912.905294422176667, 6115165.198342038318515 ], [ 273914.242536286881659, 6115166.474039097316563 ], [ 273914.419299876433797, 6115166.613910768181086 ], [ 273914.548206976265647, 6115166.73443666100502 ], [ 273914.935320570832118, 6115167.022233979776502 ], [ 273915.691826164431404, 6115167.620851044543087 ], [ 273916.082730428373907, 6115167.875269070267677 ], [ 273916.353203975711949, 6115168.076351033523679 ], [ 273916.714860744948965, 6115168.286687828600407 ], [ 273917.24078850063961, 6115168.62898519821465 ], [ 273917.900469786254689, 6115168.97622892819345 ], [ 273918.297457856708206, 6115169.207114136777818 ], [ 274061.455036654719152, 6115242.019170527346432 ], [ 274209.699565985996742, 6115386.541966712102294 ], [ 274282.433599831303582, 6115519.341869548894465 ], [ 274107.015825782436877, 6115546.120742243714631 ], [ 273885.031574442924466, 6115299.472683834843338 ], [ 273884.895581191929523, 6115299.338285558857024 ], [ 273884.736081834358629, 6115299.151478951796889 ], [ 273884.587768040539231, 6115299.008174007758498 ], [ 273884.457167289452627, 6115298.860779619775712 ], [ 273884.366122615349013, 6115298.776591410860419 ], [ 273884.288878371997271, 6115298.690922834910452 ], [ 273884.23364035715349, 6115298.641384688206017 ], [ 273884.181433145422488, 6115298.584572372958064 ], [ 273883.833866010361817, 6115298.276407035067677 ], [ 273883.533533999579959, 6115297.975802945904434 ], [ 273883.447913039184641, 6115297.906814161688089 ], [ 273883.412438758125063, 6115297.872537917457521 ], [ 273883.368744221981615, 6115297.829355845227838 ], [ 273883.363567035703454, 6115297.825316688977182 ], [ 273883.357798823679332, 6115297.81974328123033 ], [ 273883.167581268178765, 6115297.668310774490237 ], [ 273882.997504366270732, 6115297.511042159982026 ], [ 273882.843801105744205, 6115297.394959352910519 ], [ 273882.711163362837397, 6115297.276008155196905 ], [ 273882.681053024716675, 6115297.254282193258405 ], [ 273882.652204892889131, 6115297.228704417124391 ], [ 273882.273595032806043, 6115296.95660687237978 ], [ 273881.858373495866545, 6115296.626048328354955 ], [ 273504.893437995342538, 6115024.979939162731171 ], [ 273503.278003341984004, 6115023.930206057615578 ], [ 273503.274507186142728, 6115023.928386451676488 ], [ 273503.271215370681603, 6115023.926248301751912 ], [ 273502.703715708572417, 6115023.631312931887805 ], [ 273501.569062976981513, 6115023.040772788226604 ], [ 273501.561752963811159, 6115023.037823230959475 ], [ 273501.554787134868093, 6115023.034203018993139 ], [ 273500.845693885115907, 6115022.748896676115692 ], [ 273499.78247402398847, 6115022.319892337545753 ], [ 273499.771134204231203, 6115022.316543537192047 ], [ 273499.760209918895271, 6115022.31214811000973 ], [ 273498.977716310007963, 6115022.082236642017961 ], [ 273497.934814102132805, 6115021.7742536989972 ], [ 273497.919334900216199, 6115021.771264104172587 ], [ 273497.904271412466187, 6115021.766838165931404 ], [ 273497.076984525134321, 6115021.608575735241175 ], [ 273496.043227503425442, 6115021.408919809386134 ], [ 273496.023608726158272, 6115021.407061826437712 ], [ 273496.004333320248406, 6115021.40337438415736 ], [ 273495.150117512093857, 6115021.324338432401419 ], [ 273494.125266111863311, 6115021.227280574850738 ], [ 273494.101618304441217, 6115021.227326492778957 ], [ 273494.07816894876305, 6115021.225156851112843 ], [ 273493.210737730143592, 6115021.229056349024177 ], [ 273492.19872654118808, 6115021.231021409854293 ], [ 273492.171270597027615, 6115021.23372922744602 ], [ 273492.143796943069901, 6115021.23385273385793 ], [ 273491.274854680406861, 6115021.322137428447604 ], [ 273490.28148500144016, 6115021.420107605867088 ], [ 273490.250550129567273, 6115021.426206960342824 ], [ 273490.219312727742363, 6115021.429380686022341 ], [ 273489.359388662967831, 6115021.601915124803782 ], [ 273488.39133142674109, 6115021.792784644290805 ], [ 273488.35735137341544, 6115021.802963041700423 ], [ 273488.322719230432995, 6115021.809911605902016 ], [ 273487.481521327863447, 6115022.065309495665133 ], [ 273486.545804404420778, 6115022.345594486221671 ], [ 273486.509312099369708, 6115022.360484013333917 ], [ 273486.471758470172063, 6115022.371885750442743 ], [ 273485.658323309617117, 6115022.70770297665149 ], [ 273484.762028435303364, 6115023.073407650925219 ], [ 273484.723649001505692, 6115023.093572372570634 ], [ 273484.68374558648793, 6115023.110046032816172 ], [ 273429.168222293490544, 6115049.239118838682771 ], [ 273397.740573634742759, 6115042.050620814785361 ], [ 273373.135577295906842, 6115032.769834370352328 ], [ 273090.841136166243814, 6114545.578466417267919 ], [ 273089.825222528306767, 6114544.000762475654483 ], [ 273088.665915839956142, 6114542.525215713307261 ], [ 273087.373421565571334, 6114541.164815478958189 ], [ 273085.959117629856337, 6114539.931537479162216 ], [ 273084.435454257356469, 6114538.836238353513181 ], [ 273082.815844371973071, 6114537.88856010325253 ], [ 273081.114545522024855, 6114537.096845211461186 ], [ 273079.346534369804431, 6114536.468063204549253 ], [ 273077.527374851342756, 6114536.007749297656119 ], [ 273075.673081165296026, 6114535.719955668784678 ], [ 272839.142875448917039, 6114510.303224666044116 ], [ 272838.480762556195259, 6114510.26332613825798 ], [ 272837.878628793754615, 6114510.207790050655603 ], [ 272837.784532063815277, 6114510.208230976946652 ], [ 272837.693188366829418, 6114510.200553557835519 ], [ 272837.490047863218933, 6114510.203626262024045 ], [ 272837.272585221624468, 6114510.190522093325853 ], [ 272836.575812720868271, 6114510.213894899003208 ], [ 272835.946246669103857, 6114510.216844974085689 ], [ 272835.829193405341357, 6114510.228748356923461 ], [ 272835.714671276276931, 6114510.230480619706213 ], [ 272835.562914844602346, 6114510.247871936298907 ], [ 272835.399955645843875, 6114510.253338302485645 ], [ 272834.673843472904991, 6114510.346238230355084 ], [ 272834.023758245864883, 6114510.412346713244915 ], [ 272833.885284837975632, 6114510.440128657966852 ], [ 272833.748794879822526, 6114510.455770433880389 ], [ 272833.649047411454376, 6114510.477352242916822 ], [ 272833.54142226424301, 6114510.49112197291106 ], [ 272832.791798879916314, 6114510.659514945931733 ], [ 272832.12911083153449, 6114510.79247017018497 ], [ 272391.747836968279444, 6114621.520452745258808 ], [ 272186.498166909907013, 6114655.860652536153793 ], [ 272186.014462504710536, 6114655.947703462094069 ], [ 271807.873575901554432, 6114728.808305106125772 ], [ 271806.113387330609839, 6114729.230888019315898 ], [ 271804.398617467086297, 6114729.810891846194863 ], [ 271802.743313877726905, 6114730.543565136380494 ], [ 271801.161036975623574, 6114731.422905758023262 ], [ 271615.082688442722429, 6114846.152878816239536 ], [ 271613.450235499127302, 6114847.274621954187751 ], [ 271611.936744209437165, 6114848.552336474880576 ], [ 271610.557058934995439, 6114849.973490522243083 ], [ 271609.324711664405186, 6114851.524145378731191 ], [ 271608.251789291389287, 6114853.189092183485627 ], [ 271607.348815066216048, 6114854.952001094818115 ], [ 271606.624645383155439, 6114856.795581456273794 ], [ 271606.086382917303126, 6114858.701751385815442 ], [ 271578.388605698768515, 6114979.343867569230497 ], [ 271578.035815071256366, 6114981.339242649264634 ], [ 271577.886739239969756, 6114983.360073996707797 ], [ 271577.942908462020569, 6114985.385617864318192 ], [ 271578.203746162587777, 6114987.39508212916553 ], [ 271578.666574853879865, 6114989.367839726619422 ], [ 271579.326643619162496, 6114991.283640385605395 ], [ 271631.217736328195315, 6115120.271916450001299 ], [ 271740.308041344978847, 6115637.848015530966222 ], [ 271740.820560260501225, 6115639.790447203442454 ], [ 271741.52535593038192, 6115641.671664761379361 ], [ 271742.415317465900443, 6115643.472688055597246 ], [ 271857.23241952562239, 6115849.127053153701127 ], [ 271857.584192603477277, 6115849.679321675561368 ], [ 271858.025679817423224, 6115850.428732398897409 ], [ 272009.156776650808752, 6116078.393880710937083 ], [ 272009.330908684583846, 6116078.6521504977718 ], [ 272054.802121415559668, 6116144.974170654080808 ], [ 272056.030714448424987, 6116146.584723060019314 ], [ 272057.415918545681052, 6116148.062738453038037 ], [ 272058.943523868627381, 6116149.393054908141494 ], [ 272060.597859784029424, 6116150.562025640159845 ], [ 272062.361955618078355, 6116151.557658997364342 ], [ 272064.217714747064747, 6116152.369741474278271 ], [ 272066.146100237499923, 6116152.989942484535277 ], [ 272068.127330133167561, 6116153.411899820901453 ], [ 272070.141080383793451, 6116153.631284918636084 ], [ 272072.166693335864693, 6116153.645847260020673 ], [ 272074.183389644487761, 6116153.455437459982932 ], [ 272369.638534714526031, 6116110.371719467453659 ], [ 271884.301397650677245, 6116430.794252029620111 ], [ 271882.719005177903455, 6116431.9542804826051 ], [ 271881.257891823188402, 6116433.263776459731162 ], [ 271879.932119458331726, 6116434.710137266665697 ], [ 271878.754447422397789, 6116436.279443013481796 ], [ 271877.736209725146182, 6116437.956590574234724 ], [ 271876.887205967504997, 6116439.725438947789371 ], [ 271876.215607029444072, 6116441.568964595906436 ], [ 271875.727876432822086, 6116443.469425280578434 ], [ 271875.428708135848865, 6116445.408530816435814 ], [ 271875.320981358061545, 6116447.367619097232819 ], [ 271875.405732870625798, 6116449.327835699543357 ], [ 271875.68214701814577, 6116451.270315344445407 ], [ 271876.147563568898477, 6116453.176363450475037 ], [ 271876.797503316600341, 6116455.027636059559882 ], [ 272010.733188804413658, 6116783.939462311565876 ], [ 272011.031186270003673, 6116784.633455065079033 ], [ 272022.219956614833791, 6116809.390352105721831 ], [ 272022.309442464262247, 6116809.585554352030158 ], [ 272145.874173168325797, 6117075.3509915843606 ], [ 272146.742226163158193, 6117077.010107078589499 ], [ 272147.761637435527518, 6117078.580769640393555 ], [ 272148.923471386311576, 6117080.049211705103517 ], [ 272150.217544017534237, 6117081.40256171580404 ], [ 272418.225314617331605, 6117336.61900897603482 ], [ 272419.775709123525303, 6117337.951162194833159 ], [ 272421.453981000755448, 6117339.118106422014534 ], [ 272629.867479085922241, 6117468.756355521269143 ], [ 272631.566569809161592, 6117469.701911991462111 ], [ 272631.597785092657432, 6117469.715500041842461 ], [ 272631.626538526441436, 6117469.731438666582108 ], [ 272632.201673615898471, 6117469.978373437188566 ], [ 272633.349452134105377, 6117470.478002796880901 ], [ 272633.414261841156986, 6117470.498999287374318 ], [ 272633.474635723920073, 6117470.524920868687332 ], [ 272634.165596530772746, 6117470.742410228587687 ], [ 272635.199273426667787, 6117471.077291966415942 ], [ 272635.299145955475979, 6117471.099210407584906 ], [ 272635.393081438611262, 6117471.128777884878218 ], [ 272636.125039669859689, 6117471.280464479699731 ], [ 272637.098548314417712, 6117471.494114739820361 ], [ 272637.234007588063832, 6117471.510280281305313 ], [ 272637.362475017784163, 6117471.536903094500303 ], [ 272638.103990098228678, 6117471.614102915860713 ], [ 272639.029323966416996, 6117471.724531113170087 ], [ 272639.199930202856194, 6117471.728202255442739 ], [ 272639.362900588486809, 6117471.745169253088534 ], [ 272640.095015468425117, 6117471.747462894767523 ], [ 272640.973349791776855, 6117471.766363084316254 ], [ 272641.177695115387905, 6117471.750854820944369 ], [ 272641.374128460709471, 6117471.751470226794481 ], [ 272642.08331198169617, 6117471.682125355117023 ], [ 272642.912249952845741, 6117471.619215237908065 ], [ 272643.147968747245613, 6117471.578021856024861 ], [ 272643.375819704204332, 6117471.555742298252881 ], [ 272644.051664970407728, 6117471.420095103792846 ], [ 272644.827697062224615, 6117471.284478483721614 ], [ 272645.091491110797506, 6117471.211394228972495 ], [ 272645.347731829620898, 6117471.159964802674949 ], [ 272645.982040716800839, 6117470.964667078107595 ], [ 272646.7015854215133, 6117470.765316909179091 ], [ 272646.989263333147392, 6117470.654552734456956 ], [ 272647.269923494779505, 6117470.568140117451549 ], [ 272647.85629045101814, 6117470.32072264328599 ], [ 272648.516202165104914, 6117470.066637871786952 ], [ 272648.822732620639727, 6117469.912932474166155 ], [ 272649.122956165170763, 6117469.786253182217479 ], [ 272649.656555324327201, 6117469.49482377525419 ], [ 272650.25439469027333, 6117469.195045610889792 ], [ 272650.573972579091787, 6117468.993769075721502 ], [ 272650.888090690074023, 6117468.82221098151058 ], [ 272651.365550613903906, 6117468.495217423886061 ], [ 272651.899732791585848, 6117468.158778822980821 ], [ 272652.22585737274494, 6117467.906027100048959 ], [ 272652.547476805571932, 6117467.685762576758862 ], [ 272652.966792004182935, 6117467.33179100882262 ], [ 272653.436663966975175, 6117466.967632784508169 ], [ 272653.762227647705004, 6117466.660311407409608 ], [ 272654.084333649079781, 6117466.388400522992015 ], [ 272767.827336175832897, 6117360.128115834668279 ], [ 272768.844001789053436, 6117359.107320935465395 ], [ 273080.898819246329367, 6117022.351992317475379 ], [ 273081.311195604852401, 6117021.855324904434383 ], [ 273081.952971237187739, 6117021.117470721714199 ], [ 273082.122608983656392, 6117020.878056019544601 ], [ 273082.288379073550459, 6117020.678401989862323 ], [ 273082.626793765637558, 6117020.166485323570669 ], [ 273083.102145925571676, 6117019.495606947690248 ], [ 273083.298010327271186, 6117019.151142452843487 ], [ 273083.487964204803575, 6117018.863801039755344 ], [ 273083.74143151124008, 6117018.37130266148597 ], [ 273084.08465337526286, 6117017.767682273872197 ], [ 273084.288230262172874, 6117017.308848090469837 ], [ 273084.483384204679169, 6117016.929655201733112 ], [ 273084.655960561009124, 6117016.480034791864455 ], [ 273084.890788759337738, 6117015.95076446980238 ], [ 273085.082316018873826, 6117015.369233058765531 ], [ 273085.262863799347542, 6117014.898844364099205 ], [ 273138.37347647669958, 6116850.276268816553056 ], [ 273138.868214991642162, 6116848.451808731071651 ], [ 273139.188492944580503, 6116846.588788915425539 ], [ 273139.331449115648866, 6116844.703852754086256 ], [ 273139.295806398440618, 6116842.813839421607554 ], [ 273139.081883209117223, 6116840.935633450746536 ], [ 273138.691590641567018, 6116839.086013891734183 ], [ 273138.128415394807234, 6116837.281504417769611 ], [ 273023.130605123122223, 6116522.038700793869793 ], [ 272999.487059442501049, 6116340.145266496576369 ], [ 272999.152410289971158, 6116338.272615948691964 ], [ 272998.641357719141524, 6116336.440230782143772 ], [ 272997.958525235648267, 6116334.664688631892204 ], [ 272997.110090442292858, 6116332.962052871473134 ], [ 272996.103729150025174, 6116331.347727292217314 ], [ 272994.948545934981667, 6116329.836316735483706 ], [ 272993.654991769057233, 6116328.441494973376393 ], [ 272990.982641090813559, 6116325.821670771576464 ], [ 272988.874618710309733, 6116324.023817584849894 ], [ 272940.040451665292494, 6116287.904400091618299 ], [ 272938.459875368280336, 6116286.847752515226603 ], [ 272936.786107089079451, 6116285.945962473750114 ], [ 272503.402485790371429, 6116078.391972852870822 ], [ 272645.578166714403778, 6116015.736355937086046 ], [ 272680.408473970368505, 6116055.701084097847342 ], [ 272680.614506907528266, 6116055.907669773325324 ], [ 272680.94101157807745, 6116056.288216409273446 ], [ 272682.30518496275181, 6116057.602883520536125 ], [ 272872.963699207932223, 6116224.667671512812376 ], [ 272874.445845336478669, 6116225.847142674028873 ], [ 272874.469328719715122, 6116225.862441859208047 ], [ 272874.490644624747802, 6116225.879356784746051 ], [ 272875.00565872550942, 6116226.21185539662838 ], [ 272876.032925291568972, 6116226.881109105423093 ], [ 272876.082594932755455, 6116226.907136932015419 ], [ 272876.12829371279804, 6116226.936640553176403 ], [ 272876.762619761866517, 6116227.263482737354934 ], [ 272877.710703325399663, 6116227.760296363383532 ], [ 272877.788598864804953, 6116227.792127668857574 ], [ 272877.861089855607133, 6116227.829479302279651 ], [ 272878.549636221781839, 6116228.103118685074151 ], [ 272879.464130149164703, 6116228.476818337105215 ], [ 272879.571587391779758, 6116228.509258490987122 ], [ 272879.672572601004504, 6116228.549391634762287 ], [ 272880.38731728278799, 6116228.755518329329789 ], [ 272881.277477921510581, 6116229.024247987195849 ], [ 272881.415098452649545, 6116229.051922262646258 ], [ 272881.54553402448073, 6116229.089538846164942 ], [ 272882.26893933780957, 6116229.223622133955359 ], [ 272883.134481323882937, 6116229.397674994543195 ], [ 272883.302112817473244, 6116229.415121000260115 ], [ 272883.462182193528861, 6116229.444789884611964 ], [ 272884.181135791586712, 6116229.506604050286114 ], [ 272885.018483456398826, 6116229.593749801628292 ], [ 272885.215210918395314, 6116229.595511722378433 ], [ 272885.404310179583263, 6116229.611770091578364 ], [ 272886.108162878488656, 6116229.603509134612978 ], [ 272886.91258524695877, 6116229.610713662579656 ], [ 272887.136733356048353, 6116229.591437039896846 ], [ 272887.353469012130518, 6116229.588893263600767 ], [ 272888.033269314852078, 6116229.514335406944156 ], [ 272888.799797031620983, 6116229.448414416052401 ], [ 272889.048943600733764, 6116229.402940196916461 ], [ 272889.291142932197545, 6116229.376376714557409 ], [ 272889.939304527710192, 6116229.240431563928723 ], [ 272890.663190948253032, 6116229.108307849615812 ], [ 272890.934191266016569, 6116229.031764421612024 ], [ 272891.198925279953983, 6116228.976239216513932 ], [ 272891.809072655101772, 6116228.78465614747256 ], [ 272892.486052775755525, 6116228.593444640748203 ], [ 272892.775074631499592, 6116228.481336604803801 ], [ 272893.058693346509244, 6116228.392281819134951 ], [ 272893.625585242407396, 6116228.151433961465955 ], [ 272894.252031856449321, 6116227.908442997373641 ], [ 272894.554600819130428, 6116227.756735408678651 ], [ 272894.852780527842697, 6116227.630051742307842 ], [ 273200.957312684273347, 6116079.575534218922257 ], [ 273271.388458026573062, 6116197.380630574189126 ], [ 273272.730066582851578, 6116199.348321232013404 ], [ 273299.490167596202809, 6116233.971568576060236 ], [ 273300.700654314656276, 6116235.395008285529912 ], [ 273302.038700922508724, 6116236.699266686104238 ], [ 273303.492628083622549, 6116237.872959367930889 ], [ 273305.049744981457479, 6116238.905841581523418 ], [ 273306.696460092614871, 6116239.788897662423551 ], [ 273308.418399822607171, 6116240.514419727958739 ], [ 273310.200533967814408, 6116241.076074950397015 ], [ 273312.027306908799801, 6116241.468960841186345 ], [ 273313.882773389865179, 6116241.689648036845028 ], [ 273469.118588722834829, 6116252.831705001182854 ], [ 273471.115437693428248, 6116252.875040261074901 ], [ 273473.106651486188639, 6116252.718990949913859 ], [ 273475.072371309099253, 6116252.365113380365074 ], [ 273476.992992626677733, 6116251.816936848685145 ], [ 273478.849360680498648, 6116251.079928432591259 ], [ 273690.218990622321144, 6116154.681835453025997 ], [ 273332.153982661664486, 6116529.321890164166689 ], [ 273330.93479270930402, 6116530.722255845554173 ], [ 273329.850721575261559, 6116532.229650272987783 ], [ 273328.911112457280979, 6116533.831081785261631 ], [ 273328.124063489667606, 6116535.512748251669109 ], [ 273327.496357948810328, 6116537.260156027972698 ], [ 273327.033405790454708, 6116539.058244869112968 ], [ 273326.739197023620363, 6116540.891517730429769 ], [ 273326.616267321980558, 6116542.744174328632653 ], [ 273326.665676169912331, 6116544.600247319787741 ], [ 273344.873362127225846, 6116793.410599041730165 ], [ 273345.104413628927432, 6116795.311679034493864 ], [ 273345.5162321429234, 6116797.181945177726448 ], [ 273346.105041818635073, 6116799.004249515943229 ], [ 273346.865444022056181, 6116800.761883841827512 ], [ 273347.790466834732797, 6116802.438732890412211 ], [ 273348.871628976950888, 6116804.01942209340632 ], [ 273350.099017570493743, 6116805.489458546973765 ], [ 273653.122725514578633, 6117134.979605653323233 ], [ 273654.642395785311237, 6117136.465207350440323 ], [ 273656.311122684157453, 6117137.781171130016446 ], [ 273805.836468917608727, 6117243.314023131504655 ], [ 273805.849589685327373, 6117243.322272937744856 ], [ 273805.863198557752185, 6117243.332855814136565 ], [ 273807.484122791094705, 6117244.360343143343925 ], [ 273807.568834896315821, 6117244.403264532797039 ], [ 273807.640500931360293, 6117244.448325226083398 ], [ 273808.131718481541611, 6117244.688462797552347 ], [ 273809.196065860451199, 6117245.227739539928734 ], [ 273809.390367795771454, 6117245.303768561221659 ], [ 273809.554980826971587, 6117245.384241609834135 ], [ 273810.120117576676421, 6117245.589314672164619 ], [ 273810.983264512440655, 6117245.927058179862797 ], [ 274432.649536787765101, 6117455.382913270033896 ], [ 274432.801424215023872, 6117455.425987796857953 ], [ 274432.951427894295193, 6117455.481965254992247 ], [ 274433.168165398528799, 6117455.539858933538198 ], [ 274433.368123910680879, 6117455.610041202045977 ], [ 274433.923711892974097, 6117455.744263057596982 ], [ 274434.520646847609896, 6117455.9135508723557 ], [ 274434.664920947747305, 6117455.93966368585825 ], [ 274434.808546416927129, 6117455.978028097189963 ], [ 274435.074520082678646, 6117456.02228133007884 ], [ 274435.32124967535492, 6117456.081887558102608 ], [ 274435.858628247107845, 6117456.155718102119863 ], [ 274436.434450536733493, 6117456.259938749484718 ], [ 274436.56935436220374, 6117456.270994861610234 ], [ 274436.704709704732522, 6117456.293515555560589 ], [ 274437.019099978206214, 6117456.315155532211065 ], [ 274437.311863158422057, 6117456.355378321371973 ], [ 274437.824376712203957, 6117456.373850861564279 ], [ 274438.372849831299391, 6117456.418801257386804 ], [ 274438.496925948478747, 6117456.416876618750393 ], [ 274438.622402103326749, 6117456.425513340160251 ], [ 274438.983160461182706, 6117456.415616936981678 ], [ 274439.319872405088972, 6117456.427753054536879 ], [ 274439.801784504845273, 6117456.396635972894728 ], [ 274440.317514117166866, 6117456.388636101037264 ], [ 274440.429620229697321, 6117456.375937329605222 ], [ 274440.543909084575716, 6117456.372802132740617 ], [ 274440.947773949766997, 6117456.322639391757548 ], [ 274441.325009879074059, 6117456.298281254246831 ], [ 274441.771561269997619, 6117456.223929543979466 ], [ 274442.250053535040934, 6117456.169728541746736 ], [ 274442.349373141478281, 6117456.148551317863166 ], [ 274442.451480883755721, 6117456.135868847370148 ], [ 274442.894012953736819, 6117456.037039067596197 ], [ 274443.30703702988103, 6117455.968269723467529 ], [ 274443.714488011144567, 6117455.857477435842156 ], [ 274444.152192885172553, 6117455.764148691669106 ], [ 274444.238240715989377, 6117455.736835439689457 ], [ 274444.327496461046394, 6117455.716902136802673 ], [ 274444.8031335179694, 6117455.561457714065909 ], [ 274445.245948567462619, 6117455.441049383953214 ], [ 274445.611604969832115, 6117455.300902956165373 ], [ 274446.005944448290393, 6117455.175731948576868 ], [ 274446.078566911048256, 6117455.144629369489849 ], [ 274446.154626274830662, 6117455.119772172532976 ], [ 274446.656757532735355, 6117454.900323622860014 ], [ 274447.122174382850062, 6117454.721941654570401 ], [ 274447.444396949897055, 6117454.559674859046936 ], [ 274447.793778087827377, 6117454.410042718052864 ], [ 274447.853148538793903, 6117454.377459796145558 ], [ 274447.915992361551616, 6117454.349994894117117 ], [ 274448.437052706838585, 6117454.059787249192595 ], [ 274448.916777075792197, 6117453.818204740062356 ], [ 274449.194974184327293, 6117453.641056423075497 ], [ 274449.498787024756894, 6117453.474321794696152 ], [ 274449.545396071509458, 6117453.44248884730041 ], [ 274449.595324244932272, 6117453.41468105558306 ], [ 274450.12690945022041, 6117453.047625511884689 ], [ 274450.611643096548505, 6117452.738960371352732 ], [ 274450.846247000386938, 6117452.554036458022892 ], [ 274451.104847718030214, 6117452.377417892217636 ], [ 274451.139488698041532, 6117452.348447237163782 ], [ 274451.17710923292907, 6117452.322470543906093 ], [ 274451.710114857938606, 6117451.873102244921029 ], [ 274452.189665572484955, 6117451.495101736858487 ], [ 274452.38209274422843, 6117451.309243005700409 ], [ 274452.596772337681614, 6117451.129703962244093 ], [ 274452.620522217883263, 6117451.105552732944489 ], [ 274452.64673571503954, 6117451.083452563732862 ], [ 274453.171526384016033, 6117450.546756433323026 ], [ 274453.634916973416694, 6117450.099183535203338 ], [ 274453.787513227201998, 6117449.918840761296451 ], [ 274453.960452389903367, 6117449.742979102768004 ], [ 274453.974648336181417, 6117449.725414764136076 ], [ 274453.990628135856241, 6117449.709072444587946 ], [ 274454.497254176239949, 6117449.080047882162035 ], [ 274454.932809873833321, 6117448.565295254811645 ], [ 274455.048781193851028, 6117448.39641328714788 ], [ 274455.182992135116365, 6117448.230356977321208 ], [ 274455.189204146910924, 6117448.220925979316235 ], [ 274455.196372398175299, 6117448.212025911547244 ], [ 274455.674878979043569, 6117447.484665230847895 ], [ 274456.070244188886136, 6117446.908918964676559 ], [ 274878.936683374689892, 6116759.497240698896348 ], [ 274879.00072126602754, 6116759.380550452508032 ], [ 274879.074271242774557, 6116759.270215425640345 ], [ 274879.472302801557817, 6116758.521231629885733 ], [ 274879.890413579938468, 6116757.759347555227578 ], [ 274879.943869944778271, 6116757.633874482475221 ], [ 274880.00762932759244, 6116757.513897200115025 ], [ 274880.328171632136218, 6116756.731839450076222 ], [ 274880.667411232716404, 6116755.935574396513402 ], [ 274880.709163640218321, 6116755.802296771667898 ], [ 274880.761929217842408, 6116755.673559539951384 ], [ 274898.420776724466123, 6116705.632198678329587 ], [ 275499.482230388501193, 6117199.658242200501263 ], [ 275501.052840155316517, 6117200.825260582379997 ], [ 275502.729972713976167, 6117201.833215604536235 ], [ 275504.497574773908127, 6117202.672459253109992 ], [ 275506.338727082707919, 6117203.334958399645984 ], [ 275508.235806374694221, 6117203.814371692016721 ], [ 275510.170654058398213, 6117204.106110247783363 ], [ 275512.124750028538983, 6117204.207381584681571 ], [ 275514.079389937629458, 6117204.117216347716749 ], [ 275516.015864231740125, 6117203.836477586068213 ], [ 275517.915637235797476, 6117203.367852493189275 ], [ 275519.760524574609008, 6117202.715826687403023 ], [ 275860.787532278103754, 6117063.069458890706301 ], [ 275862.611383475654293, 6117062.212932179681957 ], [ 275864.33979459060356, 6117061.17723617516458 ], [ 276001.140193382278085, 6116969.534182008355856 ], [ 276002.843855399114545, 6116968.256425529718399 ], [ 276004.401998014713172, 6116966.804765281267464 ], [ 276005.796955297002569, 6116965.195659919641912 ], [ 276007.012911478930619, 6116963.447353181429207 ], [ 276012.354512006801087, 6116954.821131044067442 ], [ 276013.301892506773584, 6116953.109443688765168 ], [ 276014.07750575710088, 6116951.313384807668626 ], [ 276014.673930295626633, 6116949.450140007771552 ], [ 276015.085459229128901, 6116947.537537761963904 ], [ 276015.308154839440249, 6116945.593878820538521 ], [ 276015.339886261732318, 6116943.637761101126671 ], [ 276015.180349873611704, 6116941.687901732511818 ], [ 275960.365450133103877, 6116524.252611048519611 ], [ 276051.37736943969503, 6116383.339848302304745 ], [ 276052.383245570468716, 6116381.595658825710416 ], [ 276053.208655061665922, 6116379.759172264486551 ], [ 276053.845232421590481, 6116377.849001333117485 ], [ 276054.286525964678731, 6116375.884505538269877 ], [ 276054.528063198842574, 6116373.885594964027405 ], [ 276054.56739615398692, 6116371.872528487816453 ], [ 276054.40412619226845, 6116369.865708456374705 ], [ 276054.039908048114739, 6116367.885473908856511 ], [ 276053.478433057491202, 6116365.951894441619515 ], [ 276052.725391746673267, 6116364.08456680458039 ], [ 275903.751015274145175, 6116042.384391545318067 ], [ 275931.783768899040297, 6115803.715469227172434 ], [ 276260.075641533941962, 6115952.846166536211967 ], [ 276817.23499379795976, 6116507.50408430211246 ], [ 277008.960552792123053, 6116879.003997644409537 ], [ 277031.041244278138038, 6117047.491195571608841 ], [ 277031.046976544370409, 6117047.521931856870651 ], [ 277031.383870016725268, 6117049.389626572839916 ], [ 277031.417545377102215, 6117049.508913789875805 ], [ 277031.437573740666267, 6117049.616305435076356 ], [ 277031.601912378217094, 6117050.161991477943957 ], [ 277031.909021764819045, 6117051.249855830334127 ], [ 277218.355483387538698, 6117607.368639587424695 ], [ 276936.376299160707276, 6118072.155586073175073 ], [ 276763.985409059387166, 6118207.560515098273754 ], [ 276763.631977219018154, 6118207.867439279332757 ], [ 276763.271350705006626, 6118208.148576634004712 ], [ 276762.897904730460141, 6118208.504916076548398 ], [ 276762.497728603193536, 6118208.852433522231877 ], [ 276762.167511217179708, 6118209.201852275058627 ], [ 276761.82792684645392, 6118209.525881220586598 ], [ 276761.499687505012844, 6118209.908508369699121 ], [ 276761.144389105320442, 6118210.284466537646949 ], [ 276760.842394932173193, 6118210.67471141461283 ], [ 276760.52890710911015, 6118211.040142783895135 ], [ 276760.247328186873347, 6118211.44367244001478 ], [ 276759.938525559206028, 6118211.842715382575989 ], [ 276759.669651725504082, 6118212.271538325585425 ], [ 276759.387218169402331, 6118212.676292753778398 ], [ 276759.153137533576228, 6118213.095319251529872 ], [ 276758.891841613163706, 6118213.512056291103363 ], [ 276758.660807609092444, 6118213.976636422798038 ], [ 276758.414221089158673, 6118214.418049637228251 ], [ 276758.227871972252615, 6118214.847215176559985 ], [ 276758.014495979528874, 6118215.276287283748388 ], [ 276757.825778040103614, 6118215.773245105519891 ], [ 276757.619598260615021, 6118216.248081035912037 ], [ 276757.48062793695135, 6118216.682141439989209 ], [ 276757.315003838099074, 6118217.118285410106182 ], [ 276757.172770509670954, 6118217.643704424612224 ], [ 276757.011257055564784, 6118218.148176122456789 ], [ 276756.918752474535722, 6118218.582063296809793 ], [ 276756.800154190859757, 6118219.020172944292426 ], [ 276756.708203937567305, 6118219.569628548808396 ], [ 276756.595251138787717, 6118220.09942685905844 ], [ 276756.547771057463251, 6118220.52830720320344 ], [ 276756.474943970737513, 6118220.963490897789598 ], [ 276756.436645617475733, 6118221.532086379826069 ], [ 276756.375720227137208, 6118222.082416152581573 ], [ 276756.371333280636463, 6118222.50174424983561 ], [ 276756.342529543151613, 6118222.92937817145139 ], [ 276756.360766362282448, 6118223.511787508614361 ], [ 276756.354848894872703, 6118224.0774110769853 ], [ 276756.391176979639567, 6118224.48297811858356 ], [ 276756.404196071787737, 6118224.898754619061947 ], [ 276756.481314278556965, 6118225.489271676167846 ], [ 276756.532844834728166, 6118226.064559235237539 ], [ 276756.607111133285798, 6118226.452535625547171 ], [ 276756.659345044870861, 6118226.852506229653955 ], [ 276756.797107425576542, 6118227.445099912583828 ], [ 276756.90793679113267, 6118228.024086317047477 ], [ 276757.017017713165842, 6118228.391058064997196 ], [ 276757.105500084639061, 6118228.771670639514923 ], [ 276757.305045433226041, 6118229.360045436769724 ], [ 276757.476392186188605, 6118229.936492869630456 ], [ 276757.61687245813664, 6118230.279491386376321 ], [ 276757.738330981519539, 6118230.637621178291738 ], [ 276758.000139966316056, 6118231.215282478369772 ], [ 276758.232554262853228, 6118231.782748343423009 ], [ 276758.400784388941247, 6118232.099273446016014 ], [ 276758.551695721922442, 6118232.432247644290328 ], [ 276758.875563718553167, 6118232.992571095004678 ], [ 276759.168898376112338, 6118233.54448046348989 ], [ 276759.361053644795902, 6118233.832516361959279 ], [ 276759.537700100161601, 6118234.138132083229721 ], [ 276759.922717498382553, 6118234.674436303786933 ], [ 276760.276106871140655, 6118235.204158054664731 ], [ 276760.488247099041473, 6118235.462182293646038 ], [ 276760.686774336441886, 6118235.738717836327851 ], [ 277331.716556500294246, 6118953.664245168678463 ], [ 277301.078936356992926, 6119263.752412949688733 ], [ 277300.983527520380449, 6119265.473756678402424 ], [ 277295.005195198522415, 6119753.185936619527638 ], [ 277295.078504945267923, 6119755.159338199533522 ], [ 277295.346069737744983, 6119757.115890573710203 ], [ 277295.805281027685851, 6119759.036518883891404 ], [ 277296.451661863247864, 6119760.902498500421643 ], [ 277297.278910535096657, 6119762.695637577213347 ], [ 277298.278962013777345, 6119764.398454406298697 ], [ 277299.442066577204969, 6119765.994347851723433 ], [ 277300.756884862668812, 6119767.467759196646512 ], [ 277302.210598417092115, 6119768.804323827847838 ], [ 277303.789034666784573, 6119769.991011285223067 ], [ 277305.476805089158006, 6119771.016252288594842 ], [ 277307.257455238432158, 6119771.870051538571715 ], [ 277309.113625164143741, 6119772.544085158035159 ], [ 277311.027218656730838, 6119773.031781845726073 ], [ 277312.979579671751708, 6119773.328386938199401 ], [ 277314.951674211595673, 6119773.431008767336607 ], [ 277316.924275892146397, 6119773.338646850548685 ], [ 277318.878153385070618, 6119773.052201643586159 ], [ 277320.794257908302825, 6119772.574465764686465 ], [ 277322.653908936830703, 6119771.910096766427159 ], [ 277324.438976322999224, 6119771.065571728162467 ], [ 277326.132057051698212, 6119770.049124110490084 ], [ 277327.716644905973226, 6119768.870663484558463 ], [ 277329.177291389729362, 6119767.541678923182189 ], [ 277330.499756338598672, 6119766.075126990675926 ], [ 277331.67114675056655, 6119764.485305422917008 ], [ 277332.680042482446879, 6119762.787713741883636 ], [ 277333.516607587342151, 6119760.998902142047882 ], [ 277536.959729645808693, 6119263.322909324429929 ], [ 277537.067894884967245, 6119263.01015657465905 ], [ 277537.222300444031134, 6119262.645739675499499 ], [ 277537.486464671674185, 6119261.799889275804162 ], [ 277537.679562620294746, 6119261.241559123620391 ], [ 277537.729047901404556, 6119261.023140949197114 ], [ 277537.806746684422251, 6119260.77435046248138 ], [ 277538.039596491376869, 6119259.652441324666142 ], [ 277538.16618996131001, 6119259.093682962469757 ], [ 277538.178914531657938, 6119258.981183811090887 ], [ 277538.205159710138105, 6119258.854730172082782 ], [ 277538.413711095636245, 6119256.905324797146022 ], [ 277545.334305475465953, 6119136.771573770791292 ], [ 277792.954855545831379, 6118463.812432826496661 ], [ 278164.101903157017659, 6118201.284235710278153 ], [ 278165.623202684801072, 6118200.093896692618728 ], [ 278167.022575163689908, 6118198.76235026307404 ], [ 278168.286967040039599, 6118197.302017282694578 ], [ 278169.404583879048005, 6118195.726519954390824 ], [ 278170.365000385441817, 6118194.050554750487208 ], [ 278171.15925765177235, 6118192.28975532297045 ], [ 278171.779946728725918, 6118190.460546668618917 ], [ 278172.221277736651246, 6118188.579991917125881 ], [ 278172.479133874527179, 6118186.665633162483573 ], [ 278172.551109822175931, 6118184.735327825881541 ], [ 278172.4365341772791, 6118182.807082081213593 ], [ 278172.136475718347356, 6118180.898882891051471 ], [ 278171.653733435203321, 6118179.02853021863848 ], [ 278170.992810419353191, 6118177.213470991700888 ], [ 278170.15987185848644, 6118175.470636351034045 ], [ 278169.16268752689939, 6118173.81628371682018 ], [ 278168.010559307585936, 6118172.265845134854317 ], [ 278108.056208516238257, 6118099.234479162842035 ], [ 278170.133503377495799, 6118071.353546530008316 ], [ 278171.939426701981574, 6118070.429675807245076 ], [ 278173.642477072018664, 6118069.327625171281397 ], [ 278175.225134798907675, 6118068.058731682598591 ], [ 278176.671118702099193, 6118066.636048752814531 ], [ 278177.965553597605322, 6118065.074211863800883 ], [ 278179.095123322447762, 6118063.389288007281721 ], [ 278180.048207721323706, 6118061.598610399290919 ], [ 278180.815002185758203, 6118059.720600171945989 ], [ 278181.387618516921066, 6118057.774576866999269 ], [ 278181.760166072810534, 6118055.780559693463147 ], [ 278181.928812367201317, 6118053.759061587043107 ], [ 278181.89182249509031, 6118051.73087818454951 ], [ 278181.649576980271377, 6118049.716873895376921 ], [ 278181.204567860579118, 6118047.737767266109586 ], [ 278055.059952038922347, 6117595.307042743079364 ], [ 278054.420956793823279, 6117593.393922262825072 ], [ 278053.592517040437087, 6117591.55489195510745 ], [ 278052.583058725402225, 6117589.80865634419024 ], [ 278051.402848910074681, 6117588.172976152971387 ], [ 278050.063891345926095, 6117586.66448765899986 ], [ 278048.579804385954048, 6117585.298533489927649 ], [ 278046.965682474139612, 6117584.08900657761842 ], [ 278045.237942622043192, 6117583.048208855092525 ], [ 278043.414157433784567, 6117582.186726130545139 ], [ 278041.512876377149951, 6117581.513320428319275 ], [ 278039.553437119990122, 6117581.034840863198042 ], [ 278037.555768848920707, 6117580.756153985857964 ], [ 277735.591751645843033, 6117554.064378414303064 ], [ 277733.435063576325774, 6117553.990612907335162 ], [ 277731.282981919124722, 6117554.149639069102705 ], [ 277729.160560911870562, 6117554.539605538360775 ], [ 277727.092509486887138, 6117555.155972380191088 ], [ 277725.102903613238595, 6117555.991563934832811 ], [ 277658.993063473957591, 6117588.055557519197464 ], [ 277587.269537882064469, 6117508.044605286791921 ], [ 277632.595156031369697, 6117198.396385719999671 ], [ 277755.88218336366117, 6116886.078173597343266 ], [ 277756.497494746930897, 6116884.271379538811743 ], [ 277756.937769638025202, 6116882.414158256724477 ], [ 277757.198998109088279, 6116880.52342491876334 ], [ 277757.278800948057324, 6116878.616399912163615 ], [ 277757.176451328094117, 6116876.710452005267143 ], [ 277756.892881427251268, 6116874.822940156795084 ], [ 277756.430673938360997, 6116872.971055411733687 ], [ 277755.794038546620868, 6116871.171664334833622 ], [ 277754.988773588440381, 6116869.441155388019979 ], [ 277754.022213241725694, 6116867.795289669185877 ], [ 277752.903160727466457, 6116866.249057364650071 ], [ 277658.008950026181992, 6116747.502050111070275 ], [ 277684.950365845637862, 6116672.938812591135502 ], [ 277685.515054684947245, 6116671.105160214006901 ], [ 277685.901442267408129, 6116669.225836089812219 ], [ 277686.105972712044604, 6116667.31813542637974 ], [ 277686.126763748354279, 6116665.39961457438767 ], [ 277685.963624038966373, 6116663.487929464317858 ], [ 277685.618054939899594, 6116661.600673115812242 ], [ 277685.093236684391741, 6116659.755213735625148 ], [ 277684.393999115214683, 6116657.968534875661135 ], [ 277606.847958693164401, 6116484.796808594837785 ], [ 277640.663542677939404, 6116362.918113232590258 ], [ 277641.104575140634552, 6116360.94705974496901 ], [ 277641.344556564290542, 6116358.941574666649103 ], [ 277641.381039401516318, 6116356.922111745923758 ], [ 277641.213651567348279, 6116354.909267292357981 ], [ 277640.844100234215148, 6116352.923570110462606 ], [ 277640.276154420513194, 6116350.985272136516869 ], [ 277639.515606551023666, 6116349.11414188425988 ], [ 277492.724229767220095, 6116034.524934603832662 ], [ 277492.645346241653897, 6116034.376912789419293 ], [ 277492.571805953863077, 6116034.20567437261343 ], [ 277492.003816902346443, 6116033.173108365386724 ], [ 277491.726693942153361, 6116032.653098094277084 ], [ 277491.679376939602662, 6116032.583298268727958 ], [ 277491.634671543550212, 6116032.50202685687691 ], [ 277490.536534240702167, 6116030.897430265322328 ], [ 277385.116223117336631, 6115891.87421234510839 ], [ 277361.072936717246193, 6115821.240131941623986 ], [ 277360.270637620415073, 6115819.242640277370811 ], [ 277359.258307698415592, 6115817.342944269999862 ], [ 277358.047673924767878, 6115815.563050269149244 ], [ 277356.652760453172959, 6115813.923576817847788 ], [ 277175.137997785641346, 6115622.493030495941639 ], [ 277364.343916880781762, 6115551.641401388682425 ], [ 277365.574203052325174, 6115551.133402897045016 ], [ 277484.316664817510173, 6115497.411340108141303 ], [ 277485.813402670668438, 6115496.657097761519253 ], [ 277487.24173344753217, 6115495.78018447663635 ], [ 277488.591626317705959, 6115494.786758607253432 ], [ 277505.53895950014703, 6115481.184163357131183 ], [ 277552.555828209035099, 6115489.809114371426404 ], [ 277579.081857948855031, 6115513.870785103179514 ], [ 277580.724294417421333, 6115515.209124790504575 ], [ 277582.499091083591338, 6115516.366210553795099 ], [ 277584.386331397923641, 6115517.329057721421123 ], [ 277586.364836982276756, 6115518.086861339397728 ], [ 277588.412405291048344, 6115518.631117429584265 ], [ 277590.506058765109628, 6115518.955718418583274 ], [ 277674.309687564731576, 6115527.433911032043397 ], [ 277675.098106395686045, 6115527.497950810007751 ], [ 277868.297461495851167, 6115539.35030035302043 ], [ 277868.980781652324367, 6115539.360699631273746 ], [ 277869.693767640856095, 6115539.387093308381736 ], [ 277869.917603524168953, 6115539.374956888146698 ], [ 277870.138733459170908, 6115539.378322209231555 ], [ 277870.8115812279284, 6115539.326485263183713 ], [ 277871.51383774750866, 6115539.288408793509007 ], [ 277871.7450061844429, 6115539.254573157988489 ], [ 277871.974777931231074, 6115539.236871285364032 ], [ 277872.631506308331154, 6115539.124818010255694 ], [ 277873.317364631860983, 6115539.024430377408862 ], [ 277873.553697897645179, 6115538.9674704791978 ], [ 277873.790029534429777, 6115538.927146755158901 ], [ 277874.425282406853512, 6115538.757405406795442 ], [ 277875.089368227461819, 6115538.597350661642849 ], [ 277875.32850141270319, 6115538.516062756069005 ], [ 277875.569099166139495, 6115538.451774361543357 ], [ 278404.145393112499733, 6115370.790106014348567 ], [ 278405.97991496429313, 6115370.10772451851517 ], [ 278407.738949423131999, 6115369.249288322404027 ], [ 278409.405648831103463, 6115368.223019344732165 ], [ 278410.964049895701464, 6115367.038746972568333 ], [ 278412.399226583016571, 6115365.707813913933933 ], [ 278413.697433076042216, 6115364.242967562749982 ], [ 278464.853028263838496, 6115300.490490324795246 ], [ 278465.835479806584772, 6115299.156467956490815 ], [ 278466.704148152843118, 6115297.745708581060171 ], [ 278467.453072442323901, 6115296.267892922274768 ], [ 278518.98004832060542, 6115183.207922179251909 ], [ 278519.733723524317611, 6115181.300692217424512 ], [ 278520.288131831388455, 6115179.326310321688652 ], [ 278520.637444258609321, 6115177.305534908547997 ], [ 278520.77798817679286, 6115175.259612170979381 ], [ 278520.708285923756193, 6115173.210052696987987 ], [ 278520.429070340818726, 6115171.178405311889946 ], [ 278519.9432770673302, 6115169.186030513606966 ], [ 278477.029488697415218, 6115025.615451253019273 ], [ 278613.482650365156587, 6114646.96506264898926 ], [ 278614.055643112631515, 6114645.092162296175957 ], [ 278614.442696072917897, 6114643.172197082079947 ], [ 278614.640097334166057, 6114641.223579838871956 ], [ 278614.645953780447599, 6114639.26499817892909 ], [ 278614.460209247423336, 6114637.315235272981226 ], [ 278614.084645060647745, 6114635.392989722080529 ], [ 278613.522862952377182, 6114633.516696225851774 ], [ 278612.780250520212576, 6114631.704348799772561 ], [ 278393.631094296579249, 6114163.616771267727017 ], [ 278365.570252682082355, 6113990.641686520539224 ], [ 278365.153505864262115, 6113988.692818543873727 ], [ 278365.15328508609673, 6113988.692130159586668 ], [ 278365.15313399763545, 6113988.691423736512661 ], [ 278364.950334052613471, 6113988.059330577030778 ], [ 278364.544871521007735, 6113986.795101879164577 ], [ 278364.544295138271991, 6113986.793775892816484 ], [ 278364.543853752838913, 6113986.792400169186294 ], [ 278364.226390080410056, 6113986.062425551004708 ], [ 278363.750393032794818, 6113984.967379735782743 ], [ 278363.749334804480895, 6113984.96548667922616 ], [ 278363.748470497841481, 6113984.963499296456575 ], [ 278363.332429546513595, 6113984.219688137993217 ], [ 278362.777959102764726, 6113983.227800316177309 ], [ 278362.776303933816962, 6113983.225429195910692 ], [ 278362.774893350549974, 6113983.222907310351729 ], [ 278362.269133002671879, 6113982.498878958635032 ], [ 278361.637225426966324, 6113981.593636620789766 ], [ 278361.6348717653309, 6113981.590893346816301 ], [ 278361.632803350221366, 6113981.58793227840215 ], [ 278361.044798722141422, 6113980.9031429188326 ], [ 278360.339518818538636, 6113980.081114931963384 ], [ 278360.336380833643489, 6113980.07812044583261 ], [ 278360.33355719113024, 6113980.074832036159933 ], [ 278359.670705882017501, 6113979.442886625416577 ], [ 278358.897724739508703, 6113978.705253697000444 ], [ 278358.893734245270025, 6113978.702141826972365 ], [ 278358.890074294293299, 6113978.698652523569763 ], [ 278358.160083700611722, 6113978.130025913007557 ], [ 278357.326159355405252, 6113977.479714409448206 ], [ 278357.321267497434746, 6113977.47662952914834 ], [ 278357.316708339436445, 6113977.473078169859946 ], [ 278356.527708990150131, 6113976.976199352182448 ], [ 278355.640427384583745, 6113976.416665950790048 ], [ 278355.634605986415409, 6113976.413760403171182 ], [ 278355.629104535037186, 6113976.410295818932354 ], [ 278354.789661696762778, 6113975.992035956121981 ], [ 278353.85726715211058, 6113975.526663767173886 ], [ 278353.850509762763977, 6113975.524095149710774 ], [ 278353.844044046010822, 6113975.520873548462987 ], [ 278352.963120156782679, 6113975.186780747026205 ], [ 278351.994384388439357, 6113974.818545054644346 ], [ 278351.986706976254936, 6113974.816473370417953 ], [ 278351.979277125385124, 6113974.813655579462647 ], [ 278207.387632733560167, 6113928.079888977110386 ], [ 278259.610072523064446, 6113808.147944454103708 ], [ 278260.289075981418137, 6113806.35937980376184 ], [ 278260.794082286185585, 6113804.514121600426733 ], [ 278261.120470617956016, 6113802.629053998738527 ], [ 278261.265254515921697, 6113800.72142541129142 ], [ 278261.227109204104636, 6113798.808690682984889 ], [ 278261.006383712985553, 6113796.908351380378008 ], [ 278260.605097685940564, 6113795.037795652635396 ], [ 278260.026922899240162, 6113793.214139128103852 ], [ 278259.277149665635079, 6113791.454068304039538 ], [ 278258.362638427293859, 6113789.773687871173024 ], [ 278210.221415373613127, 6113710.588068454526365 ], [ 278209.130489922652487, 6113708.975988167338073 ], [ 278207.888020207581576, 6113707.477592292241752 ], [ 278144.887932321173139, 6113638.61607263609767 ], [ 278161.454542465100531, 6113440.054200629703701 ], [ 278161.520425579452422, 6113438.024390315636992 ], [ 278161.38011987839127, 6113435.998363463208079 ], [ 278161.035072078695521, 6113433.997010792605579 ], [ 278160.488840029051062, 6113432.04096860345453 ], [ 278159.747056024440099, 6113430.150405992753804 ], [ 278158.817368730437011, 6113428.344816883094609 ], [ 278142.801379653916229, 6113400.775644193403423 ], [ 278181.880822046601679, 6113368.634329936467111 ], [ 278183.480388672673143, 6113367.166154762730002 ], [ 278184.911378713266458, 6113365.533237362280488 ], [ 278186.156927407893818, 6113363.754822286777198 ], [ 278187.202355492569041, 6113361.851868831552565 ], [ 278229.56786502461182, 6113273.710961145348847 ], [ 278230.294850741571281, 6113271.998806240968406 ], [ 278230.859625318960752, 6113270.2265161043033 ], [ 278231.257303481281269, 6113268.409420969896019 ], [ 278231.484445329639129, 6113266.563238630071282 ], [ 278231.539086096978281, 6113264.703938483260572 ], [ 278225.829645197431091, 6112931.630121138878167 ], [ 278326.217516985198017, 6112793.469207179732621 ], [ 278327.260376693157014, 6112791.880325954407454 ], [ 278328.147710676072165, 6112790.199630169197917 ], [ 278328.871506086317822, 6112788.442296926863492 ], [ 278329.425226870458573, 6112786.624195386655629 ], [ 278329.803872791526373, 6112784.761743457987905 ], [ 278330.004024582274724, 6112782.87175954785198 ], [ 278330.023874822014477, 6112780.971310683526099 ], [ 278329.863244258100167, 6112779.077558391727507 ], [ 278329.523583424743265, 6112777.207603730261326 ], [ 278329.007959544018377, 6112775.378332855179906 ], [ 278328.321028828446288, 6112773.606264540925622 ], [ 278327.468994433991611, 6112771.907401005737484 ], [ 278046.786992098204792, 6112272.934330587275326 ], [ 278045.790615487203468, 6112271.342833751812577 ], [ 278044.64937970158644, 6112269.85179069172591 ], [ 278043.373343674989883, 6112268.474343565292656 ], [ 278041.973754479840863, 6112267.222633290104568 ], [ 278040.462948195170611, 6112266.107692530378699 ], [ 278038.854241175344214, 6112265.139348452910781 ], [ 278037.161812678794377, 6112264.326136112213135 ], [ 277838.863955841516145, 6112180.260887064039707 ], [ 277844.362962092971429, 6112111.022599324584007 ], [ 277844.423798043164425, 6112109.160244231112301 ], [ 277844.311047499941196, 6112107.300310139544308 ], [ 277844.025689157017041, 6112105.45894159283489 ], [ 277843.570199972949922, 6112103.652121980674565 ], [ 277842.948533670743927, 6112101.89553480129689 ], [ 277842.166086418845225, 6112100.204427529126406 ], [ 277841.229649991320912, 6112098.593479259870946 ], [ 277722.876557303708978, 6111915.221395985223353 ], [ 277722.762292049650569, 6111915.065246381796896 ], [ 277722.630613454384729, 6111914.849503887817264 ], [ 277722.586667806492187, 6111914.790835929103196 ], [ 277722.548509769665543, 6111914.729257717728615 ], [ 277722.053288004477508, 6111914.078767599537969 ], [ 277721.495721690705977, 6111913.334409992210567 ], [ 277721.493660157022532, 6111913.331592795439065 ], [ 277721.493409272108693, 6111913.331322886049747 ], [ 277721.49313657998573, 6111913.330958838574588 ], [ 277721.436782824224792, 6111913.268967716954648 ], [ 277721.386637368006632, 6111913.203100007027388 ], [ 277653.525139201083221, 6111832.417007092386484 ], [ 277755.862992665322963, 6111606.26206161826849 ], [ 277756.6048738588579, 6111604.372760290279984 ], [ 277756.606431329855695, 6111604.36719009373337 ], [ 277756.608531828445848, 6111604.361836357042193 ], [ 277756.789128599688411, 6111603.71378487534821 ], [ 277757.151441932888702, 6111602.417994177900255 ], [ 277757.153411687235348, 6111602.406595421954989 ], [ 277757.156499303993769, 6111602.395515851676464 ], [ 277757.292043081135489, 6111601.604350501671433 ], [ 277757.497067445016, 6111600.417896625585854 ], [ 277757.49827385955723, 6111600.400587041862309 ], [ 277757.501187072717585, 6111600.383582695387304 ], [ 277757.55892010172829, 6111599.530437360517681 ], [ 277757.638190584431868, 6111598.393067874014378 ], [ 277757.637451604823582, 6111598.369944195263088 ], [ 277757.639004621363711, 6111598.346994614228606 ], [ 277757.608559379004873, 6111597.465867095626891 ], [ 277757.573357836692594, 6111596.364362886175513 ], [ 277757.569509197201114, 6111596.335700698196888 ], [ 277757.568516344414093, 6111596.306966162286699 ], [ 277757.446399801585358, 6111595.418861218728125 ], [ 277757.303236954379827, 6111594.352676548063755 ], [ 277757.295156237785704, 6111594.318927059881389 ], [ 277757.290456497808918, 6111594.284747724421322 ], [ 277757.076446225517429, 6111593.405474539846182 ], [ 277756.830610079341568, 6111592.378728461451828 ], [ 277756.817240244883578, 6111592.340512257069349 ], [ 277756.807721550925635, 6111592.301404169760644 ], [ 277756.503635755972937, 6111591.444108239375055 ], [ 277756.16034508793382, 6111590.462849535979331 ], [ 277756.140717099187896, 6111590.42094736546278 ], [ 277756.125340014405083, 6111590.377595415338874 ], [ 277755.734498743840959, 6111589.553745380602777 ], [ 277755.29934545350261, 6111588.624772594310343 ], [ 277755.272599659336265, 6111588.580113356932998 ], [ 277755.250420060066972, 6111588.533361222594976 ], [ 277754.777355213707779, 6111587.753170658834279 ], [ 277754.256479143397883, 6111586.883429126814008 ], [ 277754.221885068633128, 6111586.837075183168054 ], [ 277754.192075476865284, 6111586.78791244700551 ], [ 277753.642342813662253, 6111586.060524017550051 ], [ 277753.042487282305956, 6111585.25675430521369 ], [ 277752.999461509869434, 6111585.209884328767657 ], [ 277752.961330735241063, 6111585.159430924803019 ], [ 277752.341366885520983, 6111584.492991228587925 ], [ 277751.669873522943817, 6111583.761502259410918 ], [ 277244.92379523004638, 6111085.087558748200536 ], [ 277243.452039158029947, 6111083.775593969970942 ], [ 277241.858256442006677, 6111082.614915648475289 ], [ 277240.15793593035778, 6111081.616803594864905 ], [ 277238.367601837322582, 6111080.790957756340504 ], [ 277236.504653155629057, 6111080.145403944887221 ], [ 277234.587194567895494, 6111079.686415842734277 ], [ 277232.633860499947332, 6111079.418454030528665 ], [ 277230.663634026132058, 6111079.344122640788555 ], [ 277060.758392781834118, 6111081.315321887843311 ], [ 277012.68370112311095, 6111043.936197604052722 ], [ 276730.958228040894028, 6110242.451895864680409 ], [ 276749.995501133380458, 6109784.493419762700796 ], [ 276749.978595647844486, 6109782.494245399720967 ], [ 276749.76218234479893, 6109780.506747169420123 ], [ 276749.348423725459725, 6109778.550785070285201 ], [ 276748.741454256291036, 6109776.645903972908854 ], [ 276747.947339055186603, 6109774.811138326302171 ], [ 276746.974013286526315, 6109773.064821952953935 ], [ 276745.831202868837863, 6109771.424404847435653 ], [ 276744.53032728942344, 6109769.906278812326491 ], [ 276743.084385495167226, 6109768.525613661855459 ], [ 276741.507826001325157, 6109767.296205637045205 ], [ 276739.816402515396476, 6109766.230339546687901 ], [ 276738.02701651857933, 6109765.338666016235948 ], [ 276736.157548378570937, 6109764.630095058120787 ], [ 276734.226678680628538, 6109764.111707037314773 ], [ 276732.253701562643982, 6109763.788681926205754 ], [ 276730.258331919205375, 6109763.66424754075706 ], [ 276728.260508401319385, 6109763.739647286944091 ], [ 276526.243984770728275, 6109781.507151794619858 ], [ 276413.015651102061383, 6109642.891635609790683 ], [ 276411.917745679267682, 6109641.655578650534153 ], [ 276411.823543064063415, 6109641.565714042633772 ], [ 276411.749190210539382, 6109641.483015119098127 ], [ 276411.40274190454511, 6109641.164290675893426 ], [ 276410.721503091801424, 6109640.514422746375203 ], [ 276410.516184419975616, 6109640.348678257316351 ], [ 276410.355146215879358, 6109640.200526827014983 ], [ 276006.720303889247589, 6109302.721031900495291 ], [ 276004.455816367233638, 6109275.516183418221772 ], [ 276104.665402493264992, 6109146.717275971546769 ], [ 276105.604063574399333, 6109145.394211585633457 ], [ 276105.684488990460522, 6109145.281206987798214 ], [ 276105.685654615459498, 6109145.279207136482 ], [ 276105.687032122397795, 6109145.277265508659184 ], [ 276106.57768026611302, 6109143.752764568664134 ], [ 276106.587523460853845, 6109143.731879573315382 ], [ 276106.598820715385955, 6109143.71249698381871 ], [ 276106.833377255010419, 6109143.210234359838068 ], [ 276107.330405753222294, 6109142.155654185451567 ], [ 276107.347158949531149, 6109142.11005892790854 ], [ 276107.367114002758171, 6109142.067328602075577 ], [ 276232.865970117563847, 6108838.04881907813251 ], [ 276233.537657450593542, 6108836.157821953296661 ], [ 276234.016464922809973, 6108834.209033250808716 ], [ 276234.297572099196259, 6108832.222072567790747 ], [ 276234.378148909425363, 6108830.216943799518049 ], [ 276234.257384139578789, 6108828.213833750225604 ], [ 276223.694308207312133, 6108732.927618028596044 ], [ 276302.152142631879542, 6108629.838769853115082 ], [ 276303.234658968285657, 6108628.265914393588901 ], [ 276304.162254685361404, 6108626.596997949294746 ], [ 276304.926475406799, 6108624.847231506370008 ], [ 276305.520355803484563, 6108623.03256294503808 ], [ 276305.93848307733424, 6108621.169531678780913 ], [ 276306.177046295255423, 6108619.275117916055024 ], [ 276306.233871122938581, 6108617.366587892174721 ], [ 276306.108439642412122, 6108615.461336502805352 ], [ 276305.801895072567277, 6108613.576728760264814 ], [ 276305.317031349579338, 6108611.729941527359188 ], [ 276208.662606868310831, 6108304.184066656976938 ], [ 276318.242241742555052, 6107992.160227883607149 ], [ 276318.686335615406279, 6107990.673371219076216 ], [ 276318.777891470992472, 6107990.372096832841635 ], [ 276318.780898495810106, 6107990.356768227182329 ], [ 276318.785672123543918, 6107990.340785794891417 ], [ 276319.154104266315699, 6107988.478007265366614 ], [ 276319.15899905184051, 6107988.429363332688808 ], [ 276319.167793404543772, 6107988.38453325163573 ], [ 276319.217618493072223, 6107987.8468086598441 ], [ 276319.3442170440685, 6107986.588683782145381 ], [ 276319.344826074142475, 6107986.473953206092119 ], [ 276319.354668960382696, 6107986.367726360447705 ], [ 276319.34885165526066, 6107985.715604385361075 ], [ 276319.354296739445999, 6107984.689846113324165 ], [ 276319.338093718222808, 6107984.509635806083679 ], [ 276319.336601527524181, 6107984.342360695824027 ], [ 276319.264414665172808, 6107983.690175992436707 ], [ 276319.184252491744701, 6107982.798610790632665 ], [ 276319.138792051875498, 6107982.555216746404767 ], [ 276319.113776407029945, 6107982.329208572395146 ], [ 276318.98181165556889, 6107981.71474767755717 ], [ 276318.835617116536014, 6107980.932025815360248 ], [ 276318.748715025489219, 6107980.629391456022859 ], [ 276318.688478911528364, 6107980.348917040973902 ], [ 276318.50774701271439, 6107979.790226376615465 ], [ 276318.311533288098872, 6107979.106916987337172 ], [ 276318.171423803432845, 6107978.750561335124075 ], [ 276318.065070926619228, 6107978.421796132810414 ], [ 276317.848211151256692, 6107977.92849953379482 ], [ 276317.616725210798904, 6107977.339736229740083 ], [ 276317.412180481362157, 6107976.936649174429476 ], [ 276317.249946175259538, 6107976.567610558122396 ], [ 276317.010175143775996, 6107976.144435420632362 ], [ 276316.757456034247298, 6107975.64641329087317 ], [ 276316.477841472718865, 6107975.204912521876395 ], [ 276316.2514646431664, 6107974.805376992560923 ], [ 276316.002003705245443, 6107974.453582766465843 ], [ 276315.741471395769622, 6107974.042212148196995 ], [ 276315.37668679386843, 6107973.571749798953533 ], [ 276315.079866838117596, 6107973.153169048018754 ], [ 275988.220987304288428, 6107558.435343749821186 ], [ 275987.002800961490721, 6107557.029470983892679 ], [ 275780.73722261923831, 6107340.235535839572549 ], [ 275779.34117422811687, 6107338.903288621455431 ], [ 275777.823230369889643, 6107337.711785283870995 ], [ 275776.197522471135017, 6107336.672118226997554 ], [ 275774.479185196745675, 6107335.793966319411993 ], [ 275772.684215552639216, 6107335.085504790768027 ], [ 275770.829323960235342, 6107334.553329123184085 ], [ 275768.931778689380735, 6107334.202393651008606 ], [ 275767.009245097870007, 6107334.035965438000858 ], [ 275765.07962117443094, 6107334.055593860335648 ], [ 275763.160870915919077, 6107334.261096186935902 ], [ 275761.270857089897618, 6107334.650559276342392 ], [ 275567.692112848861143, 6107384.384811839088798 ], [ 275526.419732604874298, 6107353.289223686791956 ], [ 275524.868581658694893, 6107352.230921003036201 ], [ 275523.225013894611038, 6107351.322758664377034 ], [ 275521.503517665609252, 6107350.572742289863527 ], [ 275519.719268278742675, 6107349.987483412027359 ], [ 275517.887994221644476, 6107349.572141196578741 ], [ 275516.025838513101917, 6107349.330376961268485 ], [ 275452.374815629620571, 6107344.089890931732953 ], [ 275450.525316836545244, 6107344.023534809239209 ], [ 275448.677602672309149, 6107344.128421833738685 ], [ 275446.847494415473193, 6107344.403653896413743 ], [ 275445.050662591704167, 6107344.846874291077256 ], [ 275443.302492793241981, 6107345.454287886619568 ], [ 274855.347824647033121, 6107580.7621966060251 ], [ 274853.300139091967139, 6107581.719284922815859 ], [ 274851.373523985676002, 6107582.901312168687582 ], [ 274849.592587184393778, 6107584.293180800974369 ], [ 274603.273537967819721, 6107800.296613650396466 ], [ 274602.056498903897591, 6107801.457963498309255 ], [ 274581.054959371103905, 6107823.258186787366867 ], [ 274579.783549896790646, 6107824.712397734634578 ], [ 274578.658356629603077, 6107826.282477872446179 ], [ 274577.689875404699706, 6107827.953781450167298 ], [ 274576.88714024273213, 6107829.710718497633934 ], [ 274576.257639080577064, 6107831.536900256760418 ], [ 274575.807243923132773, 6107833.415292050689459 ], [ 274575.540156069386285, 6107835.328372186981142 ], [ 274575.458866922650486, 6107837.258295399136841 ], [ 274575.5641347503406, 6107839.187059307470918 ], [ 274575.854977611103095, 6107841.096672346815467 ], [ 274576.328682514431421, 6107842.96932159177959 ], [ 274576.980830727261491, 6107844.787538915872574 ], [ 274577.80533899232978, 6107846.534363935701549 ], [ 274578.794516272726469, 6107848.193502217531204 ], [ 274796.066449942532927, 6108175.569562057964504 ], [ 274797.037985180795658, 6108176.909576065838337 ], [ 274798.116994660231285, 6108178.164668413810432 ], [ 274919.963125657581259, 6108308.566827660426497 ], [ 274921.226389351068065, 6108309.804288762621582 ], [ 275142.114074106153566, 6108507.821611906401813 ], [ 275142.182172102679033, 6108513.408767744898796 ], [ 275025.536762072355486, 6108630.369896272197366 ], [ 275024.219493753626011, 6108631.827365608885884 ], [ 275023.051570272422396, 6108633.407038813456893 ], [ 275022.044260375434533, 6108635.093674358911812 ], [ 275021.20728312432766, 6108636.870998688973486 ], [ 275020.54871412058128, 6108638.721863232553005 ], [ 275020.074907588132191, 6108640.628409864380956 ], [ 275019.790435064292978, 6108642.572243209928274 ], [ 275003.830981133098248, 6108807.991098169237375 ], [ 275003.739055782265496, 6108809.768667596392334 ], [ 275003.805536543834023, 6108811.547370395623147 ], [ 275004.029896856460255, 6108813.313118335790932 ], [ 275004.410359672387131, 6108815.051925797015429 ], [ 275004.94391153275501, 6108816.750020538456738 ], [ 275006.480382091773208, 6108820.972937014885247 ], [ 275006.993722801853437, 6108822.246050629764795 ], [ 275023.78553064406151, 6108860.091175860725343 ], [ 274981.62427776819095, 6108927.945438213646412 ], [ 274502.510561770468485, 6108343.086551359854639 ], [ 274500.970676037948579, 6108341.411088347434998 ], [ 274499.250431328138802, 6108339.921396260149777 ], [ 274497.372098033607472, 6108338.636760744266212 ], [ 274294.871462929819245, 6108216.443031058646739 ], [ 274293.15720143035287, 6108215.519324677065015 ], [ 274291.36123594379751, 6108214.766706621274352 ], [ 274289.500591890770011, 6108214.192311570048332 ], [ 274287.592907832527999, 6108213.801584682427347 ], [ 274285.656268260790966, 6108213.598229976370931 ], [ 274283.709032160346396, 6108213.584175216965377 ], [ 274281.769658969016746, 6108213.759553642012179 ], [ 274279.856533585640136, 6108214.122702694498003 ], [ 274277.987792084866669, 6108214.670179790817201 ], [ 274276.181149790179916, 6108215.39679494779557 ], [ 274274.453733336180449, 6108216.295659988187253 ], [ 274272.821918311179616, 6108217.35825383849442 ], [ 274271.301174019637983, 6108218.574503306299448 ], [ 274054.443158165726345, 6108410.044917663559318 ], [ 273909.467321970907506, 6108383.916339895687997 ], [ 273747.287672953214496, 6108189.716534039005637 ], [ 273745.911526080337353, 6108188.228864774107933 ], [ 273744.391895035980269, 6108186.888095761649311 ], [ 273742.744382403965574, 6108185.707993146032095 ], [ 273740.985903773282189, 6108184.700673453509808 ], [ 273739.134514059813228, 6108183.876479188911617 ], [ 273737.209222129953559, 6108183.243872643448412 ], [ 273735.229795630148146, 6108182.809349008835852 ], [ 273733.216558025218546, 6108182.577369692735374 ], [ 273731.190179930708837, 6108182.550316507928073 ], [ 273729.171466879954096, 6108182.728467218577862 ], [ 273727.181145706854295, 6108183.109992688521743 ], [ 273540.194105008034967, 6108228.884424836374819 ], [ 273410.945225903124083, 6108226.948938448913395 ], [ 273410.71939256490441, 6108226.958148968406022 ], [ 273410.375350633403286, 6108226.948524495586753 ], [ 273408.718800658243708, 6108227.039742284454405 ], [ 273352.672399270930327, 6108232.464944059960544 ], [ 273350.845386679226067, 6108232.727365035563707 ], [ 273350.778390011633746, 6108232.743404147215188 ], [ 273350.715128168463707, 6108232.752704998478293 ], [ 273350.161099620629102, 6108232.891184475272894 ], [ 273349.050347055948805, 6108233.157100453972816 ], [ 273348.919523060962092, 6108233.201516629196703 ], [ 273348.795861526741646, 6108233.232425838708878 ], [ 273348.200613546359818, 6108233.445594260469079 ], [ 273347.302568931947462, 6108233.750490214675665 ], [ 273347.112695038318634, 6108233.835196373984218 ], [ 273346.933378009591252, 6108233.89941285084933 ], [ 273275.841800879570656, 6108263.402036743238568 ], [ 273273.783551650471054, 6108264.397699731402099 ], [ 273271.85239167988766, 6108265.621773194521666 ], [ 273194.755392406717874, 6108320.910619049333036 ], [ 273193.74321257462725, 6108320.236706711351871 ], [ 273192.107493519142736, 6108319.354848044924438 ], [ 273190.396986046805978, 6108318.628614113666117 ], [ 273188.626457189035136, 6108318.064274587668478 ], [ 273186.811192149587441, 6108317.66670148447156 ], [ 273184.966862345405389, 6108317.439327103085816 ], [ 273183.10939011326991, 6108317.384114394895732 ], [ 273043.408919911365956, 6108319.7254544114694 ], [ 273041.712250491487794, 6108319.826120769605041 ], [ 273040.030254957266152, 6108320.070480871014297 ], [ 273038.375080768077169, 6108320.456769932992756 ], [ 272779.565401880652644, 6108392.581475018523633 ], [ 272639.782266811933368, 6108247.364359710365534 ], [ 272639.702865718922112, 6108247.289111383259296 ], [ 272639.639380256820004, 6108247.217432741075754 ], [ 272639.3929891056614, 6108246.991328313015401 ], [ 272639.126539481570944, 6108246.713894291780889 ], [ 272638.790875277365558, 6108246.424819065257907 ], [ 272638.44979816430714, 6108246.101580667309463 ], [ 272638.264554119028617, 6108245.955803516320884 ], [ 272638.115625738340896, 6108245.819137219339609 ], [ 272637.911193725303747, 6108245.667234130203724 ], [ 272637.692999645485543, 6108245.479324599727988 ], [ 272239.406924736162182, 6107934.032867336645722 ], [ 272237.835268382332288, 6107932.921475413255394 ], [ 272236.1640485523385, 6107931.966320984996855 ], [ 272234.408746155444533, 6107931.17625187523663 ], [ 272232.585620977682993, 6107930.558586684055626 ], [ 272230.711561063828412, 6107930.119046990759671 ], [ 272228.803926279128063, 6107929.861704358831048 ], [ 272226.880387501092628, 6107929.788942611776292 ], [ 272224.958762929658405, 6107929.901435761712492 ], [ 272223.056853032903746, 6107930.198141755536199 ], [ 272221.192275657318532, 6107930.676312136463821 ], [ 272219.382302829180844, 6107931.331517496146262 ], [ 272217.643700759799685, 6107932.157688511535525 ], [ 272042.741315164486878, 6108025.841401561163366 ], [ 272029.198777964455076, 6108020.291232529096305 ], [ 272027.38011143024778, 6108019.646479440853 ], [ 272025.507776583894156, 6108019.179985357448459 ], [ 272023.599201373290271, 6108018.896092468872666 ], [ 272021.672151076549198, 6108018.797443288378417 ], [ 271753.683346201665699, 6108018.023198464885354 ], [ 271513.615926905593369, 6107903.564957411959767 ], [ 271511.766207648615818, 6107902.794268166646361 ], [ 271509.848652240238152, 6107902.212542718276381 ], [ 271507.88251017202856, 6107901.82562074996531 ], [ 271505.887518675357569, 6107901.637386400252581 ], [ 271503.883704588341061, 6107901.649729271419346 ], [ 271501.891183315019589, 6107901.862525459378958 ], [ 271499.929956895997748, 6107902.273638796061277 ], [ 271498.019713216635864, 6107902.878942295908928 ], [ 271086.87573596223956, 6108056.219009639695287 ], [ 271059.264243903046008, 6108028.350586599670351 ], [ 271057.743572669103742, 6108026.965998799540102 ], [ 271056.088753555843141, 6108025.744893530383706 ], [ 271054.317284307850059, 6108024.700182527303696 ], [ 271052.447896105935797, 6108023.842912366613746 ], [ 271050.500355507654604, 6108023.18214766215533 ], [ 271048.495255439018365, 6108022.724875213578343 ], [ 271046.453797449066769, 6108022.475930134765804 ], [ 271040.501226810389198, 6108022.059116055257618 ], [ 271024.90706403797958, 6108020.976333965547383 ], [ 271024.873172593885101, 6108020.974009637720883 ], [ 271020.167275264277123, 6108020.655287082307041 ], [ 271018.155154439911712, 6108020.620487483218312 ], [ 270739.04111471719807, 6108029.845361959189177 ], [ 270500.516575095592998, 6108013.991078025661409 ], [ 270500.381720335921273, 6108013.989158644340932 ], [ 270500.230939437402412, 6108013.974143731407821 ], [ 270498.856006659450941, 6108013.967443238012493 ], [ 270498.432189773651771, 6108013.961411073803902 ], [ 270498.390505651768763, 6108013.965174701064825 ], [ 270498.344052327331156, 6108013.964948318898678 ], [ 270496.464696293405723, 6108014.133614911697805 ], [ 270496.407855620782357, 6108014.144186642952263 ], [ 270496.356038703292143, 6108014.148865152150393 ], [ 270495.897595889982767, 6108014.239089259877801 ], [ 270494.609599613002501, 6108014.478642197325826 ], [ 270494.452840391197242, 6108014.523425215855241 ], [ 270494.310676890308969, 6108014.551403786987066 ], [ 270493.739532315637916, 6108014.727203265763819 ], [ 270492.795274629257619, 6108014.99695906508714 ], [ 270422.442796767980326, 6108038.737990600988269 ], [ 270220.45432779926341, 6107882.5284069981426 ], [ 270220.112098744371906, 6107882.289327510632575 ], [ 270219.802591765299439, 6107882.045184779912233 ], [ 270219.345450126158539, 6107881.753750662319362 ], [ 270218.864538965164684, 6107881.417788556776941 ], [ 270218.470253382693045, 6107881.195800634101033 ], [ 270218.111224402149674, 6107880.966914692893624 ], [ 270217.654367725539487, 6107880.736446372233331 ], [ 270217.174659207230434, 6107880.466364222578704 ], [ 270216.728495986782946, 6107880.269376248121262 ], [ 270216.32035757281119, 6107880.063484597951174 ], [ 270215.871491608326323, 6107879.890995535999537 ], [ 270215.400577205116861, 6107879.683079530484974 ], [ 270214.903722109273076, 6107879.519103554077446 ], [ 270214.448004666250199, 6107879.343981623649597 ], [ 270214.014164507272653, 6107879.225524848327041 ], [ 270213.558973329607397, 6107879.075299121439457 ], [ 270213.013624602288473, 6107878.952334990724921 ], [ 270212.512998697056901, 6107878.815642871893942 ], [ 270212.100447778357193, 6107878.746433722786605 ], [ 270211.667162809229922, 6107878.648737502284348 ], [ 270211.076518977817614, 6107878.574660402722657 ], [ 270210.534802874084562, 6107878.483782625757158 ], [ 270210.148947634093929, 6107878.458326682448387 ], [ 270209.742932928318623, 6107878.407405314967036 ], [ 270209.111161255976185, 6107878.389861028641462 ], [ 270208.533314830216113, 6107878.351738893426955 ], [ 270208.178635607124306, 6107878.363964811898768 ], [ 270207.804375786159653, 6107878.353571624495089 ], [ 270207.136559202161152, 6107878.399885553866625 ], [ 270206.52866648271447, 6107878.420839831233025 ], [ 270206.208665085781831, 6107878.464236191473901 ], [ 270205.869718190690037, 6107878.487742589786649 ], [ 270205.171776889939792, 6107878.604851745069027 ], [ 270204.541021536453627, 6107878.690390392206609 ], [ 270204.258186025545001, 6107878.758145230822265 ], [ 270203.957150285306852, 6107878.808656700886786 ], [ 270203.235731365275569, 6107879.00307999830693 ], [ 270202.590372668113559, 6107879.157679306343198 ], [ 270202.346159309323411, 6107879.242820776067674 ], [ 270202.084654520440381, 6107879.313296642154455 ], [ 270201.346976083004847, 6107879.591171613894403 ], [ 270200.696340430295095, 6107879.818006360903382 ], [ 270200.491173079179134, 6107879.913542748428881 ], [ 270200.269836578110699, 6107879.996917659416795 ], [ 270199.523457888746634, 6107880.364160320721567 ], [ 270198.877975898445584, 6107880.6647296724841 ], [ 270117.720401613856666, 6107923.532945951446891 ], [ 270088.643464048393071, 6107871.649578173644841 ], [ 270119.940359493484721, 6107787.611957005225122 ], [ 270347.897439311840571, 6107211.028596219606698 ], [ 270348.587508719763719, 6107208.959758603945374 ], [ 270349.048215529706795, 6107206.828084588982165 ], [ 270349.274081609561108, 6107204.658921298570931 ], [ 270349.262421250692569, 6107202.478061627596617 ], [ 270338.016600391769316, 6107014.946691500023007 ], [ 270337.802038632449694, 6107012.988844751380384 ], [ 270337.395945475669578, 6107011.06159567926079 ], [ 270336.802259213523939, 6107009.183634746819735 ], [ 270336.026737416279502, 6107007.373174424283206 ], [ 270335.07690109545365, 6107005.647772557102144 ], [ 270243.145445399568416, 6106856.537345772609115 ], [ 270290.65000718209194, 6106628.495780359953642 ], [ 270684.590632381732576, 6106230.7162064332515 ], [ 270685.829586464737076, 6106229.343717959709466 ], [ 270686.936496337933931, 6106227.862676987424493 ], [ 270687.901901431498118, 6106226.285741721279919 ], [ 270688.717550592613406, 6106224.626389957033098 ], [ 270689.376472606847528, 6106222.898803893476725 ], [ 270689.873035780154169, 6106221.117748912423849 ], [ 270702.875568025745451, 6106164.478399215266109 ], [ 270703.226989991380833, 6106162.493657878600061 ], [ 270703.376857899129391, 6106160.483624252490699 ], [ 270713.252589176758192, 6105749.254199099726975 ], [ 270713.199125848070253, 6105747.235978813841939 ], [ 270712.942462491802871, 6105745.233431592583656 ], [ 270712.485214553424157, 6105743.266963750123978 ], [ 270711.832041470974218, 6105741.35661394521594 ], [ 270710.989599194959737, 6105739.521848984062672 ], [ 270709.966472362575587, 6105737.781365449540317 ], [ 270708.773086819099262, 6105736.152899177744985 ], [ 270707.421603376278654, 6105734.653044533915818 ], [ 270705.925793891889043, 6105733.297085301950574 ], [ 270704.300900931528304, 6105732.098838950507343 ], [ 270416.916115089843515, 6105541.788630303926766 ], [ 270890.819206098385621, 6105023.621239667758346 ], [ 270891.9948272088659, 6105022.210936723276973 ], [ 270893.036162384960335, 6105020.698765952140093 ], [ 270893.934435671719257, 6105019.097471322864294 ], [ 270894.682076782570221, 6105017.420547901652753 ], [ 270895.272784898406826, 6105015.682128127664328 ], [ 270895.701581768400501, 6105013.896862703375518 ], [ 270895.964853664685506, 6105012.079797130078077 ], [ 270896.578665577049833, 6105005.834556720219553 ], [ 270896.674483737442642, 6105003.81946530379355 ], [ 270896.566814051184338, 6105001.804972372017801 ], [ 270896.25675199663965, 6104999.811574254184961 ], [ 270859.241556795022916, 6104821.574699770659208 ], [ 270858.726440960017499, 6104819.604278296232224 ], [ 270858.013604174484499, 6104817.696460478007793 ], [ 270857.110438386909664, 6104815.871029933914542 ], [ 270856.026309212204069, 6104814.146915946155787 ], [ 270854.772458812745754, 6104812.541997167281806 ], [ 270853.361889319610782, 6104811.072916224598885 ], [ 270849.044079416664317, 6104807.011766182258725 ], [ 270848.71013480424881, 6104806.704734703525901 ], [ 270844.147232634713873, 6104802.604075289331377 ], [ 270843.945506893389393, 6104802.425228206440806 ], [ 270697.700096475542523, 6104674.516202868893743 ], [ 270698.218935600540135, 6104674.488323191180825 ], [ 270700.224209956242703, 6104674.174560267478228 ], [ 270702.187357432907447, 6104673.659172648563981 ], [ 270704.088159710110631, 6104672.947468274272978 ], [ 270705.907040556252468, 6104672.046776939183474 ], [ 270707.625267442956101, 6104670.966374801471829 ], [ 270709.22514446976129, 6104669.717388847842813 ], [ 270769.340001735836267, 6104617.668404621072114 ], [ 271007.791952752857469, 6104751.820849415846169 ], [ 271009.540230995160528, 6104752.694840281270444 ], [ 271011.365472177800257, 6104753.394005118869245 ], [ 271013.250243710295763, 6104753.911666316911578 ], [ 271015.17654443741776, 6104754.242879773490131 ], [ 271017.125976565061137, 6104754.384482122957706 ], [ 271272.509403632546309, 6104760.419478457421064 ], [ 271274.523238488938659, 6104760.365578402765095 ], [ 271276.521434726484586, 6104760.10936005692929 ], [ 271278.48371846601367, 6104759.653423032723367 ], [ 271280.390180199989118, 6104759.002393308095634 ], [ 271282.221476795792114, 6104758.162876290269196 ], [ 271283.959027753095143, 6104757.143389794975519 ], [ 271285.585203723458108, 6104755.954277622513473 ], [ 271287.083505378861446, 6104754.607604613527656 ], [ 271288.438730815658346, 6104753.117034232243896 ], [ 271289.637129794515204, 6104751.497689941897988 ], [ 271290.666543251369148, 6104749.766001753509045 ], [ 271291.516526664490812, 6104747.939539534039795 ], [ 271292.178456025663763, 6104746.036834730766714 ], [ 271292.645615339861251, 6104744.077192360535264 ], [ 271292.913264766684733, 6104742.08049513027072 ], [ 271292.978688710776623, 6104740.067001710645854 ], [ 271292.84122337505687, 6104738.057141186669469 ], [ 271288.419055035803467, 6104700.969179766252637 ], [ 271288.377567048300989, 6104700.643928479403257 ], [ 271277.610380580415949, 6104621.413003105670214 ], [ 271277.436393799085636, 6104620.348650387488306 ], [ 271251.706443567585666, 6104485.835736808367074 ], [ 271251.505216596298851, 6104484.904525112360716 ], [ 271241.934748326428235, 6104445.218969748355448 ], [ 271437.925841086194851, 6104707.471026985906065 ], [ 271439.153525776637252, 6104708.958432958461344 ], [ 271440.518767809437122, 6104710.320673913694918 ], [ 271442.008871846133843, 6104711.545082418248057 ], [ 271443.609981460554991, 6104712.620272740721703 ], [ 271445.307207989564631, 6104713.536246723495424 ], [ 271447.084768982080277, 6104714.284486754797399 ], [ 271448.926134959678166, 6104714.858034977689385 ], [ 271450.814183123526163, 6104715.25155798625201 ], [ 271452.731356578762643, 6104715.461396424099803 ], [ 271454.659827595402021, 6104715.48559900932014 ], [ 271456.581663387885783, 6104715.323940685018897 ], [ 271458.478992871358059, 6104714.977924705483019 ], [ 271460.334172844246496, 6104714.450768660753965 ], [ 271462.12995205190964, 6104713.747374556958675 ], [ 271463.84963160532061, 6104712.874283232726157 ], [ 271465.477220263448544, 6104711.839613533578813 ], [ 271466.997583135729656, 6104710.652986817061901 ], [ 271748.356636658194475, 6104468.3445112593472 ], [ 271749.757263210194651, 6104467.015261116437614 ], [ 271751.023173937923275, 6104465.55713536310941 ], [ 271752.142568462120835, 6104463.983726141043007 ], [ 271753.105012177024037, 6104462.309700222685933 ], [ 271753.901533517520875, 6104460.550662293098867 ], [ 271754.524707589123864, 6104458.723009493201971 ], [ 271754.968725380138494, 6104456.843778564594686 ], [ 271819.504832096688915, 6104109.54616297967732 ], [ 271819.820274596568197, 6104106.812190656550229 ], [ 271821.613319317286368, 6104067.872102870605886 ], [ 271821.6095751420944, 6104065.954203547909856 ], [ 271821.422142473165877, 6104064.045481246896088 ], [ 271821.052744918735698, 6104062.16348834708333 ], [ 271820.504779414215591, 6104060.325531427748501 ], [ 271819.783284984470811, 6104058.548512121662498 ], [ 271818.894896405283362, 6104056.848771682009101 ], [ 271817.847783191071358, 6104055.241940718144178 ], [ 271816.651574468880426, 6104053.742795454338193 ], [ 271815.317270430095959, 6104052.365121849812567 ], [ 271813.85714117391035, 6104051.121588824316859 ], [ 271812.284613873227499, 6104050.023631758987904 ], [ 271504.406705067376606, 6103856.330490423366427 ], [ 271502.779251339845359, 6103855.409882846288383 ], [ 271501.072936664044391, 6103854.645282184705138 ], [ 271499.302674758830108, 6103854.043371283449233 ], [ 271497.483938261808362, 6103853.609411031939089 ], [ 271495.632623493496794, 6103853.347194376401603 ], [ 271411.767743872362189, 6103845.445644759573042 ], [ 271409.910225862404332, 6103845.357470399700105 ], [ 271408.052547687781043, 6103845.442203359678388 ], [ 271406.210769662982784, 6103845.699111091904342 ], [ 271404.4008146400447, 6103846.12597253266722 ], [ 271270.757608385349158, 6103884.283157696947455 ], [ 271057.583302137383725, 6103597.394009082578123 ], [ 271061.658078190404922, 6103522.723817843943834 ], [ 271160.350028160843067, 6103396.464582111686468 ], [ 271286.711176752171014, 6103332.107887340709567 ], [ 271544.991278215893544, 6103395.45685520209372 ], [ 271546.968878244864754, 6103395.837505552917719 ], [ 271548.97473333630478, 6103396.017344135791063 ], [ 271550.988505139772315, 6103395.994547479785979 ], [ 271552.989775033318438, 6103395.769346731714904 ], [ 271554.958251158124767, 6103395.344025311991572 ], [ 271556.873974167334381, 6103394.722895763814449 ], [ 271558.717519604018889, 6103393.912256023846567 ], [ 271560.470194855006412, 6103392.920325568877161 ], [ 271562.114228684687987, 6103391.757162067107856 ], [ 271563.632951426203363, 6103390.434559406712651 ], [ 271565.010964003275149, 6103388.965928104706109 ], [ 271912.842660789203364, 6102978.682874517515302 ], [ 271914.066786757903174, 6102977.08194843493402 ], [ 271915.123585338471457, 6102975.365957331843674 ], [ 271916.002326197689399, 6102973.55232473090291 ], [ 271916.694086933333892, 6102971.659465572796762 ], [ 271917.191843668580987, 6102969.7065992327407 ], [ 271917.49054236972006, 6102967.713554377667606 ], [ 271918.518740539380815, 6102957.293805604800582 ], [ 271918.615180460561533, 6102955.234326932579279 ], [ 271918.61508122383384, 6102955.232567384839058 ], [ 271918.615163364389446, 6102955.230809962376952 ], [ 271918.576350178977009, 6102954.545834480784833 ], [ 271918.499085149844177, 6102953.175862714648247 ], [ 271918.498525442846585, 6102953.172382761724293 ], [ 271918.498326382017694, 6102953.168869734741747 ], [ 271918.36745713459095, 6102952.357471547089517 ], [ 271918.171688338450622, 6102951.140288007445633 ], [ 271918.170315852272324, 6102951.135182260535657 ], [ 271918.169475438946392, 6102951.129971641115844 ], [ 271917.940745681116823, 6102950.281164790503681 ], [ 271917.636469233897515, 6102949.149234626442194 ], [ 271917.633948137518018, 6102949.142651555128396 ], [ 271917.632117112691049, 6102949.135856696404517 ], [ 271917.305964985804167, 6102948.28622398711741 ], [ 271916.899115546839312, 6102947.223861260339618 ], [ 271916.895133776124567, 6102947.216000601649284 ], [ 271916.891981319990009, 6102947.207788391038775 ], [ 271916.47130845405627, 6102946.379300904460251 ], [ 271915.96746304811677, 6102945.384628626517951 ], [ 271858.80389441025909, 6102845.647124766372144 ], [ 271858.192276946385391, 6102844.648895338177681 ], [ 271833.564531141193584, 6102806.975077730603516 ], [ 271552.715559958538506, 6102350.609432293102145 ], [ 271535.288925468805246, 6102295.682714232243598 ], [ 271535.27580537594622, 6102295.641515773721039 ], [ 271502.401016177260317, 6102192.795870951376855 ], [ 271501.690449832414743, 6102190.907258505932987 ], [ 271500.79319483647123, 6102189.099858447909355 ], [ 271499.718384710315149, 6102187.392069031484425 ], [ 271498.476960380037781, 6102185.801274534314871 ], [ 271497.081558805191889, 6102184.343668296933174 ], [ 271495.546384341781959, 6102183.034087881445885 ], [ 271493.88706415053457, 6102181.885864035226405 ], [ 271492.120489121531136, 6102180.910684992559254 ], [ 271490.26464193535503, 6102180.118477494455874 ], [ 271488.338414009660482, 6102179.517305741086602 ], [ 271486.36141319636954, 6102179.11328930221498 ], [ 271484.353764184808824, 6102178.910540824756026 ], [ 271482.335903644969221, 6102178.91112416703254 ], [ 271480.328372194024269, 6102179.115033391863108 ], [ 271469.360737617884297, 6102180.791625322774053 ], [ 271468.583717751898803, 6102180.926133100874722 ], [ 271265.613979303627275, 6102220.197921765036881 ], [ 271265.517687990621198, 6102220.221242382191122 ], [ 271265.414267507265322, 6102220.237618927843869 ], [ 271264.386353142675944, 6102220.495238301344216 ], [ 271263.807330959709361, 6102220.635470625944436 ], [ 271263.754564009374008, 6102220.653579430654645 ], [ 271263.69753843464423, 6102220.667871372774243 ], [ 271164.482283160323277, 6102250.25609998870641 ], [ 271147.729654052760452, 6102233.572155714966357 ], [ 271146.235242539434694, 6102232.226552368141711 ], [ 271144.613259245757945, 6102231.037820130586624 ], [ 271142.88010207505431, 6102230.017976828850806 ], [ 271020.556244613369927, 6102166.089850626885891 ], [ 271019.991369736206252, 6102165.829847103916109 ], [ 271019.065574282605667, 6102165.387406005524099 ], [ 271018.889088595926296, 6102165.322483452036977 ], [ 271018.732944241666701, 6102165.250612523406744 ], [ 271018.137851498264354, 6102165.046131124719977 ], [ 271017.314645924489014, 6102164.743304258212447 ], [ 271017.060228934977204, 6102164.67584637273103 ], [ 271016.834707171830814, 6102164.598354240879416 ], [ 271016.252605131885502, 6102164.461707396432757 ], [ 271015.511317704454996, 6102164.265157306566834 ], [ 271015.176684287085664, 6102164.209137952886522 ], [ 271014.880652185762301, 6102164.139645235612988 ], [ 271014.334376037877519, 6102164.068131223320961 ], [ 271013.671281360439025, 6102163.95712576713413 ], [ 271013.255735476093832, 6102163.926924410276115 ], [ 271012.890460255730432, 6102163.879105561412871 ], [ 271012.394621244806331, 6102163.864339700900018 ], [ 271011.810548047767952, 6102163.821889989078045 ], [ 271011.314847991743591, 6102163.832184544764459 ], [ 271010.884176320454571, 6102163.81935933791101 ], [ 271009.901528963528108, 6102163.839437291026115 ], [ 271007.975355000875425, 6101941.590903447009623 ], [ 271154.589207563956734, 6101770.740964071825147 ], [ 271155.78863881068537, 6101769.196455385535955 ], [ 271156.831499604566488, 6101767.542193084023893 ], [ 271157.707819825329352, 6101765.793992504477501 ], [ 271158.409221539681312, 6101763.968567064963281 ], [ 271158.928999097493943, 6101762.083368484862149 ], [ 271166.582843384239823, 6101727.875993723981082 ], [ 271166.940395200625062, 6101725.741890298202634 ], [ 271167.065298593952321, 6101723.581649599596858 ], [ 271166.956091494997963, 6101721.420558544807136 ], [ 271166.614052238466684, 6101719.283914007246494 ], [ 271149.273588877986185, 6101639.053167797625065 ], [ 271148.793936712841969, 6101637.24713889695704 ], [ 271148.147821663995273, 6101635.493758752942085 ], [ 271147.340884003380779, 6101633.808333524502814 ], [ 271146.380167906405404, 6101632.205576159991324 ], [ 271096.718630027142353, 6101557.506160351447761 ], [ 271095.881404757848941, 6101556.339902438223362 ], [ 271033.523025904374663, 6101475.746051331982017 ], [ 271033.176932338799816, 6101475.311362386681139 ], [ 270923.391884580720216, 6101341.286506301723421 ], [ 270921.39822646958055, 6101339.183887965045869 ], [ 270781.764525880280416, 6101211.8163479315117 ], [ 270773.37283041671617, 6101041.273343684151769 ], [ 270779.467347693338525, 6101031.713101130910218 ], [ 270780.853944783622865, 6101029.140869898721576 ], [ 270954.617647785227746, 6100641.378981040790677 ], [ 271139.388147685036529, 6100492.202830599620938 ], [ 271140.779793079127558, 6100490.968057020567358 ], [ 271142.050678720406722, 6100489.609310399740934 ], [ 271143.189807182061486, 6100488.138348454609513 ], [ 271144.18732117919717, 6100486.567899946123362 ], [ 271145.034588867274579, 6100484.911554522812366 ], [ 271145.724278536625206, 6100483.183645134791732 ], [ 271198.290553633356467, 6100331.324499628506601 ], [ 271198.855487657070626, 6100329.378702053800225 ], [ 271199.220651954819914, 6100327.385730982758105 ], [ 271199.382298773794901, 6100325.366040670312941 ], [ 271199.338769100955687, 6100323.340359594672918 ], [ 271199.090509689820465, 6100321.329477719031274 ], [ 271198.640068475622684, 6100319.354033119045198 ], [ 271197.992068424937315, 6100317.434300172142684 ], [ 271113.124477237113751, 6100102.59524265024811 ], [ 271112.411775376531295, 6100100.999006319791079 ], [ 271111.562408839294221, 6100099.471102248877287 ], [ 271110.582866603974253, 6100098.023203297518194 ], [ 271109.480632163351402, 6100096.66637110337615 ], [ 270631.91936872433871, 6099558.658424058929086 ], [ 270630.44438245287165, 6099557.162902937270701 ], [ 270628.820679445576388, 6099555.830327810719609 ], [ 270627.066169828292914, 6099554.675397540442646 ], [ 270625.200206578767393, 6099553.710851494222879 ], [ 270623.243372054828797, 6099552.947329018265009 ], [ 270584.426147169084288, 6099540.106223703362048 ], [ 270582.535712015349418, 6099539.582186532206833 ], [ 270580.603031749953516, 6099539.245872662402689 ], [ 270578.646700496668927, 6099539.100517735816538 ], [ 270576.685539922909811, 6099539.147520197555423 ], [ 270574.738418158667628, 6099539.386427842080593 ], [ 270572.824068267829716, 6099539.814942162483931 ], [ 270570.960908019449562, 6099540.428940465673804 ], [ 270569.166862691927236, 6099541.222515534609556 ], [ 270567.459192616282962, 6099542.18803246319294 ], [ 270565.854327115695924, 6099543.316202110610902 ], [ 270559.264351174002513, 6099548.449516835622489 ], [ 270236.44585030869348, 6099561.732219840399921 ], [ 270234.853870260238182, 6099561.861555687151849 ], [ 270059.171160044963472, 6099583.224471014924347 ], [ 270056.897424914990552, 6099583.635407529771328 ], [ 270054.686259023554157, 6099584.30584444757551 ], [ 269959.769714263209607, 6099619.188967457972467 ], [ 269957.880452568817418, 6099619.995699384249747 ] ], [ [ 276519.0132309300825, 6114441.75182918831706 ], [ 276517.338512780726887, 6114440.529974461533129 ], [ 276515.546312061953358, 6114439.488040472380817 ], [ 276513.655884222360328, 6114438.63722178619355 ], [ 276511.687540065264329, 6114437.986659619025886 ], [ 276509.662427528761327, 6114437.543343627825379 ], [ 276507.602304471889511, 6114437.312036809511483 ], [ 276498.102857992227655, 6114436.741766775026917 ], [ 276517.658456134435255, 6114429.073455133475363 ], [ 276519.2631955742836, 6114428.361423891969025 ], [ 276520.799310063594021, 6114427.511406578123569 ], [ 276522.254963159968611, 6114426.529952951706946 ], [ 276523.618938411702402, 6114425.424625547602773 ], [ 276804.078512100852095, 6114176.98167740367353 ], [ 276935.650977790879551, 6114324.775728097185493 ], [ 276937.080300607834943, 6114326.225442142225802 ], [ 276938.649596258299425, 6114327.522340631112456 ], [ 276940.342604349832982, 6114328.652985638007522 ], [ 276942.141782632912509, 6114329.605661885812879 ], [ 276944.028488766518421, 6114330.370498139411211 ], [ 276945.983173482120037, 6114330.93956947978586 ], [ 276947.985583145404235, 6114331.306979427114129 ], [ 277079.082389475486707, 6114348.519233061000705 ], [ 277193.282244248781353, 6114557.266302901320159 ], [ 276828.607828687177971, 6114551.976567268371582 ], [ 276826.718058331985958, 6114552.038541681133211 ], [ 276824.842585529200733, 6114552.278697025962174 ], [ 276822.998172658495605, 6114552.694886869750917 ], [ 276821.201304495742079, 6114553.28339143935591 ], [ 276819.468040877196472, 6114554.038950869813561 ], [ 276817.813873162085656, 6114554.954812209121883 ], [ 276816.253585775266401, 6114556.022789780981839 ], [ 276712.059600673266686, 6114634.824147162027657 ], [ 276520.552473296818789, 6114443.140477016568184 ], [ 276519.0132309300825, 6114441.75182918831706 ] ], [ [ 274813.176312496711034, 6111914.409350180998445 ], [ 274813.84276616043644, 6111912.684370342642069 ], [ 274814.347045785805676, 6111910.905208183452487 ], [ 274904.530239804356825, 6111525.647313041612506 ], [ 274904.853319347312208, 6111523.933533711358905 ], [ 274905.025874007609673, 6111522.19812457356602 ], [ 274905.046591757389251, 6111520.454280898906291 ], [ 274904.915315068152267, 6111518.715262090787292 ], [ 274896.53264327760553, 6111448.581093294546008 ], [ 274939.916160835709888, 6111401.643653996288776 ], [ 275056.25261389138177, 6111565.246511093340814 ], [ 275056.818259137158748, 6111566.003452590666711 ], [ 275348.826331848453265, 6111938.09960565995425 ], [ 275350.121574108081404, 6111939.591965145431459 ], [ 275351.557763418473769, 6111940.949223266914487 ], [ 275353.120879737776704, 6111942.15813050698489 ], [ 275354.795663966273423, 6111943.206885546445847 ], [ 275356.565766904852353, 6111944.085250465199351 ], [ 275358.413908855814952, 6111944.784650688990951 ], [ 275360.322048306639772, 6111945.298258691094816 ], [ 275362.27155805088114, 6111945.62106064427644 ], [ 275364.243407026340719, 6111945.749905364587903 ], [ 275366.218346095818561, 6111945.683535072021186 ], [ 275368.177095956751145, 6111945.422597673721611 ], [ 275370.100535345205572, 6111944.969640431925654 ], [ 275371.969887697079685, 6111944.329085104167461 ], [ 275373.766904444550164, 6111943.507184773683548 ], [ 275375.474043157941196, 6111942.511962809599936 ], [ 275377.074638794467319, 6111941.353134542703629 ], [ 275725.485952860093676, 6111661.86233611498028 ], [ 275915.989950797695201, 6112032.639465616084635 ], [ 275916.205800900992472, 6112033.015212588943541 ], [ 275916.37455341295572, 6112033.352139802649617 ], [ 275916.633847403747495, 6112033.760346250608563 ], [ 275916.922115475812461, 6112034.262156783603132 ], [ 275917.224451227579266, 6112034.690133662894368 ], [ 275917.463270781503525, 6112035.066107210703194 ], [ 275917.721552371105645, 6112035.393814238719642 ], [ 275918.001866750186309, 6112035.79061836283654 ], [ 275918.404653512872756, 6112036.260531241074204 ], [ 275918.720164636848494, 6112036.660850957967341 ], [ 275918.961759829544462, 6112036.91048167925328 ], [ 275919.219751242955681, 6112037.211468451656401 ], [ 275919.738207437214442, 6112037.712754167616367 ], [ 275920.132279577665031, 6112038.119933265261352 ], [ 275920.342762716056313, 6112038.297287496738136 ], [ 275920.565106199937873, 6112038.512267303653061 ], [ 275921.21914247109089, 6112039.035729821771383 ], [ 275921.685060265241191, 6112039.42831467743963 ], [ 275921.85152352420846, 6112039.541860435158014 ], [ 275922.026152844773605, 6112039.681626236997545 ], [ 275922.852165968157351, 6112040.224405671469867 ], [ 275923.362501452385914, 6112040.572509087622166 ], [ 275923.473796311358456, 6112040.632883643731475 ], [ 275923.590099503577221, 6112040.709307345561683 ], [ 275924.703967224340886, 6112041.300219252705574 ], [ 275925.147312956803944, 6112041.540722739882767 ], [ 275925.194260151591152, 6112041.560321887023747 ], [ 275925.243253598106094, 6112041.58631313405931 ], [ 276140.635497145995032, 6112143.239100113511086 ], [ 276127.606987796316389, 6112152.484633817337453 ], [ 275677.077589634340256, 6112139.021140593104064 ], [ 275675.187386064091697, 6112139.054042973555624 ], [ 275673.308733470621519, 6112139.265269242227077 ], [ 275671.458417389774695, 6112139.652932116761804 ], [ 275669.652970174269285, 6112140.213567877188325 ], [ 275667.908523278718349, 6112140.942167308181524 ], [ 275666.240663127275184, 6112141.832220464013517 ], [ 275664.664291850524023, 6112142.875774823129177 ], [ 275648.78833142190706, 6112154.500928082503378 ], [ 275592.613735509163234, 6112149.286936104297638 ], [ 275361.259614687820431, 6112042.050247703678906 ], [ 275359.421644411224406, 6112041.306637644767761 ], [ 275357.519078582467046, 6112040.748664594255388 ], [ 275355.570615098404232, 6112040.381812158972025 ], [ 275353.595402925566304, 6112040.209685665555298 ], [ 275351.612853909202386, 6112040.233976723626256 ], [ 275349.642451999185141, 6112040.454446610063314 ], [ 275347.703561766829807, 6112040.868928605690598 ], [ 275345.815238095296081, 6112041.473349294625223 ], [ 275343.996038913435768, 6112042.261768595315516 ], [ 275342.263842813612428, 6112043.226438139565289 ], [ 275340.635673345648684, 6112044.357877418398857 ], [ 275129.491180428187363, 6112207.179429240524769 ], [ 275084.321403049863875, 6112160.204430568031967 ], [ 275083.967478627164382, 6112159.845525644719601 ], [ 274893.11819193745032, 6111971.127520446665585 ], [ 274891.63823319284711, 6111969.802795272320509 ], [ 274890.03417358698789, 6111968.631399755366147 ], [ 274888.321833858150057, 6111967.624887297861278 ], [ 274886.518102704605553, 6111966.793185067363083 ], [ 274884.640770212572534, 6111966.144496090710163 ], [ 274882.708352393528912, 6111965.685218346305192 ], [ 274880.739908562100027, 6111965.419881660491228 ], [ 274878.754853355116211, 6111965.351103032939136 ], [ 274777.704315077688079, 6111966.871242591179907 ], [ 274811.381011638091877, 6111917.638362784869969 ], [ 274812.353382500237785, 6111916.065400346182287 ], [ 274813.176312496711034, 6111914.409350180998445 ] ], [ [ 274848.583448722492903, 6111160.384115125052631 ], [ 274850.125347073830198, 6111158.806066839955747 ], [ 274851.484047487319913, 6111157.067786050029099 ], [ 274927.708077482122462, 6111047.601949909701943 ], [ 274952.155061180819757, 6111080.330464420840144 ], [ 274928.244113153894432, 6111308.755874798633158 ], [ 274841.578254141379148, 6111165.657815822400153 ], [ 274846.877116129442584, 6111161.782727293670177 ], [ 274848.583448722492903, 6111160.384115125052631 ] ], [ [ 274861.24634515325306, 6110647.77264713216573 ], [ 274869.150900832260959, 6110695.377345562912524 ], [ 274865.771099580568261, 6110715.672759750857949 ], [ 274847.3260360849672, 6110689.395859692245722 ], [ 274858.411570299707819, 6110649.762668251991272 ], [ 274861.24634515325306, 6110647.77264713216573 ] ], [ [ 274972.26227898808429, 6109610.316273374482989 ], [ 274972.32056823495077, 6109610.399996416643262 ], [ 274972.700764879176859, 6109610.984491457231343 ], [ 275032.995267493068241, 6109694.798367235809565 ], [ 275003.25992247404065, 6109732.957063007168472 ], [ 274976.782118030532729, 6109703.417401469312608 ], [ 274972.485601900611073, 6109615.641696264036 ], [ 274972.26227898808429, 6109610.316273374482989 ] ], [ [ 275004.601372492441442, 6109317.93211361207068 ], [ 275004.804308469058014, 6109318.578323711641133 ], [ 275041.244468662946019, 6109428.091927459463477 ], [ 274971.389133414428215, 6109589.494990992359817 ], [ 274965.271046101290267, 6109443.601307936012745 ], [ 275004.447215015883557, 6109317.410488157533109 ], [ 275004.601372492441442, 6109317.93211361207068 ] ], [ [ 272857.924965989543125, 6109256.883548512123525 ], [ 272859.295785571797751, 6109258.351705316454172 ], [ 273019.829731604200788, 6109413.84008370526135 ], [ 272770.310618479852565, 6109483.659308348782361 ], [ 272614.489497307571582, 6109335.361271998845041 ], [ 272771.793699996953364, 6109271.636749339289963 ], [ 272773.659825809882022, 6109270.766409491188824 ], [ 272775.426574059645645, 6109269.708809556439519 ], [ 272777.075217581179459, 6109268.47515987418592 ], [ 272778.588281095318962, 6109267.078536874614656 ], [ 272779.9497264426318, 6109265.533744472078979 ], [ 272824.925043846713379, 6109208.869075844064355 ], [ 272856.70832367305411, 6109255.285295652225614 ], [ 272857.924965989543125, 6109256.883548512123525 ] ], [ [ 273802.112683149811346, 6109538.531139438971877 ], [ 273766.038941817416344, 6109505.609742192551494 ], [ 273764.467479040438775, 6109504.31584888137877 ], [ 273762.772634133929387, 6109503.188393381424248 ], [ 273653.055481104063801, 6109438.002031228505075 ], [ 273833.994366253260523, 6109484.786959098652005 ], [ 273843.032379174197558, 6109504.91504929214716 ], [ 273832.292474369169213, 6109510.265085249207914 ], [ 273830.469952270097565, 6109511.29538744315505 ], [ 273828.765119134855922, 6109512.510563724674284 ], [ 273827.196656138869002, 6109513.897298466414213 ], [ 273802.112683149811346, 6109538.531139438971877 ] ], [ [ 273816.285627964884043, 6116098.154704539105296 ], [ 273814.668171361263376, 6116114.921838168054819 ], [ 273792.480095991515554, 6116108.044219887815416 ], [ 273813.837503288988955, 6116098.303873864002526 ], [ 273816.285627964884043, 6116098.154704539105296 ] ], [ [ 276130.213382981484756, 6111017.812426687218249 ], [ 276141.855343732051551, 6111040.058609327301383 ], [ 276080.917566411255393, 6111075.010144877247512 ], [ 276130.213382981484756, 6111017.812426687218249 ] ], [ [ 275918.883361688698642, 6115399.784431400708854 ], [ 275918.411035002034623, 6115397.998119507916272 ], [ 275917.775871527439449, 6115396.263020076788962 ], [ 275916.983292389311828, 6115394.593942191451788 ], [ 275916.040062255982775, 6115393.005131443962455 ], [ 275747.074947276094463, 6115136.209679287858307 ], [ 275746.946503171289805, 6115136.016908721067011 ], [ 275438.70582794258371, 6114679.161149867810309 ], [ 275438.705827941885218, 6114679.161149866878986 ], [ 275328.006487795792054, 6114475.768749159760773 ], [ 275428.088139784347732, 6114316.462584025226533 ], [ 275603.803258254949469, 6114273.041380151174963 ], [ 275616.160361211805139, 6114282.242897597141564 ], [ 276271.780492146732286, 6115222.206379625946283 ], [ 275933.913910468691029, 6115705.240297664888203 ], [ 275924.287013948953245, 6115444.508548553101718 ], [ 275924.15711291169282, 6115442.854804305359721 ], [ 275919.188820276001934, 6115401.606709570623934 ], [ 275918.883361688698642, 6115399.784431400708854 ] ] ], [ [ [ 271382.134188697906211, 6111463.566364620812237 ], [ 271380.650614388403483, 6111464.859624267555773 ], [ 271379.301334027608391, 6111466.292438196018338 ], [ 271378.099413753778208, 6111467.850931347347796 ], [ 271377.056492702162359, 6111469.520011611282825 ], [ 271348.98192859912524, 6111519.797119241207838 ], [ 271348.266103694855701, 6111521.20729521010071 ], [ 271278.002326567599084, 6111674.343810898251832 ], [ 271277.108946918218862, 6111676.66047010011971 ], [ 271112.11487791739637, 6112199.019344469532371 ], [ 271111.609948818979319, 6112200.947734729386866 ], [ 271111.299491540645249, 6112202.916810316964984 ], [ 271111.186590197728947, 6112204.907010225579143 ], [ 271111.272366364253685, 6112206.898563599213958 ], [ 271111.555967930646148, 6112208.871686134487391 ], [ 271112.034577568876557, 6112210.806776625104249 ], [ 271112.703440720157232, 6112212.684611674398184 ], [ 271113.555912826908752, 6112214.486536672338843 ], [ 271114.583525341062341, 6112216.194651103578508 ], [ 271115.776069850835484, 6112217.791986378841102 ], [ 271117.121699492796324, 6112219.26267440058291 ], [ 271118.607046639430337, 6112220.59210519772023 ], [ 271120.217355694854632, 6112221.767072063870728 ], [ 271121.936629678122699, 6112222.775902753695846 ], [ 271123.747789139393717, 6112223.608575435355306 ], [ 271125.632841828628443, 6112224.256818251684308 ], [ 271373.416774936835282, 6112295.873653160408139 ], [ 271375.357536678027827, 6112296.331125967204571 ], [ 271377.334205425926484, 6112296.593076662160456 ], [ 271379.327133896178566, 6112296.656901559792459 ], [ 271381.316513189405669, 6112296.521966268308461 ], [ 271383.282569683564361, 6112296.189611989073455 ], [ 271385.205761575780343, 6112295.663142188452184 ], [ 271494.975919033167884, 6112259.642928276211023 ], [ 271497.176046306325588, 6112258.773732709698379 ], [ 271499.258155037823599, 6112257.650841717608273 ], [ 271662.640188313904218, 6112156.631174394860864 ], [ 271664.241027216019575, 6112155.530432462692261 ], [ 271665.727515820704866, 6112154.279564916156232 ], [ 271667.085627926222514, 6112152.890374683775008 ], [ 271668.302548665204085, 6112151.37596988119185 ], [ 271669.366795422974974, 6112149.750640120357275 ], [ 271670.268326185352635, 6112148.029721681028605 ], [ 271670.998634292860515, 6112146.229452795349061 ], [ 271671.550828708044719, 6112144.366820432245731 ], [ 271671.919699037505779, 6112142.45940000936389 ], [ 271672.101764696475584, 6112140.525189553387463 ], [ 271672.095307750685606, 6112138.582439878024161 ], [ 271671.900389126618393, 6112136.64948237221688 ], [ 271671.518848036415875, 6112134.744556024670601 ], [ 271670.95428462367272, 6112132.885635331273079 ], [ 271461.934863347094506, 6111548.400011919438839 ], [ 271461.515039737685584, 6111547.324944238178432 ], [ 271434.497100486478303, 6111483.626749641261995 ], [ 271433.685456316976342, 6111481.937966798432171 ], [ 271432.71933400729904, 6111480.332550519146025 ], [ 271431.60721310111694, 6111478.824591355398297 ], [ 271430.358854555059224, 6111477.427324491553009 ], [ 271428.985215067688841, 6111476.153013576753438 ], [ 271427.498350913927425, 6111475.01284309104085 ], [ 271425.91131212876644, 6111474.016820178367198 ], [ 271404.344959045993164, 6111461.851186825893819 ], [ 271402.585262872860767, 6111460.969720646739006 ], [ 271400.747450269875117, 6111460.265477731823921 ], [ 271398.84931821556529, 6111459.745277817361057 ], [ 271396.909247809031513, 6111459.414158406667411 ], [ 271394.946026271325536, 6111459.275325988419354 ], [ 271392.978665014030412, 6111459.330124984495342 ], [ 271391.026215536927339, 6111459.578024733811617 ], [ 271389.107584937242791, 6111460.016624629497528 ], [ 271387.241352817625739, 6111460.641677365638316 ], [ 271385.44559136510361, 6111461.447130065411329 ], [ 271383.73769034416182, 6111462.425182901322842 ], [ 271382.134188697906211, 6111463.566364620812237 ] ] ], [ [ [ 271500.060063400596846, 6130956.171544724144042 ], [ 271499.986289588443469, 6130956.397727267816663 ], [ 271499.968468114733696, 6130956.479553327895701 ], [ 271499.934968235844281, 6130956.59074579924345 ], [ 271499.900303332018666, 6130956.747875270433724 ], [ 271499.863724509021267, 6130956.872560739517212 ], [ 271499.852152799954638, 6130956.931045908480883 ], [ 271499.836598378722556, 6130956.984637403860688 ], [ 271499.773894423618913, 6130957.316605903208256 ], [ 271499.694617427478079, 6130957.625019618310034 ], [ 271430.135176476556808, 6131297.655177337117493 ], [ 271185.110870497475844, 6132313.602833043783903 ], [ 271044.80352640786441, 6132812.504711726680398 ], [ 271044.55270445527276, 6132813.492487740702927 ], [ 270863.516975635429844, 6133611.10966650955379 ], [ 270687.394326737208758, 6134314.309752420522273 ], [ 270687.390701607509982, 6134314.3256282126531 ], [ 270687.278914854978211, 6134314.796282505616546 ], [ 270559.208885061671026, 6134886.414798356592655 ], [ 270559.174491070676595, 6134886.583278580568731 ], [ 270559.174491070327349, 6134886.583278582431376 ], [ 270559.158312302432023, 6134886.64697789400816 ], [ 270355.56100385641912, 6135848.813591472804546 ], [ 270355.264080828346778, 6135850.62267304584384 ], [ 270355.26259166339878, 6135850.64361718762666 ], [ 270355.259288802393712, 6135850.663872125558555 ], [ 270355.218781279050745, 6135851.259781893342733 ], [ 270355.134059207921382, 6135852.451343 ], [ 270355.134929206338711, 6135852.493337170220912 ], [ 270355.132146448537242, 6135852.534274566918612 ], [ 270355.150277935841586, 6135853.234208842739463 ], [ 270355.172031482041348, 6135854.284236213192344 ], [ 270367.655802571272943, 6136041.557112134993076 ], [ 270367.862172557099257, 6136043.383354133926332 ], [ 270368.23531330464175, 6136045.182941418141127 ], [ 270368.772073875064962, 6136046.94067760463804 ], [ 270369.467921662901063, 6136048.641719716601074 ], [ 270403.184476260910742, 6136121.33912614826113 ], [ 270403.583050501474645, 6136122.100662841461599 ], [ 270403.850109990860801, 6136122.646443956531584 ], [ 270464.720824820571579, 6136232.076085976324975 ], [ 270532.664839716337156, 6136371.094459170475602 ], [ 270545.09185850713402, 6136786.574350263923407 ], [ 270526.563875709834974, 6136893.99758549593389 ], [ 270505.395237090648152, 6137016.73105685133487 ], [ 270505.395237090182491, 6137016.731056854128838 ], [ 270426.175029980775435, 6137458.310842700302601 ], [ 270184.110535506450105, 6137810.946432354860008 ], [ 270175.970701035577804, 6137800.199460434727371 ], [ 270175.759602621721569, 6137799.925696964375675 ], [ 270130.579271331254859, 6137742.369087854400277 ], [ 270129.286391433037352, 6137740.879558078013361 ], [ 270127.853082157555036, 6137739.524618261493742 ], [ 270126.293283288076054, 6137738.317445999011397 ], [ 270124.622164794360287, 6137737.269781756214797 ], [ 270122.855979295331053, 6137736.391814690083265 ], [ 270121.01190399331972, 6137735.692083551548421 ], [ 270119.107873614993878, 6137735.177393641322851 ], [ 270112.721178519830573, 6137733.784857918508351 ], [ 270110.774170556396712, 6137733.460035448893905 ], [ 270108.804625796212349, 6137733.328722523525357 ], [ 270106.831729326804634, 6137733.392198246903718 ], [ 270104.874698884203099, 6137733.649844309315085 ], [ 270102.952597655821592, 6137734.099151013419032 ], [ 269852.136426763318013, 6137805.95168131403625 ], [ 269850.230119848216418, 6137806.603338400833309 ], [ 269848.399042767880019, 6137807.443469188176095 ], [ 269846.661774834385142, 6137808.46354915574193 ], [ 269845.035943510360084, 6137809.653227902017534 ], [ 269843.538045549590606, 6137811.000434163957834 ], [ 269842.183279609598685, 6137812.491498300805688 ], [ 269840.985392036498524, 6137814.111290995962918 ], [ 269839.956537385180127, 6137815.84337676782161 ], [ 269839.107155091594905, 6137817.670180734246969 ], [ 269801.01042983320076, 6137911.729393195360899 ], [ 269800.347338820982259, 6137913.638546564616263 ], [ 269693.363052614498883, 6138280.515841607935727 ], [ 269693.342204038985074, 6138280.58871491253376 ], [ 269693.340211291739251, 6138280.594773486256599 ], [ 269493.695223775052, 6138975.845854917541146 ], [ 269493.376801673497539, 6138977.108282092027366 ], [ 269441.510158797260374, 6139215.166246882639825 ], [ 269441.429626425611787, 6139215.562250504270196 ], [ 269441.421194925555028, 6139215.597326811403036 ], [ 269244.201317717670463, 6140227.360311757773161 ], [ 269244.17961500788806, 6140227.510848920792341 ], [ 269244.144829607277643, 6140227.662447985261679 ], [ 269244.031094663369004, 6140228.541035082191229 ], [ 269243.919863998889923, 6140229.312567707151175 ], [ 269243.913906365458388, 6140229.446298873052001 ], [ 269243.896340165927541, 6140229.581995394080877 ], [ 269234.440910767472815, 6140347.038729560561478 ], [ 269234.376570378313772, 6140348.72129646781832 ], [ 269234.453987472632434, 6140350.40331242326647 ], [ 269307.327096635010093, 6141175.413755459710956 ], [ 269307.383026083873119, 6141175.812316556461155 ], [ 269307.424263899971265, 6141176.291978260502219 ], [ 269307.462854407145642, 6141176.505496508441865 ], [ 269307.484001455479302, 6141176.707521500065923 ], [ 269307.562081858923193, 6141177.088293123990297 ], [ 269307.612224540906027, 6141177.445616908371449 ], [ 269307.688893496000674, 6141177.756153046153486 ], [ 269307.755111900623888, 6141178.12253428157419 ], [ 269307.827169640164357, 6141178.381036251783371 ], [ 269307.87740124296397, 6141178.625998727977276 ], [ 269456.219535953481682, 6141756.604358498938382 ], [ 269512.775893667596392, 6142062.42609251383692 ], [ 269512.782266781956423, 6142062.452844702638686 ], [ 269512.786104262573645, 6142062.480878120288253 ], [ 269513.248463552503381, 6142064.409781839698553 ], [ 269524.205309432349168, 6142101.826195447705686 ], [ 269524.835564875917044, 6142103.647898043505847 ], [ 269711.260321230220143, 6142568.652126250788569 ], [ 269835.860176728165243, 6142902.85634028352797 ], [ 269835.966172045795247, 6142903.122644195333123 ], [ 269835.980525596067309, 6142903.162219780497253 ], [ 269836.013390017149504, 6142903.254279498942196 ], [ 269997.711917770211585, 6143310.238978317938745 ], [ 270120.575860521756113, 6143628.288375499658287 ], [ 270120.598124285170343, 6143628.341048686765134 ], [ 270120.610182096948847, 6143628.376599671319127 ], [ 270458.399511415569577, 6144490.624725431203842 ], [ 270459.172466268704738, 6144492.352288579568267 ], [ 270460.10525646188762, 6144493.999053921550512 ], [ 270461.189529013761785, 6144495.550274947658181 ], [ 270462.415574443468358, 6144496.992060729302466 ], [ 270463.772413717757445, 6144498.31150031555444 ], [ 270465.247896565822884, 6144499.496778342872858 ], [ 270466.828810283739585, 6144500.537280842661858 ], [ 270468.500998051429633, 6144501.423690289258957 ], [ 270485.329800341569353, 6144509.348334587179124 ], [ 270486.735701693338342, 6144509.945884915068746 ], [ 270488.183110202953685, 6144510.434386309236288 ], [ 270760.952204920002259, 6144591.029771691188216 ], [ 270767.207013369770721, 6144659.869584500789642 ], [ 270767.452339206822217, 6144661.663690811954439 ], [ 270767.858931503258646, 6144663.428254475817084 ], [ 270768.423457216587849, 6144665.148810473270714 ], [ 270769.141288644110318, 6144666.811254535801709 ], [ 270770.006541358830873, 6144668.401958770118654 ], [ 270809.293397227127571, 6144733.430081782862544 ], [ 270810.417173818917945, 6144735.09508965909481 ], [ 270811.702301413693931, 6144736.638971817679703 ], [ 270820.337081622157712, 6144746.011956631205976 ], [ 270792.696260478231125, 6144799.447201916016638 ], [ 270791.834665225353092, 6144801.350305182859302 ], [ 270791.176283164066263, 6144803.33289981726557 ], [ 270790.728297486610245, 6144805.373354976996779 ], [ 270779.113935303175822, 6144875.612104182131588 ], [ 270778.92031723447144, 6144877.152283471077681 ], [ 270778.846733440470416, 6144878.702840023674071 ], [ 270778.370669466734398, 6144934.035160698927939 ], [ 270778.447989482490811, 6144935.972537610679865 ], [ 270778.712546231981833, 6144937.893323233351111 ], [ 270779.161853273457382, 6144939.779465027153492 ], [ 270779.791687786055263, 6144941.613236051052809 ], [ 270780.596130258229095, 6144943.377401573583484 ], [ 270804.626541206962429, 6144989.953589899465442 ], [ 270805.610521229857113, 6144991.650890535674989 ], [ 270806.756063222826924, 6144993.243617655709386 ], [ 271044.038943768420722, 6145291.161704825237393 ], [ 271045.037686649186071, 6145292.321648583747447 ], [ 271046.122214166796766, 6145293.401813816279173 ], [ 271225.88563685468398, 6145459.23321732506156 ], [ 271226.23933576210402, 6145459.55179669521749 ], [ 271412.523117534467019, 6145623.365993616171181 ], [ 271413.902771701221354, 6145624.4749257825315 ], [ 271415.375071173359174, 6145625.457529687322676 ], [ 271416.928483516792767, 6145626.306108652614057 ], [ 271418.550840945332311, 6145627.014015809632838 ], [ 271447.588163049484137, 6145638.18222142290324 ], [ 271449.405846767593175, 6145638.783159783110023 ], [ 271451.272660253744107, 6145639.207551606930792 ], [ 271453.171498357842211, 6145639.451508297584951 ], [ 271455.084962496184744, 6145639.51279453933239 ], [ 271456.995520070428029, 6145639.390848781913519 ], [ 271458.885665114328731, 6145639.086788385175169 ], [ 271460.738078696595039, 6145638.603399377316236 ], [ 271462.535787609987892, 6145637.945110933855176 ], [ 271464.262319892644882, 6145637.117954787798226 ], [ 271465.90185575641226, 6145636.129509967751801 ], [ 271467.439372540276963, 6145634.988833347335458 ], [ 271629.552559666568413, 6145502.23060189280659 ], [ 271630.849583074683324, 6145501.070598909631371 ], [ 271977.93751774833072, 6145162.345436253584921 ], [ 271979.231307864829432, 6145160.957006696611643 ], [ 271980.38767385709798, 6145159.452198672108352 ], [ 271981.396203720709309, 6145157.844561581499875 ], [ 271982.247816578368656, 6145156.148570708930492 ], [ 271982.934844445087947, 6145154.37949687987566 ], [ 271983.451101271260995, 6145152.553268967196345 ], [ 271983.791938642389141, 6145150.686330460943282 ], [ 271983.954287633707281, 6145148.795491413213313 ], [ 271994.013815129292198, 6144885.50266872253269 ], [ 271993.993341572815552, 6144883.555466441437602 ], [ 271993.78359954507323, 6144881.619484991766512 ], [ 271993.386577408877201, 6144879.713077555410564 ], [ 271992.806038949696813, 6144877.85431694984436 ], [ 271992.047487695410382, 6144876.060824300162494 ], [ 271970.192833013657946, 6144830.682995778508484 ], [ 271992.500017850776203, 6144802.233078626915812 ], [ 271994.054885295219719, 6144799.938830536790192 ], [ 272033.820442269847263, 6144731.486723284237087 ], [ 272034.776495318335947, 6144729.622530926950276 ], [ 272035.532291790703312, 6144727.668554910458624 ], [ 272036.079538236663211, 6144725.646236462518573 ], [ 272036.412229651643429, 6144723.577766737900674 ], [ 272036.526715370710008, 6144721.485843317583203 ], [ 272037.238900210184511, 6144408.11131923738867 ], [ 272037.144856042636093, 6144406.128090003505349 ], [ 272036.854637074400671, 6144404.163957765325904 ], [ 272036.371103444194887, 6144402.238279254175723 ], [ 272035.699020427418873, 6144400.370032236911356 ], [ 272034.845011473516934, 6144398.57762848585844 ], [ 272033.817492931499146, 6144396.878732331097126 ], [ 272032.626591105770785, 6144395.290086574852467 ], [ 272031.284042460320052, 6144393.82734748814255 ], [ 272029.803077954682522, 6144392.504930522292852 ], [ 271396.952903490804601, 6143881.532499982044101 ], [ 271395.51918692397885, 6143880.476758304052055 ], [ 271393.997258141636848, 6143879.552709352225065 ], [ 271280.269638690166175, 6143817.25485519412905 ], [ 271278.438074069388676, 6143816.369525051675737 ], [ 271276.526048727391753, 6143815.674832664430141 ], [ 271274.553344661951996, 6143815.177965386770666 ], [ 271272.540371658862568, 6143814.884063854813576 ], [ 271270.507956130197272, 6143814.796168803237379 ], [ 271268.477125642180908, 6143814.915189600549638 ], [ 271266.468891362193972, 6143815.239894848316908 ], [ 271264.504030674870592, 6143815.76692511420697 ], [ 271262.602872217714321, 6143816.490827691741288 ], [ 271260.785085558483843, 6143817.404113016091287 ], [ 271129.730773587129079, 6143891.825765998102725 ], [ 271130.34656267950777, 6143849.959849941544235 ], [ 271130.268276361864991, 6143847.873642825521529 ], [ 271129.972947174741421, 6143845.80696202069521 ], [ 271129.463793016795535, 6143843.782326024025679 ], [ 271128.74636161752278, 6143841.821795212104917 ], [ 271052.733882280939724, 6143663.537098919041455 ], [ 271182.470308470656164, 6143469.322930129244924 ], [ 271183.44787594495574, 6143467.697619347833097 ], [ 271184.267088947235607, 6143465.987016133032739 ], [ 271184.920580145029817, 6143464.206504252739251 ], [ 271185.402472572168335, 6143462.37209617625922 ], [ 271187.310684604628477, 6143453.395484603010118 ], [ 271187.616401956998743, 6143451.525783979333937 ], [ 271187.743836270761676, 6143449.635544836521149 ], [ 271187.691844063927419, 6143447.741728495806456 ], [ 271187.460891868220642, 6143445.861328377388418 ], [ 271187.053052042785566, 6143444.011217516846955 ], [ 271186.471984178759158, 6143442.207997158169746 ], [ 271185.722902261302806, 6143440.467847796157002 ], [ 271184.812527884030715, 6143438.806383979506791 ], [ 270998.065234032808803, 6143133.280387471430004 ], [ 270997.50619454018306, 6143132.416530383750796 ], [ 270964.716089434747119, 6143084.496779655106366 ], [ 270945.033988596464042, 6142961.157529594376683 ], [ 270944.630171994038392, 6142959.237628708593547 ], [ 270944.040191420237534, 6142957.366530051454902 ], [ 270943.269724091805983, 6142955.562238679267466 ], [ 270942.326183998666238, 6142953.842116778716445 ], [ 270751.090624464210123, 6142642.475720458664 ], [ 270804.491274174477439, 6142509.262118985876441 ], [ 270804.621048427943606, 6142508.886745075695217 ], [ 270804.779130505688954, 6142508.499373905360699 ], [ 270804.947079171892256, 6142507.943696420639753 ], [ 270805.123537975363433, 6142507.433286773040891 ], [ 270805.210073744063266, 6142507.073548621498048 ], [ 270805.322547443385702, 6142506.701416447758675 ], [ 270805.443785902287345, 6142506.101982980035245 ], [ 270805.576106352033094, 6142505.551913168281317 ], [ 270805.623683610581793, 6142505.21252341195941 ], [ 270805.694900416885503, 6142504.860409589484334 ], [ 270805.762693593744189, 6142504.220903345383704 ], [ 270805.844742829096504, 6142503.635609638877213 ], [ 270805.858135640039109, 6142503.320579929277301 ], [ 270805.892905316723045, 6142502.992590795271099 ], [ 270805.900781427975744, 6142502.317452931776643 ], [ 270805.926932710688561, 6142501.70231462828815 ], [ 270805.911310450406745, 6142501.414908334612846 ], [ 270805.914815762953367, 6142501.114434007555246 ], [ 270805.856622394581791, 6142500.408799668774009 ], [ 270805.821906620520167, 6142499.770125636830926 ], [ 270805.78273156582145, 6142499.512822901830077 ], [ 270805.760438507946674, 6142499.242504348047078 ], [ 270805.630370564060286, 6142498.512112045660615 ], [ 270805.530647703795694, 6142497.857129814103246 ], [ 270805.473570296599064, 6142497.63160524982959 ], [ 270805.431135141116101, 6142497.393312016502023 ], [ 270805.223714857478626, 6142496.644375069998205 ], [ 270805.055882424174342, 6142495.981234639883041 ], [ 270804.98663558322005, 6142495.788347758352757 ], [ 270804.929810079338495, 6142495.58316667098552 ], [ 270649.306423354835715, 6142021.461727448739111 ], [ 270649.038023021887057, 6142020.749316628091037 ], [ 270648.889163222396746, 6142020.310671782121062 ], [ 270648.796847101533785, 6142020.109167141839862 ], [ 270648.698122399393469, 6142019.847123703919351 ], [ 270648.205583524890244, 6142018.818576147779822 ], [ 270648.036282742978074, 6142018.449031881988049 ], [ 270600.635570621176157, 6141927.581120769493282 ], [ 270652.687064007506706, 6141826.09693543985486 ], [ 270653.507421647431329, 6141824.279733455739915 ], [ 270654.142771890677977, 6141822.389881667681038 ], [ 270654.58680061128689, 6141820.446161470375955 ], [ 270654.835095041140448, 6141818.467889602296054 ], [ 270657.661973048991058, 6141780.843051350675523 ], [ 270657.711407016555313, 6141778.823950695805252 ], [ 270657.556949550402351, 6141776.8101597269997 ], [ 270657.200175812235102, 6141774.822215142659843 ], [ 270656.644724190584384, 6141772.880390055477619 ], [ 270655.896259196510073, 6141771.004487252794206 ], [ 270654.962413696979638, 6141769.213637243025005 ], [ 270653.852711074461695, 6141767.526103165932 ], [ 270652.578468107327353, 6141765.959094540216029 ], [ 270651.152679560997058, 6141764.528591763228178 ], [ 270535.392766434291843, 6141659.562737854197621 ], [ 270580.346389345184434, 6141586.770487437956035 ], [ 270581.335156497836579, 6141584.968365493230522 ], [ 270582.133728086308111, 6141583.074272728525102 ], [ 270582.733668591594324, 6141581.108216937631369 ], [ 270583.128640686045401, 6141579.090966078452766 ], [ 270583.314472176774871, 6141577.04382889624685 ], [ 270583.289200077473652, 6141574.988429834134877 ], [ 270583.053091343899723, 6141572.946480605751276 ], [ 270582.608640053833369, 6141570.939550852403045 ], [ 270580.427116364822723, 6141563.037227055057883 ], [ 270579.80846245912835, 6141561.162401050329208 ], [ 270579.0079785126145, 6141559.357704219408333 ], [ 270578.033464651496615, 6141557.640722000971437 ], [ 270576.8944167951704, 6141556.028185123577714 ], [ 270575.601934125705156, 6141554.535806568339467 ], [ 270431.518461625149939, 6141403.884556690230966 ], [ 270495.819757548277266, 6141204.30327520519495 ], [ 270496.363134443177842, 6141202.248416046611965 ], [ 270496.685372285253834, 6141200.147495442070067 ], [ 270496.782831636082847, 6141198.024241738952696 ], [ 270496.654411764291581, 6141195.902635520324111 ], [ 270496.301563077606261, 6141193.806638760492206 ], [ 270494.614614268299192, 6141186.260766413062811 ], [ 270490.725406534562353, 6141168.931181801483035 ], [ 270490.168019539967645, 6141166.937036953866482 ], [ 270489.407444793963805, 6141165.011207265779376 ], [ 270488.451834315434098, 6141163.174334230832756 ], [ 270487.311430561880115, 6141161.446105885319412 ], [ 270485.998456648434512, 6141159.845045787282288 ], [ 270484.526985338074155, 6141158.388314475305378 ], [ 270224.684856067236979, 6140926.516168070025742 ], [ 270210.315264073084109, 6140880.00509019754827 ], [ 270261.737837182241492, 6140595.66692316532135 ], [ 270261.9915663243155, 6140593.725319059565663 ], [ 270262.054213335795794, 6140591.768208860419691 ], [ 270261.925177712924778, 6140589.814352471381426 ], [ 270261.605696328391787, 6140587.882478607818484 ], [ 270259.982277985487599, 6140580.371425611898303 ], [ 270258.595793781743851, 6140573.961897182278335 ], [ 270258.093740319251083, 6140572.086608747020364 ], [ 270257.412238777207676, 6140570.268829870969057 ], [ 270256.557710202410817, 6140568.525687504559755 ], [ 270255.538205887074582, 6140566.873605379834771 ], [ 270254.3633315100451, 6140565.328149268403649 ], [ 270253.044156633142848, 6140563.903880319558084 ], [ 270251.593110404734034, 6140562.614217868074775 ], [ 269961.882764676876832, 6140329.279203554615378 ], [ 269961.243734135117847, 6140328.785457311198115 ], [ 269814.609997411491349, 6140220.145054536871612 ], [ 270170.77313679351937, 6139759.053707596845925 ], [ 270171.837077930918895, 6139757.53580186329782 ], [ 270172.755917471426073, 6139755.925912905484438 ], [ 270173.521762563788798, 6139754.23786970321089 ], [ 270174.128034582419787, 6139752.486172583885491 ], [ 270174.569525637605693, 6139750.685868662782013 ], [ 270174.842443311761599, 6139748.852422590367496 ], [ 270174.944443236221559, 6139747.001583706587553 ], [ 270174.997815822309349, 6139740.864579345099628 ], [ 270174.943535854341462, 6139739.207941307686269 ], [ 270174.752264107461087, 6139737.561487233266234 ], [ 270174.425314329622779, 6139735.93652577418834 ], [ 270141.150028754898813, 6139599.96394675783813 ], [ 270191.647408996708691, 6139467.034140151925385 ], [ 270192.259711713413708, 6139465.144553273916245 ], [ 270192.681560313445516, 6139463.203549166209996 ], [ 270192.908793836832047, 6139461.230273181572556 ], [ 270192.93917093554046, 6139459.244188989512622 ], [ 270192.772391981037799, 6139457.264886596240103 ], [ 270192.410102019668557, 6139455.311889111995697 ], [ 270191.855874546687119, 6139453.404460189864039 ], [ 270191.115176258492284, 6139451.561414007097483 ], [ 270103.421372490585782, 6139261.259933367371559 ], [ 270198.003818189026788, 6139138.833041136153042 ], [ 270199.189441239985172, 6139137.121044697239995 ], [ 270200.190620928187855, 6139135.295045503415167 ], [ 270200.996502879366744, 6139133.374840279109776 ], [ 270201.598350056272466, 6139131.38124709110707 ], [ 270201.989637481747195, 6139129.33587964810431 ], [ 270202.166122980124783, 6139127.260912975296378 ], [ 270202.125893168966286, 6139125.17884299904108 ], [ 270201.86938420322258, 6139123.112242656759918 ], [ 270182.654080497100949, 6139014.796780523844063 ], [ 270335.835382379416842, 6138863.148803483694792 ], [ 270612.263464811665472, 6138930.269705040380359 ], [ 270614.224236220819876, 6138930.643310463055968 ], [ 270616.212482739356346, 6138930.819609391503036 ], [ 270618.208400410367176, 6138930.79684579744935 ], [ 270620.192108868272044, 6138930.575246419757605 ], [ 270622.143849357613362, 6138930.157018499448895 ], [ 270630.046386457339395, 6138928.046189283952117 ], [ 270632.02960222522961, 6138927.404009691439569 ], [ 270633.935202030290384, 6138926.558889112435281 ], [ 270635.742483724898193, 6138925.520008808001876 ], [ 270637.431813274510205, 6138924.298655017279088 ], [ 270638.984838058822788, 6138922.90809634141624 ], [ 270640.38468625175301, 6138921.363439600914717 ], [ 270641.616150114568882, 6138919.681465711444616 ], [ 270731.395227983652148, 6138782.602457740344107 ], [ 270732.767741932766512, 6138780.145413537509739 ], [ 270794.687804512563162, 6138648.27921967767179 ], [ 271280.032361638208386, 6138237.199881406500936 ], [ 271281.519683140912093, 6138235.803815284743905 ], [ 271282.857063124538399, 6138234.263509910553694 ], [ 271284.030589073139708, 6138232.594988794066012 ], [ 271285.028053013724275, 6138230.815609251148999 ], [ 271285.839078513730783, 6138228.943881838582456 ], [ 271286.455228625331074, 6138226.999277790077031 ], [ 271286.870093652978539, 6138225.00202645920217 ], [ 271287.079357832728419, 6138222.9729048833251 ], [ 271287.080844228097703, 6138220.933021636679769 ], [ 271278.527017219224945, 6138050.9883091179654 ], [ 271439.28363586566411, 6138104.331137069500983 ], [ 271441.077269168978091, 6138104.834882426075637 ], [ 271442.909994319779798, 6138105.169543944299221 ], [ 271444.765908396337181, 6138105.332217700779438 ], [ 271446.62890726182377, 6138105.32149214297533 ], [ 271448.482825303508434, 6138105.137460337020457 ], [ 271450.311575704487041, 6138104.781719165854156 ], [ 271452.099290032871068, 6138104.257355464622378 ], [ 271568.168752361438237, 6138064.253426432609558 ], [ 271570.19222688593436, 6138063.42981818318367 ], [ 271572.113798115577083, 6138062.390422344207764 ], [ 271628.845063496904913, 6138027.57063440233469 ], [ 271794.376497052435298, 6138139.928180343471467 ], [ 271795.99642650980968, 6138140.918797199614346 ], [ 271797.702998973603826, 6138141.751325653865933 ], [ 271799.480831855093129, 6138142.418261517770588 ], [ 271801.313900243490934, 6138142.913593210279942 ], [ 271803.185681349597871, 6138143.232855943031609 ], [ 271805.079303438425995, 6138143.373171967454255 ], [ 271806.977697905967943, 6138143.33327651116997 ], [ 271808.863753131416161, 6138143.113529182039201 ], [ 271810.720468716463074, 6138142.715910724364221 ], [ 271812.531108722556382, 6138142.144005164504051 ], [ 271814.279352524201386, 6138141.402967505156994 ], [ 271815.949441918521188, 6138140.49947726354003 ], [ 271817.526323165337089, 6138139.4416782585904 ], [ 271826.557673232222442, 6138132.740454425103962 ], [ 271827.729602764244191, 6138131.800636504776776 ], [ 271881.966504397569224, 6138084.852573790587485 ], [ 271998.477837940270547, 6138081.307066430337727 ], [ 272000.280867945984937, 6138081.170421619899571 ], [ 272002.064187561394647, 6138080.871489930897951 ], [ 272003.813219981035218, 6138080.4127148212865 ], [ 272005.513668662053533, 6138079.797846307978034 ], [ 272160.423272661922965, 6138015.725545051507652 ], [ 272453.536187833698932, 6138135.034161786548793 ], [ 272453.564487121650018, 6138135.043949326500297 ], [ 272453.591885051457211, 6138135.056735282763839 ], [ 272454.773583501577377, 6138135.462125182151794 ], [ 272455.560703679802828, 6138135.734357122331858 ], [ 272455.580160960904323, 6138135.738827207125723 ], [ 272455.599226234655362, 6138135.745367682538927 ], [ 272456.965562451630831, 6138136.057107157073915 ], [ 272457.648496172158048, 6138136.214003270491958 ], [ 272457.658408772549592, 6138136.215185048058629 ], [ 272457.668234073033091, 6138136.217426761053503 ], [ 272459.775613435544074, 6138136.467597565613687 ], [ 272471.44144698389573, 6138137.227877702564001 ], [ 272602.55236867966596, 6138220.943000379949808 ], [ 272604.035261172743049, 6138221.802689643576741 ], [ 272605.586318375368137, 6138222.532249325886369 ], [ 272607.194147633621469, 6138223.126320746727288 ], [ 272628.521342623396777, 6138229.983023378066719 ], [ 272630.512260303541552, 6138230.511676026508212 ], [ 272632.546994670585264, 6138230.8327412661165 ], [ 272634.603961126005743, 6138230.94281321298331 ], [ 272636.661339231592137, 6138230.840724218636751 ], [ 272638.697304182394873, 6138230.52755724824965 ], [ 272640.69025832565967, 6138230.006634399294853 ], [ 272642.619060270197224, 6138229.283481654711068 ], [ 272644.463249155553058, 6138228.365770269185305 ], [ 272646.20326170232147, 6138227.263235385529697 ], [ 272647.820639740675688, 6138225.987572768703103 ], [ 272879.962250535550993, 6138022.651629743166268 ], [ 272880.543940303032286, 6138022.12153584510088 ], [ 273085.21227739501046, 6137828.10024406760931 ], [ 273086.478191188827623, 6137826.785428456962109 ], [ 273087.618969888426363, 6137825.360682239755988 ], [ 273088.625112867041025, 6137823.837870981544256 ], [ 273089.488240770355333, 6137822.229676948860288 ], [ 273151.147728021314833, 6137693.579344430007041 ], [ 273151.346516023622826, 6137693.151717041619122 ], [ 273185.738647137652151, 6137616.827003859914839 ], [ 273186.461315804102924, 6137614.984956148080528 ], [ 273186.998424526769668, 6137613.080512923188508 ], [ 273224.400839362933766, 6137449.96295697055757 ], [ 273224.761981996009126, 6137447.89502757973969 ], [ 273224.904381697473582, 6137445.800635473802686 ], [ 273224.826469665509649, 6137443.70285434089601 ], [ 273224.529104248387739, 6137441.624795204028487 ], [ 273224.015561488224193, 6137439.589351812377572 ], [ 273223.291499029030092, 6137437.618948421441019 ], [ 273222.364893787191249, 6137435.73529274854809 ], [ 273180.336510767810978, 6137360.539700942113996 ], [ 273190.3326549360645, 6137247.441594252362847 ], [ 273377.764809219224844, 6137060.380250970833004 ], [ 273379.037808668683283, 6137058.983639049343765 ], [ 273380.173312554368749, 6137057.473114840686321 ], [ 273381.161183516320307, 6137055.862163749523461 ], [ 273381.992602206941228, 6137054.165167750790715 ], [ 273382.660146026813891, 6137052.397277000360191 ], [ 273383.157855391036719, 6137050.574274573475122 ], [ 273383.481286933936644, 6137048.712435564957559 ], [ 273383.62755317799747, 6137046.828381785191596 ], [ 273383.595348312170245, 6137044.938933372497559 ], [ 273383.384959849587176, 6137043.060958624817431 ], [ 273382.998266060836613, 6137041.211223408579826 ], [ 273382.438719205500092, 6137039.406241476535797 ], [ 273305.607843132398557, 6136827.525517941452563 ], [ 273306.532894566713367, 6136827.645847032777965 ], [ 273308.423026472097263, 6136827.711561260744929 ], [ 273310.310914551489986, 6136827.598443715833127 ], [ 273312.179676757659763, 6136827.307505928911269 ], [ 273314.012602072500158, 6136826.841349549591541 ], [ 273315.793299941637088, 6136826.204143085516989 ], [ 273359.640720867493656, 6136808.132126118056476 ], [ 273361.385494514601305, 6136807.312524856999516 ], [ 273363.043258738005534, 6136806.328757056035101 ], [ 273364.598612985457294, 6136805.189961872063577 ], [ 273366.037108088843524, 6136803.906718659214675 ], [ 273367.345380495826248, 6136802.490948686376214 ], [ 273397.381113308598287, 6136766.667649392038584 ], [ 273558.69042169401655, 6136794.276012226007879 ], [ 273560.334307942306623, 6136794.487688291817904 ], [ 273561.990076298126951, 6136794.562520812265575 ], [ 273563.646355073724408, 6136794.499995842576027 ], [ 273600.221274662064388, 6136791.59790126979351 ], [ 273602.14323955331929, 6136791.351235075853765 ], [ 273604.032313166477252, 6136790.919732887297869 ], [ 273605.870762799400836, 6136790.307445208542049 ], [ 273607.641330956364982, 6136789.520119572989643 ], [ 273609.327397343935445, 6136788.565146593376994 ], [ 273715.817999334598426, 6136721.235456014052033 ], [ 273755.91138637001859, 6136878.655822126194835 ], [ 273756.579207007656805, 6136880.776990466751158 ], [ 273757.478388594288845, 6136882.810905904509127 ], [ 273758.597814234264661, 6136884.732422433793545 ], [ 273861.038072878844105, 6137040.026427512988448 ], [ 273882.377614304074086, 6137087.140288933180273 ], [ 273883.34404374944279, 6137089.006391484290361 ], [ 273884.500948534870986, 6137090.760784803889692 ], [ 273885.835555492551066, 6137092.384098966605961 ], [ 273984.154447476554196, 6137199.917906864546239 ], [ 273777.765462275012396, 6137393.417512227781117 ], [ 273776.477010188798886, 6137394.742556261830032 ], [ 273775.316376223927364, 6137396.180881422944367 ], [ 273774.293471760756802, 6137397.720204952172935 ], [ 273773.417032021039631, 6137399.347381602972746 ], [ 273772.694541472475976, 6137401.048515894450247 ], [ 273772.132169914315455, 6137402.809080774895847 ], [ 273771.734719789412338, 6137404.614041679538786 ], [ 273771.505585173261352, 6137406.447984917089343 ], [ 273771.131166920997202, 6137411.233837979845703 ], [ 273771.077352757856715, 6137413.327096334658563 ], [ 273771.242691955994815, 6137415.414508477784693 ], [ 273771.625372138922103, 6137417.473193102516234 ], [ 273772.221198532206472, 6137419.480583800002933 ], [ 273776.572890254668891, 6137431.747275679372251 ], [ 273668.658614659390878, 6137344.664373087696731 ], [ 273667.023193427245133, 6137343.475940232165158 ], [ 273665.276152235688642, 6137342.458678055554628 ], [ 273663.435341370175593, 6137341.622980372980237 ], [ 273661.519569201918785, 6137340.977385872974992 ], [ 273659.548410014424007, 6137340.52849087677896 ], [ 273657.542004004877526, 6137340.280881942249835 ], [ 273655.520851502544247, 6137340.237088997848332 ], [ 273653.505603508092463, 6137340.397559495642781 ], [ 273651.51685069326777, 6137340.760653837583959 ], [ 273649.574913016986102, 6137341.322662129998207 ], [ 273647.699632107338402, 6137342.077842088416219 ], [ 273645.910168531001545, 6137343.018477708101273 ], [ 273644.224806021375116, 6137344.134958102367818 ], [ 273637.339570795244072, 6137349.21485884860158 ], [ 273635.639813570480328, 6137350.620038451626897 ], [ 273634.105102359550074, 6137352.203820582479239 ], [ 273632.754098116420209, 6137353.946947621181607 ], [ 273451.572861904394813, 6137616.419753930531442 ], [ 273449.562698294466827, 6137616.75831285957247 ], [ 273447.666278929507826, 6137617.173256109468639 ], [ 273445.819021762930788, 6137617.770102211274207 ], [ 273444.038330655719619, 6137618.543228003196418 ], [ 273442.340982319205068, 6137619.485349509865046 ], [ 273440.742968254198786, 6137620.587590570561588 ], [ 273226.828866396390367, 6137784.007229038514197 ], [ 273224.88290798116941, 6137785.703498978167772 ], [ 273003.472859740024433, 6138005.408819371834397 ], [ 273002.138437949644867, 6138006.870977588929236 ], [ 273000.955095354293007, 6138008.457889202050865 ], [ 272999.934424534672871, 6138010.15400807838887 ], [ 272999.086424462322611, 6138011.942718240432441 ], [ 272998.419402544794139, 6138013.806496641598642 ], [ 272996.811665973509662, 6138019.113168159499764 ], [ 272831.971940966148395, 6138183.795927937142551 ], [ 272830.421046175761148, 6138185.537533106282353 ], [ 272822.421840183786117, 6138195.650791762396693 ], [ 272821.557509037142154, 6138196.829661722294986 ], [ 272764.481393713853322, 6138280.959696540609002 ], [ 272763.425877888919786, 6138282.700001535005867 ], [ 272762.552707754075527, 6138284.538574091158807 ], [ 272761.870926678064279, 6138286.456372227519751 ], [ 272761.387595825071912, 6138288.433533429168165 ], [ 272761.10772102267947, 6138290.449580359272659 ], [ 272716.921359798579942, 6138796.849520006217062 ], [ 272716.847467570449226, 6138798.857217553071678 ], [ 272716.975372536922805, 6138800.862198805436492 ], [ 272717.303784037881996, 6138802.84423195105046 ], [ 272717.829388147220016, 6138804.783316740766168 ], [ 272718.546881112793926, 6138806.659886309877038 ], [ 272719.449022875342052, 6138808.455004618503153 ], [ 272720.526710126607213, 6138810.150557534769177 ], [ 272801.853492738388013, 6138924.932341681793332 ], [ 272803.019743724842556, 6138926.423391421325505 ], [ 272804.321739017788786, 6138927.797501659020782 ], [ 272808.226644653768744, 6138931.54624383058399 ], [ 272809.951309796073474, 6138933.023251825012267 ], [ 272811.832280203001574, 6138934.295247420668602 ], [ 272813.845310060423799, 6138935.345834523439407 ], [ 273087.625393157533836, 6139058.993872431106865 ], [ 273089.350660466414411, 6139059.678549292497337 ], [ 273091.131972667761147, 6139060.200331365689635 ], [ 273092.953986742068082, 6139060.554724373854697 ], [ 273094.801009091315791, 6139060.738675815053284 ], [ 273377.736760466475971, 6139075.70449213963002 ], [ 273380.289846093219239, 6139075.676333159208298 ], [ 273703.610177321184892, 6139051.413150289095938 ], [ 273687.110130305285566, 6139092.610843881033361 ], [ 273686.543557177996263, 6139094.221497755497694 ], [ 273686.116424762352835, 6139095.874606617726386 ], [ 273641.973226748232264, 6139302.825539230369031 ], [ 273600.662329318176489, 6139189.14304918423295 ], [ 273597.41063650266733, 6139180.214212097227573 ], [ 273596.620923702896107, 6139178.346228308975697 ], [ 273595.646095889038406, 6139176.567824397236109 ], [ 273594.496176751679741, 6139174.897286844439805 ], [ 273593.182990362518467, 6139173.351792992092669 ], [ 273591.72003959241556, 6139171.947234420105815 ], [ 273590.122367268369999, 6139170.698053535073996 ], [ 273588.406401494867168, 6139169.61709506995976 ], [ 273586.589786731870845, 6139168.715474006719887 ], [ 273584.691202364861965, 6139168.002461285330355 ], [ 273582.730170633818489, 6139167.48538847733289 ], [ 273580.726855895249173, 6139167.169572396203876 ], [ 273578.701857281674165, 6139167.058260428719223 ], [ 273576.675996890757233, 6139167.152597141452134 ], [ 273077.940979285631329, 6139215.810967050492764 ], [ 273075.913373542367481, 6139216.114367360249162 ], [ 273073.927481311955489, 6139216.623748206533492 ], [ 272869.119076806353405, 6139280.509210230782628 ], [ 272867.229974005895201, 6139281.204595034010708 ], [ 272865.420342806377448, 6139282.086357098072767 ], [ 272863.708515990758315, 6139283.145563579164445 ], [ 272862.111835517571308, 6139284.371484001167119 ], [ 272860.646476835478097, 6139285.751698966138065 ], [ 272859.327285014966037, 6139287.272225965745747 ], [ 272777.572755177563522, 6139391.688177671283484 ], [ 272660.371450928098056, 6139438.921832288615406 ], [ 272658.521653504285496, 6139439.779375637881458 ], [ 272656.768777193850838, 6139440.820795699954033 ], [ 272655.131039338302799, 6139442.035269174724817 ], [ 272653.625460665090941, 6139443.410174248740077 ], [ 272652.26768839394208, 6139444.93122177105397 ], [ 272651.071833618334495, 6139446.582603756338358 ], [ 272650.050324651121628, 6139448.347157675772905 ], [ 272563.537824197032023, 6139617.080631699413061 ], [ 272507.225131031067576, 6139598.430451066233218 ], [ 272505.44305899477331, 6139597.930466228164732 ], [ 272503.622397065162659, 6139597.597366065718234 ], [ 272501.77873814466875, 6139597.434003384783864 ], [ 272499.927872091473546, 6139597.441777291707695 ], [ 272498.085650488559622, 6139597.620621208101511 ], [ 272130.218153701804113, 6139650.611943553201854 ], [ 272129.260822367621586, 6139650.773656259290874 ], [ 271911.155913772934582, 6139693.085012868046761 ], [ 271909.108363559062127, 6139693.595633709803224 ], [ 271907.126013119472191, 6139694.319154446944594 ], [ 271905.230931939440779, 6139695.247520131058991 ], [ 271774.444476973905694, 6139768.112658759579062 ], [ 271772.730339884990826, 6139769.184630394913256 ], [ 271771.133184048114344, 6139770.424179659225047 ], [ 271769.669329956814181, 6139771.818640252575278 ], [ 271762.838194652285893, 6139779.01876740437001 ], [ 271761.615585061954334, 6139780.43451530393213 ], [ 271760.530592537776101, 6139781.95829597953707 ], [ 271759.592708367446903, 6139783.576779716648161 ], [ 271758.810136965243146, 6139785.275808358564973 ], [ 271742.060698113287799, 6139826.627442458644509 ], [ 271741.35375156858936, 6139828.689104299992323 ], [ 271740.87533862167038, 6139830.815449524670839 ], [ 271656.087704696692526, 6140334.432135152630508 ], [ 271574.68270413170103, 6140467.386134295724332 ], [ 271573.698884829122107, 6140469.196137552149594 ], [ 271572.90647666278528, 6140471.097742533311248 ], [ 271572.313887107302435, 6140473.070773153565824 ], [ 271571.92740355595015, 6140475.094295496121049 ], [ 271571.751126611081418, 6140477.146839928813279 ], [ 271571.786926576343831, 6140479.206628891639411 ], [ 271572.034423613047693, 6140481.251807960681617 ], [ 271586.253174829820637, 6140563.124214489944279 ], [ 271586.758746089937631, 6140565.303853343240917 ], [ 271594.164374481886625, 6140590.685693213716149 ], [ 271590.484148456540424, 6140593.632359832525253 ], [ 271590.130684826057404, 6140593.922058530151844 ], [ 271546.980770664464217, 6140630.119736744090915 ], [ 271546.309274996339809, 6140630.743115909397602 ], [ 271545.740360056515783, 6140631.252363704144955 ], [ 271545.631560241396073, 6140631.372268528677523 ], [ 271545.508244526688941, 6140631.486747967079282 ], [ 271544.8672758260509, 6140632.214562132023275 ], [ 271544.345912432356272, 6140632.789140185341239 ], [ 271544.269218750705477, 6140632.893650533631444 ], [ 271544.180308665556367, 6140632.994607131928205 ], [ 271543.577540978905745, 6140633.83619864936918 ], [ 271543.118206577375531, 6140634.462132852524519 ], [ 271543.069080696091987, 6140634.546117031946778 ], [ 271543.010365449183155, 6140634.62809596862644 ], [ 271542.449637436307967, 6140635.605099238455296 ], [ 271542.07045925501734, 6140636.253331243991852 ], [ 271542.04366742935963, 6140636.312454703263938 ], [ 271542.01022268430097, 6140636.370728276669979 ], [ 271541.481322916108184, 6140637.553421 ], [ 271541.21394990029512, 6140638.143452365882695 ], [ 271541.203682329505682, 6140638.174263589084148 ], [ 271541.18997444404522, 6140638.204916308633983 ], [ 271540.55789919232484, 6140640.112148278392851 ], [ 271512.918203212611843, 6140740.072580525651574 ], [ 271357.621893431176431, 6140866.246957691386342 ], [ 271278.293586188461632, 6140904.182575594633818 ], [ 271276.109810145047959, 6140905.400112176313996 ], [ 271021.86425843113102, 6141068.779455597512424 ], [ 271020.220687570923474, 6141069.957109710201621 ], [ 271018.704420171736274, 6141071.294692438095808 ], [ 271017.330953222932294, 6141072.77853303682059 ], [ 271016.114324224297889, 6141074.393465933389962 ], [ 271015.066967715451028, 6141076.122985729016364 ], [ 271011.746657539333683, 6141082.289296181872487 ], [ 271010.870083082525525, 6141084.137956300750375 ], [ 271010.186961340834387, 6141086.066497640684247 ], [ 271009.704441058507655, 6141088.054738367907703 ], [ 271009.427571722364519, 6141090.081871907226741 ], [ 271009.359250719367992, 6141092.126684674993157 ], [ 271009.500193016428966, 6141094.167778078466654 ], [ 271009.848923678160645, 6141096.183792448602617 ], [ 271010.401793301745784, 6141098.153630562126637 ], [ 271011.153016207448673, 6141100.056678421795368 ], [ 271012.094730984536, 6141101.873020981438458 ], [ 271242.342197063087951, 6141495.308200343511999 ], [ 270858.411131409113295, 6141747.556768576614559 ], [ 270856.858506349439267, 6141748.687202109955251 ], [ 270855.421467598644085, 6141749.961346599273384 ], [ 270854.11326653836295, 6141751.367452760227025 ], [ 270852.945966497878544, 6141752.892554449848831 ], [ 270851.93033151444979, 6141754.522588231600821 ], [ 270851.075727074348833, 6141756.242523056454957 ], [ 270850.390033751376905, 6141758.036498868837953 ], [ 270849.879574537044391, 6141759.887972860597074 ], [ 270849.549056534771807, 6141761.779872012324631 ], [ 270849.401527553971391, 6141763.694750532507896 ], [ 270849.438348005292937, 6141765.614950732327998 ], [ 270849.659178355883341, 6141767.522765845060349 ], [ 270850.061982260376681, 6141769.400603314861655 ], [ 270850.643045338569209, 6141771.231147018261254 ], [ 270931.961243543308228, 6141990.323718706145883 ], [ 270932.786972674832214, 6141992.23657532222569 ], [ 271025.928321584477089, 6142180.410327470861375 ], [ 271025.973487359762657, 6142180.500997751951218 ], [ 271120.831597783311736, 6142369.726412126794457 ], [ 271121.787893998203799, 6142371.422550152987242 ], [ 271122.904593953804579, 6142373.01765763014555 ], [ 271124.171113046701066, 6142374.496615384705365 ], [ 271372.724536737252492, 6142637.650903407484293 ], [ 271373.640645220759325, 6142638.560169734060764 ], [ 271455.710313786636107, 6142714.920323614031076 ], [ 271457.309414588613436, 6142716.259606608189642 ], [ 271459.039306324324571, 6142717.425057977437973 ], [ 271460.881172951369081, 6142718.404001102782786 ], [ 271462.814980475872289, 6142719.185788011178374 ], [ 271506.853470561967697, 6142734.369272594340146 ], [ 271508.726953071716707, 6142734.91452803183347 ], [ 271510.644651787355542, 6142735.274627799168229 ], [ 271512.588313859771006, 6142735.446144431829453 ], [ 271514.539439317944925, 6142735.427445414476097 ], [ 271516.479457153647672, 6142735.218708729371428 ], [ 271518.389902082039043, 6142734.821921151131392 ], [ 271520.25259029638255, 6142734.240859344601631 ], [ 271522.049792542995419, 6142733.481053914874792 ], [ 271523.764402870147023, 6142732.549736765213311 ], [ 271525.38010144449072, 6142731.455772266723216 ], [ 271526.881509884609841, 6142730.209572884254158 ], [ 271528.254337633959949, 6142728.823000066913664 ], [ 271529.485517979948781, 6142727.309251355007291 ], [ 271846.391055751591921, 6142296.31327454186976 ], [ 271847.424431216088124, 6142294.761131957173347 ], [ 271848.308760637766682, 6142293.119494687765837 ], [ 271849.036356957978569, 6142291.402632710523903 ], [ 271849.600895524781663, 6142289.625469898805022 ], [ 271849.997469070658553, 6142287.803454291075468 ], [ 271850.222630368603859, 6142285.95242381002754 ], [ 271850.274422197602689, 6142284.08846859075129 ], [ 271850.152394355740398, 6142282.227791117504239 ], [ 271813.02587055118056, 6141952.491765526123345 ], [ 272078.115755065809935, 6141740.320860930718482 ], [ 272253.953490119194612, 6141734.809932747855783 ], [ 272521.563477930496447, 6141752.659490679390728 ], [ 272523.547362800571136, 6141752.693173554725945 ], [ 272525.524822156701703, 6141752.530114643275738 ], [ 272527.47639318293659, 6141752.171918826177716 ], [ 272529.382867864740547, 6141751.622111585922539 ], [ 272531.225482041132636, 6141750.886104309000075 ], [ 272532.986100087291561, 6141749.971141026355326 ], [ 272534.647393411956728, 6141748.886227111332119 ], [ 272536.193011010822374, 6141747.642040649428964 ], [ 272537.607740398845635, 6141746.250827339477837 ], [ 272538.877657336415723, 6141744.726279969327152 ], [ 272539.990262876730412, 6141743.08340364228934 ], [ 272722.713318126741797, 6141442.128156807273626 ], [ 272722.88283282838529, 6141441.81376004870981 ], [ 272723.096352667082101, 6141441.469298682175577 ], [ 272723.413227563432883, 6141440.830043688416481 ], [ 272723.68412046629237, 6141440.327622071839869 ], [ 272723.79417170281522, 6141440.06153710745275 ], [ 272723.937227156420704, 6141439.772940837778151 ], [ 272724.23062149528414, 6141439.006276565603912 ], [ 272724.46592944819713, 6141438.437342401593924 ], [ 272724.528030459245201, 6141438.229121738113463 ], [ 272724.613925497280434, 6141438.004670724272728 ], [ 272724.868926987110171, 6141437.086117783561349 ], [ 272725.050566602847539, 6141436.477091928943992 ], [ 272725.077707223885227, 6141436.3340606065467 ], [ 272725.120383288536686, 6141436.180335133336484 ], [ 272725.323720971820876, 6141435.03756589256227 ], [ 272725.431916066387203, 6141434.467376749962568 ], [ 272725.43813643528847, 6141434.39454453997314 ], [ 272725.452061782241799, 6141434.316283305175602 ], [ 272725.605988558847457, 6141432.42922040540725 ], [ 272731.06524522282416, 6141272.105733961798251 ], [ 272731.030775789811742, 6141270.068611819297075 ], [ 272730.789231554605067, 6141268.04556680098176 ], [ 272730.343119175522588, 6141266.057593333534896 ], [ 272729.697068244917318, 6141264.125321882776916 ], [ 272728.857783244689927, 6141262.268804861232638 ], [ 272561.737446469953284, 6140937.731491587124765 ], [ 272556.527103521744721, 6140815.495285694487393 ], [ 272638.679028031707276, 6140611.012744282372296 ], [ 272701.027958178368863, 6140523.581239078193903 ], [ 272719.289362648094539, 6140500.796656360849738 ], [ 272736.293294054805301, 6140504.611743017099798 ], [ 272693.035816249263007, 6140608.728518816642463 ], [ 272692.880849585635588, 6140609.112690889276564 ], [ 272674.797274738317356, 6140655.316586564294994 ], [ 272674.275931597221643, 6140656.822912412695587 ], [ 272673.876202594314236, 6140658.365972020663321 ], [ 272653.418447522970382, 6140752.67308436986059 ], [ 272653.105793723894749, 6140754.534496572799981 ], [ 272653.102349865133874, 6140754.582243183627725 ], [ 272653.094916445261333, 6140754.627139369025826 ], [ 272653.056062600691803, 6140755.223982623778284 ], [ 272652.970006150659174, 6140756.417093056254089 ], [ 272652.972153776674531, 6140756.512926259078085 ], [ 272652.966250164317898, 6140756.603613068349659 ], [ 272652.98942635190906, 6140757.283677871339023 ], [ 272653.01229419792071, 6140758.304106439463794 ], [ 272653.029075291007757, 6140758.447106837294996 ], [ 272653.033710575895384, 6140758.583121187053621 ], [ 272653.125190542137716, 6140759.266154740005732 ], [ 272653.232281226315536, 6140760.178729999810457 ], [ 272653.272592316847295, 6140760.36672748811543 ], [ 272653.296636061277241, 6140760.546249681152403 ], [ 272653.451570738921873, 6140761.201423184946179 ], [ 272653.628007917141076, 6140762.024267367087305 ], [ 272700.080787341168616, 6140937.754809121601284 ], [ 272700.759950600098819, 6140939.849666372872889 ], [ 272700.774118899309542, 6140939.881082236766815 ], [ 272700.784474588173907, 6140939.912840523757041 ], [ 272701.080282410490327, 6140940.559949259273708 ], [ 272701.665311696880963, 6140941.85715508274734 ], [ 272898.886447515746113, 6141321.831904217600822 ], [ 272899.839714880799875, 6141323.473036552779377 ], [ 272900.944250179280061, 6141325.016421074979007 ], [ 272902.19010697689373, 6141326.448159475810826 ], [ 272903.566066227329429, 6141327.755358830094337 ], [ 272905.059737300500274, 6141328.926247695460916 ], [ 272906.657669561333023, 6141329.950282118283212 ], [ 272908.345473494031467, 6141330.818240581080317 ], [ 272910.10795028071152, 6141331.522307045757771 ], [ 272911.929228667984717, 6141332.0561413327232 ], [ 272913.792907889117487, 6141332.41493621841073 ], [ 272915.682205354329199, 6141332.595460725016892 ], [ 272936.868972778087482, 6141333.608886607922614 ], [ 272938.78744335839292, 6141333.608534302562475 ], [ 272940.697053948708344, 6141333.424368928186595 ], [ 272942.58023360389052, 6141333.058085052296519 ], [ 272944.419654578145128, 6141332.513052969239652 ], [ 272946.198391763784457, 6141331.794287697412074 ], [ 272947.900078423961531, 6141330.908402828499675 ], [ 272949.50905678916024, 6141329.863549674861133 ], [ 273055.360159187344834, 6141253.66637297347188 ], [ 273055.53030032874085, 6141253.542532327584922 ], [ 273209.837392536224797, 6141139.980330382473767 ], [ 273301.423655572056305, 6141166.80211469065398 ], [ 273301.529477722709998, 6141166.827829191461205 ], [ 273302.155368221865501, 6141167.001420657150447 ], [ 273428.635246236575767, 6141198.889267067424953 ], [ 273429.495801841025241, 6141199.086136081255972 ], [ 273614.635546032513957, 6141237.16123869176954 ], [ 273616.527765379636548, 6141237.456770137883723 ], [ 273616.638452356099151, 6141237.463323390111327 ], [ 273616.736115481762681, 6141237.478053253144026 ], [ 273617.304246177256573, 6141237.502741891890764 ], [ 273618.4395763220964, 6141237.569959418848157 ], [ 273618.662720808177255, 6141237.561775649897754 ], [ 273618.858439105330035, 6141237.570280767977238 ], [ 273619.455983354302589, 6141237.532682944089174 ], [ 273620.353448352136184, 6141237.499768638052046 ], [ 273620.688449236797169, 6141237.455135488882661 ], [ 273620.978573041793425, 6141237.436880733817816 ], [ 273621.522529596695676, 6141237.344008519314229 ], [ 273622.251832062844187, 6141237.246841414831579 ], [ 273622.69610906887101, 6141237.14363787509501 ], [ 273623.072598133643623, 6141237.079358158633113 ], [ 273623.533803840109613, 6141236.949045168235898 ], [ 273624.117320068646222, 6141236.813496987335384 ], [ 273624.667140424076933, 6141236.628822593018413 ], [ 273625.116889781027567, 6141236.501746577210724 ], [ 273625.483483677380718, 6141236.354628131724894 ], [ 273625.932806623808574, 6141236.203708941116929 ], [ 273747.097136874566786, 6141188.938004876486957 ], [ 273960.011350517801475, 6141192.75876709073782 ], [ 273960.896661739214323, 6141192.755056171678007 ], [ 274136.206665389123373, 6141188.138706149533391 ], [ 274212.909625388623681, 6141234.518779324367642 ], [ 274212.934866397641599, 6141234.532376181334257 ], [ 274212.960200041823555, 6141234.549258495680988 ], [ 274214.612124290433712, 6141235.43882176745683 ], [ 274214.637511785200331, 6141235.449559230357409 ], [ 274214.66037012275774, 6141235.461872586980462 ], [ 274215.070350011461414, 6141235.632625124417245 ], [ 274216.34013838134706, 6141236.169673215597868 ], [ 274216.42186706076609, 6141236.195518505759537 ], [ 274216.4961164703127, 6141236.226442644372582 ], [ 274217.107218174787704, 6141236.412249011918902 ], [ 274218.129035028046928, 6141236.735381023958325 ], [ 274218.269902880652808, 6141236.765764998272061 ], [ 274218.398715636867564, 6141236.804930705577135 ], [ 274219.050763945851941, 6141236.934189960360527 ], [ 274219.96307115041418, 6141237.13096671551466 ], [ 274220.164435821410734, 6141237.154959487728775 ], [ 274220.349357899161987, 6141237.191617646254599 ], [ 274220.995739893522114, 6141237.254010078497231 ], [ 274221.826106421242002, 6141237.35294895991683 ], [ 274452.152715991484001, 6141253.888594304211438 ], [ 274469.308609873522073, 6141267.126050613820553 ], [ 274470.817547257349361, 6141268.183160084299743 ], [ 274472.41735890955897, 6141269.096929823979735 ], [ 274474.094468938710634, 6141269.859605646692216 ], [ 274475.83464550471399, 6141270.464715536683798 ], [ 274477.623121588898357, 6141270.907124574296176 ], [ 274479.44472030637553, 6141271.183078506030142 ], [ 274481.283983695902862, 6141271.290235606953502 ], [ 274780.212640332523733, 6141274.913199620321393 ], [ 274780.251868275809102, 6141274.913636577315629 ], [ 274791.797165134339593, 6141275.030914455652237 ], [ 274793.29519098700257, 6141274.989984686486423 ], [ 275087.903886343643535, 6141255.875809509307146 ], [ 275088.317108993185684, 6141255.844697626307607 ], [ 275101.80609121650923, 6141254.6884481087327 ], [ 275103.594296032446437, 6141254.453547058627009 ], [ 275105.354068436077796, 6141254.058507750742137 ], [ 275107.071097716281656, 6141253.506542699411511 ], [ 275108.731420755153522, 6141252.802140560001135 ], [ 275110.321535577415489, 6141251.951029627583921 ], [ 275111.828511151135899, 6141250.960131254047155 ], [ 275269.115730656543747, 6141137.057732721790671 ], [ 275604.881992058013566, 6141274.99593232665211 ], [ 275638.415909278322943, 6141307.318537198007107 ], [ 275639.037430316559039, 6141307.861633331514895 ], [ 275639.559659250080585, 6141308.33936554286629 ], [ 275639.724681945284829, 6141308.462166023440659 ], [ 275639.886630595836323, 6141308.603679633699358 ], [ 275640.597789284423925, 6141309.111882722005248 ], [ 275641.182511366612744, 6141309.546999555081129 ], [ 275641.329908851068467, 6141309.635064721107483 ], [ 275641.475690222345293, 6141309.739241952076554 ], [ 275642.280526446644217, 6141310.203027577139437 ], [ 275642.919050958880689, 6141310.584525045007467 ], [ 275643.043717988417484, 6141310.642815518192947 ], [ 275643.167934041877743, 6141310.714394826442003 ], [ 275644.074432222172618, 6141311.124745831824839 ], [ 275644.751513101393357, 6141311.441328052431345 ], [ 275644.849188799795229, 6141311.475460426881909 ], [ 275644.947223919210956, 6141311.519838684238493 ], [ 275645.975566352484748, 6141311.869068464264274 ], [ 275646.661151574109681, 6141312.10864342097193 ], [ 275646.728496493480634, 6141312.124766973778605 ], [ 275646.796591601916589, 6141312.147892382927239 ], [ 275648.014606122742407, 6141312.432684132829309 ], [ 275648.628430637414567, 6141312.579644466750324 ], [ 275648.663087260210887, 6141312.584309646859765 ], [ 275648.698400538298301, 6141312.592566469684243 ], [ 275650.598683398682624, 6141312.844863132573664 ], [ 275650.633224884455558, 6141312.849512813612819 ], [ 275650.634514069068246, 6141312.849620297551155 ], [ 275774.998936223506462, 6141323.222392795607448 ], [ 276048.653550109593198, 6141529.406699638813734 ], [ 276049.573510849964805, 6141530.032158790156245 ], [ 276050.129434248257894, 6141530.418474547564983 ], [ 276050.195276267768349, 6141530.454882123507559 ], [ 276050.260947532369755, 6141530.499530434608459 ], [ 276051.482693087891676, 6141531.166763774119318 ], [ 276051.917275532148778, 6141531.407067662104964 ], [ 276051.942003940755967, 6141531.417607750743628 ], [ 276051.966835810279008, 6141531.431169209070504 ], [ 276053.755102804570924, 6141532.192816621623933 ], [ 276053.776774732163176, 6141532.199649467132986 ], [ 276053.796640541811939, 6141532.208116950467229 ], [ 276054.224030102137476, 6141532.34066261164844 ], [ 276055.608858308230992, 6141532.777278901077807 ], [ 276055.6810909298365, 6141532.792538624256849 ], [ 276055.747919546731282, 6141532.813264079391956 ], [ 276056.403565287066158, 6141532.945167151279747 ], [ 276057.510593574610539, 6141533.179035793058574 ], [ 276057.634897821699269, 6141533.192887121811509 ], [ 276057.750752449035645, 6141533.216194801963866 ], [ 276058.453600084118079, 6141533.28411581646651 ], [ 276059.44234668725403, 6141533.394292697310448 ], [ 276059.618822208547499, 6141533.396719266660511 ], [ 276059.784241225628648, 6141533.412704846821725 ], [ 276060.483604226785246, 6141533.408610168844461 ], [ 276061.385872210899834, 6141533.42101651057601 ], [ 276061.613196353777312, 6141533.401996556669474 ], [ 276061.827167982701212, 6141533.400743781588972 ], [ 276062.49851375783328, 6141533.327923052944243 ], [ 276063.322813519684132, 6141533.258954825811088 ], [ 276063.598252345982473, 6141533.208634650334716 ], [ 276063.858216348628048, 6141533.180436411872506 ], [ 276064.486664739029948, 6141533.046329762786627 ], [ 276065.234876175702084, 6141532.909638318233192 ], [ 276065.55431751330616, 6141532.818499858491123 ], [ 276065.856193893530872, 6141532.754081474617124 ], [ 276066.431931619299576, 6141532.568111483007669 ], [ 276067.10400072025368, 6141532.376366285607219 ], [ 276067.462008676142432, 6141532.235384596511722 ], [ 276067.800253256224096, 6141532.126127657480538 ], [ 276175.672573507938068, 6141491.087516410276294 ], [ 276204.535886526282411, 6141537.598084661178291 ], [ 276205.657805492752232, 6141539.221346477977931 ], [ 276206.934223335410934, 6141540.726151643320918 ], [ 276208.352715144283138, 6141542.097852078266442 ], [ 276209.899473032564856, 6141543.323095372878015 ], [ 276211.559440545272082, 6141544.389954759739339 ], [ 276213.31645922223106, 6141545.28804521355778 ], [ 276215.153425887343474, 6141546.008624539710581 ], [ 276217.052459134662058, 6141546.544678473845124 ], [ 276218.995073389611207, 6141546.890988957136869 ], [ 276220.962358851160388, 6141547.044184934347868 ], [ 276222.935165563772898, 6141547.002775163389742 ], [ 276224.89428982703248, 6141546.76716273650527 ], [ 276226.82066112809116, 6141546.339641151949763 ], [ 276228.695527778123505, 6141545.724371992051601 ], [ 276230.500639445148408, 6141544.927344411611557 ], [ 276624.238972643739544, 6141347.319783457554877 ], [ 276826.116794018133078, 6141584.833411818370223 ], [ 276827.486318131152075, 6141586.290345423854887 ], [ 276828.994477024825756, 6141587.603246249258518 ], [ 276830.626195701770484, 6141588.758991024456918 ], [ 276832.365164106478915, 6141589.746027352288365 ], [ 276834.194000155024696, 6141590.554489184170961 ], [ 276836.094423479633406, 6141591.17629543505609 ], [ 276838.04743815283291, 6141591.60523075889796 ], [ 276840.033522563346196, 6141591.837007678113878 ], [ 276862.014897957618814, 6141593.293532081879675 ], [ 276863.923686027526855, 6141593.328694201074541 ], [ 276865.827130473800935, 6141593.181699267588556 ], [ 276867.707887547148857, 6141592.853886666707695 ], [ 276869.548820220457856, 6141592.348243350163102 ], [ 276871.333154337306041, 6141591.669376625679433 ], [ 276873.04463145439513, 6141590.823472170159221 ], [ 276897.867705627286341, 6141577.04301840160042 ], [ 276899.403252835851163, 6141576.097583406604826 ], [ 277111.351575522625353, 6141432.03371402900666 ], [ 277206.183310546854045, 6141439.372695503756404 ], [ 277207.137690163392108, 6141439.400425217114389 ], [ 277207.955504194484092, 6141439.431007907725871 ], [ 277208.008846473880112, 6141439.427788507193327 ], [ 277208.062781291082501, 6141439.429491623304784 ], [ 277208.085969187843148, 6141439.42797767650336 ], [ 277208.10929231607588, 6141439.428655334748328 ], [ 277209.088217664510012, 6141439.362644539214671 ], [ 277209.904356835177168, 6141439.313387579284608 ], [ 277209.948338332760613, 6141439.306382833048701 ], [ 277209.993209731590468, 6141439.303453161381185 ], [ 277210.012321030721068, 6141439.300330494530499 ], [ 277210.031721133098472, 6141439.299022308550775 ], [ 277211.031712711846922, 6141439.133838406763971 ], [ 277211.832455127499998, 6141439.006307570263743 ], [ 277211.866928613279015, 6141438.997299183160067 ], [ 277211.902430484711658, 6141438.991498398594558 ], [ 277211.917406907887198, 6141438.987534751184285 ], [ 277211.932754276262131, 6141438.984999591484666 ], [ 277212.95433336799033, 6141438.713145637884736 ], [ 277213.721424963965546, 6141438.512694246135652 ], [ 277213.746499787434004, 6141438.503448567353189 ], [ 277213.772580691846088, 6141438.49654601700604 ], [ 277213.783473456220236, 6141438.492501917295158 ], [ 277213.794747604522854, 6141438.489501737058163 ], [ 277214.849356713646557, 6141438.096799203194678 ], [ 277215.553265117632691, 6141437.837251571007073 ], [ 277215.569302084506489, 6141437.82948671746999 ], [ 277215.5861630422296, 6141437.823226838372648 ], [ 277215.593130562338047, 6141437.819841729477048 ], [ 277215.600419318885542, 6141437.817127631045878 ], [ 277216.74013108748477, 6141437.262589259073138 ], [ 277217.310518787824549, 6141436.986416277475655 ], [ 277217.318121009564493, 6141436.981770216487348 ], [ 277217.326209479593672, 6141436.977840503677726 ], [ 277217.329513469594531, 6141436.975819257088006 ], [ 277217.333010360365734, 6141436.974117808975279 ], [ 277218.976439956750255, 6141435.968296532519162 ], [ 277727.390737768553663, 6141090.077813746407628 ], [ 277824.921856778033543, 6141261.182221759110689 ], [ 277825.983814819483086, 6141262.848221727646887 ], [ 277827.204964679549448, 6141264.401316637173295 ], [ 277828.573390039615333, 6141265.826350956223905 ], [ 277830.075737426057458, 6141267.109418806619942 ], [ 277831.697346517059486, 6141268.237999655306339 ], [ 277833.422393202024978, 6141269.201080499216914 ], [ 277835.23404399753781, 6141269.989263328723609 ], [ 277837.114620313572232, 6141270.59485683683306 ], [ 277839.045770965516567, 6141271.01195147447288 ], [ 278351.555527527816594, 6141355.458289729431272 ], [ 278352.081763282767497, 6141355.516414387151599 ], [ 278353.000737356720492, 6141355.642636355012655 ], [ 278353.375026031513698, 6141355.659259973093867 ], [ 278353.673445536172949, 6141355.692221495322883 ], [ 278354.154158344957978, 6141355.693864273838699 ], [ 278354.840515572868753, 6141355.724348071962595 ], [ 278355.390293986245524, 6141355.698088619858027 ], [ 278355.804231245303527, 6141355.699503201059997 ], [ 278356.184061295411084, 6141355.660175355151296 ], [ 278356.680010373063851, 6141355.63648699130863 ], [ 278357.423273700347636, 6141355.531866511330009 ], [ 278357.923698635189794, 6141355.480052193626761 ], [ 278358.181883837853093, 6141355.425085839815438 ], [ 278358.503625321493018, 6141355.379798056557775 ], [ 278920.052719317551237, 6141249.770930252037942 ], [ 278927.064833940239623, 6141266.781147447414696 ], [ 278927.140316888107918, 6141266.941464426927269 ], [ 278927.205023050599266, 6141267.112721816636622 ], [ 278927.585295443539508, 6141267.886546988971531 ], [ 278927.90011318679899, 6141268.555183163844049 ], [ 278927.978003222378902, 6141268.685677217319608 ], [ 278928.047180338355247, 6141268.826447346247733 ], [ 278928.520089998957701, 6141269.593869137577713 ], [ 278928.905098899209406, 6141270.238898656331003 ], [ 278928.98038532899227, 6141270.340820821002126 ], [ 278929.048928438627627, 6141270.452050259336829 ], [ 278929.620161728642415, 6141271.2069449769333 ], [ 278930.070130918407813, 6141271.816109655424953 ], [ 278930.138090422842652, 6141271.891396745108068 ], [ 278930.201136206800584, 6141271.974712844006717 ], [ 278930.879924168810248, 6141272.713217095471919 ], [ 278931.38401068240637, 6141273.271655637770891 ], [ 278931.440292462822981, 6141273.322883723303676 ], [ 278931.493301026930567, 6141273.380555709823966 ], [ 278932.299654982925858, 6141274.105081738904119 ], [ 278932.834108869777992, 6141274.59154555387795 ], [ 278932.87481318693608, 6141274.621873511001468 ], [ 278932.913644545071293, 6141274.656764305196702 ], [ 278933.909821557346731, 6141275.393037159927189 ], [ 278934.406486795342062, 6141275.763092309236526 ], [ 278934.42823582078563, 6141275.776196322403848 ], [ 278934.449220031383447, 6141275.791705719195306 ], [ 278936.086030392674729, 6141276.775034721940756 ], [ 278953.402586510172114, 6141286.083286079578102 ], [ 278954.363314550369978, 6141286.566875841468573 ], [ 279257.809145982959308, 6141429.214805445633829 ], [ 279259.570980625168886, 6141429.942649834789336 ], [ 279261.394106661959086, 6141430.499453404918313 ], [ 279263.261961819371209, 6141430.880157847888768 ], [ 279319.379647899011616, 6141439.556230085901916 ], [ 279432.046516905422322, 6141599.541017370298505 ], [ 279433.19607501802966, 6141601.020900112576783 ], [ 279434.479093311238103, 6141602.386696892790496 ], [ 279435.884308370063081, 6141603.62641759775579 ], [ 279437.399384033516981, 6141604.729178912937641 ], [ 279439.011019691883121, 6141605.685299873352051 ], [ 279440.705067050294019, 6141606.486386843025684 ], [ 279442.466654334799387, 6141607.125407206825912 ], [ 279444.28031684900634, 6141607.596751105040312 ], [ 279895.564648816129193, 6141702.556536454707384 ], [ 279897.402987295994535, 6141702.854752440936863 ], [ 279899.261094917485025, 6141702.98067784588784 ], [ 279901.122859931201674, 6141702.933220765553415 ], [ 279902.972138874290977, 6141702.712792701087892 ], [ 279904.792896551312879, 6141702.321304997429252 ], [ 279906.569345076160971, 6141701.762152263894677 ], [ 279908.286080769903492, 6141701.040182943455875 ], [ 279909.928217726468574, 6141700.161657271906734 ], [ 279911.481516889820341, 6141699.134192990139127 ], [ 280147.228906879783608, 6141526.8953927597031 ], [ 280318.219213763601147, 6141542.880563672631979 ], [ 280393.358328796282876, 6141878.001609134487808 ], [ 280393.537937078741379, 6141878.65308940410614 ], [ 280393.679265143815428, 6141879.244654699228704 ], [ 280393.783827826031484, 6141879.544991316273808 ], [ 280393.873129028419498, 6141879.868907176889479 ], [ 280394.130082601855975, 6141880.539542963728309 ], [ 280394.339980345393997, 6141881.142434710636735 ], [ 280394.459429829497822, 6141881.399122513830662 ], [ 280394.5661470630439, 6141881.677649077959359 ], [ 280394.906420694722328, 6141882.359671688638628 ], [ 280395.187799716717564, 6141882.964333681389689 ], [ 280395.314506074413657, 6141883.177611811086535 ], [ 280395.430882700718939, 6141883.410869645886123 ], [ 280395.860168294457253, 6141884.096096250228584 ], [ 280396.214164280681871, 6141884.691959025338292 ], [ 280396.340727460919879, 6141884.863165843300521 ], [ 280396.459225107566454, 6141885.052312046289444 ], [ 280396.983348204637878, 6141885.732463316060603 ], [ 280397.408712595526595, 6141886.307869873940945 ], [ 280397.528105826932006, 6141886.439391880296171 ], [ 280397.641528891283087, 6141886.586580283008516 ], [ 280398.267442267911974, 6141887.253835138864815 ], [ 280398.759385356970597, 6141887.795753148384392 ], [ 280398.865089797996916, 6141887.89095719344914 ], [ 280398.966704570746515, 6141887.999283606186509 ], [ 280399.705026876414195, 6141888.647457175888121 ], [ 280400.252547140058596, 6141889.140588245354593 ], [ 280400.338676054903772, 6141889.203738148324192 ], [ 280400.422322590195108, 6141889.277171488851309 ], [ 280401.295096835354343, 6141889.904987891204655 ], [ 280401.873124052770436, 6141890.328798671253026 ], [ 280401.934534814907238, 6141890.36495752632618 ], [ 280401.994729903060943, 6141890.408257914707065 ], [ 280403.069219826953486, 6141891.033063728362322 ], [ 280403.604755911161192, 6141891.34838910587132 ], [ 280403.637148406880442, 6141891.363308872096241 ], [ 280403.669178031384945, 6141891.381933798082173 ], [ 280405.429961399990134, 6141892.189066493883729 ], [ 280634.32454388512997, 6141983.976152736693621 ], [ 280682.193367079191376, 6142157.766691604629159 ], [ 280639.958320129080676, 6142217.904372409917414 ], [ 280638.933666260505561, 6142219.522991467267275 ], [ 280638.06857297651004, 6142221.232218431308866 ], [ 280637.37097716901917, 6142223.016371814534068 ], [ 280636.847279006033204, 6142224.85908270906657 ], [ 280636.502283212903421, 6142226.743444963358343 ], [ 280636.339154990855604, 6142228.652170293964446 ], [ 280636.359390977420844, 6142230.567746893502772 ], [ 280636.562805515190121, 6142232.472600098699331 ], [ 280636.947532355668955, 6142234.349253625608981 ], [ 280637.51004178088624, 6142236.180489916354418 ], [ 280638.245172987284604, 6142237.949508094228804 ], [ 280639.146181434160098, 6142239.640078111551702 ], [ 280735.529019615845755, 6142401.317667349241674 ], [ 280736.220800966722891, 6142402.362145802937448 ], [ 280736.566043333499692, 6142402.884814122691751 ], [ 280736.57122525916202, 6142402.891230062581599 ], [ 280736.575819348625373, 6142402.898166397586465 ], [ 280737.767557745799422, 6142404.372454876080155 ], [ 280753.158113793935627, 6142421.666650642640889 ], [ 280754.531476139556617, 6142423.06538082100451 ], [ 280756.035170079558156, 6142424.322947829030454 ], [ 280909.536678676435258, 6142540.404231771826744 ], [ 280910.223201649379916, 6142540.900891626253724 ], [ 280935.445846035669092, 6142558.346189422532916 ], [ 280887.426685021491721, 6142983.843076365999877 ], [ 280887.305322822765447, 6142985.648002706468105 ], [ 280887.347545789263677, 6142987.456511788070202 ], [ 280887.553008485469036, 6142989.25380780082196 ], [ 280887.920029976055957, 6142991.025186671875417 ], [ 280931.748473423300311, 6143162.99767371173948 ], [ 280932.320958319643978, 6143164.85978343244642 ], [ 280933.071893246669788, 6143166.657361887395382 ], [ 280933.994153349485714, 6143168.373353691771626 ], [ 280935.078988243709318, 6143169.99147754907608 ], [ 280936.316105038742535, 6143171.496380737051368 ], [ 280937.693765996431466, 6143172.873784763738513 ], [ 280939.19889989879448, 6143174.110620849765837 ], [ 280940.817226066952571, 6143175.19515391997993 ], [ 280942.533389856282156, 6143176.11709394864738 ], [ 281040.56251421244815, 6143222.777051832526922 ], [ 281042.719707239011768, 6143223.653711688704789 ], [ 281044.96417284978088, 6143224.273702317848802 ], [ 281514.554257442301605, 6143324.984063838608563 ], [ 281382.982802150247153, 6143364.363243448548019 ], [ 281381.079385019023903, 6143365.039409677498043 ], [ 281379.253879749099724, 6143365.904122376814485 ], [ 281377.524907395709306, 6143366.948561051860452 ], [ 281375.910104330745526, 6143368.162071910686791 ], [ 281374.425942342961207, 6143369.532276544719934 ], [ 281373.087560617655981, 6143371.045198189094663 ], [ 281371.908611309307162, 6143372.685404296033084 ], [ 281370.90112028317526, 6143374.436163952574134 ], [ 281370.075364445277955, 6143376.279618546366692 ], [ 281369.43976691289572, 6143378.196963930502534 ], [ 281369.000811094825622, 6143380.168642234057188 ], [ 281368.762974557175767, 6143382.174541365355253 ], [ 281368.728683350142092, 6143384.194200162775815 ], [ 281368.898287260846701, 6143386.207017108798027 ], [ 281369.270056245732121, 6143388.19246047642082 ], [ 281452.549028541834559, 6143735.067248967476189 ], [ 281428.701295988692436, 6143735.923144591040909 ], [ 281428.191303750965744, 6143735.967160477302969 ], [ 281428.1913037483464, 6143735.967160477302969 ], [ 281427.599725120060612, 6143735.993158611468971 ], [ 281427.125153927423526, 6143736.059176640585065 ], [ 281427.125153920904268, 6143736.059176641516387 ], [ 281426.70081687316997, 6143736.095799886621535 ], [ 281426.249203130311798, 6143736.181030949577689 ], [ 281425.732305491517764, 6143736.25293704867363 ], [ 281425.198985420400277, 6143736.379233890213072 ], [ 281425.198985417548101, 6143736.379233891144395 ], [ 281424.727731501974631, 6143736.468171556480229 ], [ 281424.339053341653198, 6143736.582876526750624 ], [ 281423.897645724820904, 6143736.6874073529616 ], [ 281423.311091368901543, 6143736.886244091205299 ], [ 281422.801927226653788, 6143737.036506348289549 ], [ 281422.47833253047429, 6143737.168541971594095 ], [ 281422.112050170253497, 6143737.292708451859653 ], [ 281421.478477190772537, 6143737.576510719954967 ], [ 281420.942814837791957, 6143737.795075836591423 ], [ 281420.684252824517898, 6143737.932275065220892 ], [ 281420.391387151670642, 6143738.063461123965681 ], [ 281419.716933337156661, 6143738.445558069273829 ], [ 281419.169132917246316, 6143738.736234158277512 ], [ 281418.97351691510994, 6143738.866724261082709 ], [ 281418.973516911675688, 6143738.866724262945354 ], [ 281418.750947947148234, 6143738.992815804667771 ], [ 281418.039913509914186, 6143739.48950563929975 ], [ 281417.498758966277819, 6143739.850495082326233 ], [ 281417.362117105571087, 6143739.962977199815214 ], [ 281417.362117103941273, 6143739.962977200746536 ], [ 281417.205310897552408, 6143740.072513454593718 ], [ 281416.45511614048155, 6143740.709610683843493 ], [ 281415.94852921232814, 6143741.126627619378269 ], [ 281415.865159470413346, 6143741.210626928135753 ], [ 281415.768211850954685, 6143741.292958961799741 ], [ 281414.948020727024414, 6143742.13469145167619 ], [ 281414.534068911510985, 6143742.551769226789474 ], [ 281414.496706479112618, 6143742.597858943045139 ], [ 281414.452422094240319, 6143742.643306406214833 ], [ 281413.269634856842458, 6143744.111555450595915 ], [ 281293.611944111529738, 6143907.887957318685949 ], [ 281292.852166729106102, 6143909.005233411677182 ], [ 280867.288705800136086, 6144582.674199058674276 ], [ 280857.045685594668612, 6144591.19478208757937 ], [ 280856.39734362292802, 6144591.790371290408075 ], [ 280855.900147238047794, 6144592.224868142046034 ], [ 280855.761860380182043, 6144592.374148023314774 ], [ 280855.598223981505726, 6144592.524470039643347 ], [ 280854.925505236547906, 6144593.276988672092557 ], [ 280854.468200900824741, 6144593.770646116696298 ], [ 280854.386676448630169, 6144593.879734924063087 ], [ 280854.288269839191344, 6144593.989814816974103 ], [ 280853.570778580207843, 6144594.971497252583504 ], [ 280853.206831550691277, 6144595.458498961292207 ], [ 280853.171918513136916, 6144595.517223653383553 ], [ 280853.128474754281342, 6144595.576664064079523 ], [ 280852.130040071846452, 6144597.269691931083798 ], [ 280770.291597123432439, 6144753.064721781760454 ], [ 280769.511394037515856, 6144754.732183454558253 ], [ 280768.887820357515011, 6144756.464321195147932 ], [ 280768.426159537804779, 6144758.246458837762475 ], [ 280768.130323167308234, 6144760.063496571965516 ], [ 280766.734966694610193, 6144772.105887961573899 ], [ 280766.605028326564934, 6144774.062414980493486 ], [ 280766.607517716183793, 6144774.140755640342832 ], [ 280766.602994002751075, 6144774.212981862947345 ], [ 280766.628971687867306, 6144774.815908409655094 ], [ 280766.667305372306146, 6144776.022262811660767 ], [ 280766.687667098129168, 6144776.178193802945316 ], [ 280766.693873802374583, 6144776.322247698903084 ], [ 280766.79223110206658, 6144776.978949542157352 ], [ 280766.921199212083593, 6144777.966592997312546 ], [ 280766.974700703751296, 6144778.197243699803948 ], [ 280767.006593405851163, 6144778.410181594081223 ], [ 280767.16934498102637, 6144779.036376181058586 ], [ 280767.364269366313238, 6144779.876716237515211 ], [ 280767.465842156030703, 6144780.177163456566632 ], [ 280767.537668130651582, 6144780.453517381101847 ], [ 280767.750418140669353, 6144781.018924951553345 ], [ 280767.992256953846663, 6144781.734272035770118 ], [ 280882.841204209136777, 6145073.462927701883018 ], [ 280882.954258956946433, 6145073.715924376621842 ], [ 280883.035941865528002, 6145073.939494295045733 ], [ 280883.269649857131299, 6145074.421713834628463 ], [ 280883.578451689332724, 6145075.112758114933968 ], [ 280883.772124879877083, 6145075.458491705358028 ], [ 280883.916572407644708, 6145075.756536371074617 ], [ 280884.163916567689739, 6145076.157894376665354 ], [ 280884.461604965094011, 6145076.689309583045542 ], [ 280884.756269590463489, 6145077.119087994098663 ], [ 280884.975929181789979, 6145077.475523074157536 ], [ 281334.310810232360382, 6145730.340623983182013 ], [ 281070.067180600308347, 6145662.415536682121456 ], [ 281068.24107183306478, 6145662.035923573188484 ], [ 281066.387540616386104, 6145661.828074177727103 ], [ 280959.034934923925903, 6145654.837633264251053 ], [ 280957.040755503403489, 6145654.807431196793914 ], [ 280955.053483285359107, 6145654.97599233686924 ], [ 280953.092880021489691, 6145655.341640484519303 ], [ 280951.178442262869794, 6145655.900739575736225 ], [ 280949.329207483620849, 6145656.647729841992259 ], [ 280947.563564769050572, 6145657.575183091685176 ], [ 280945.899071951513179, 6145658.67387658264488 ], [ 280944.352281012863386, 6145659.932884731329978 ], [ 280924.527764472586568, 6145677.784073793329298 ], [ 280922.683675569482148, 6145679.679923631250858 ], [ 280780.817121363652404, 6145846.278711075894535 ], [ 280590.950574763817713, 6145929.673121588304639 ], [ 280589.125192994077224, 6145930.588751127943397 ], [ 280587.402697867830284, 6145931.685750033706427 ], [ 280585.801048102090135, 6145932.952681005932391 ], [ 280584.336942481633741, 6145934.376335034146905 ], [ 280583.025645757210441, 6145935.941869115456939 ], [ 280581.880829495494254, 6145937.632961006835103 ], [ 280580.914429539581761, 6145939.43197940196842 ], [ 280580.13652156596072, 6145941.320167751051486 ], [ 280579.555216035281774, 6145943.277839822694659 ], [ 280555.300272862077691, 6146043.446516219526529 ], [ 280232.352874232048634, 6146318.057658380828798 ], [ 280231.718162957055029, 6146318.651861892081797 ], [ 280231.146516072330996, 6146319.171963015571237 ], [ 280231.057505759526975, 6146319.270355436019599 ], [ 280230.958674296038225, 6146319.362879399210215 ], [ 280230.367474384314846, 6146320.033119380474091 ], [ 280229.842851660097949, 6146320.613039819523692 ], [ 280229.773673972813413, 6146320.706307533197105 ], [ 280229.695325283450074, 6146320.795130996964872 ], [ 280229.155136206187308, 6146321.540241210721433 ], [ 280228.685194655263331, 6146322.173832410946488 ], [ 280228.633925926638767, 6146322.259173005819321 ], [ 280228.574347027693875, 6146322.341353205032647 ], [ 280228.09238125057891, 6146323.160614212974906 ], [ 280227.684474044013768, 6146323.839605959132314 ], [ 280227.648845571326092, 6146323.91455049905926 ], [ 280227.60596115590306, 6146323.987446814775467 ], [ 280227.189047896419652, 6146324.88173552416265 ], [ 280226.850137237401213, 6146325.594634548760951 ], [ 280226.827582672296558, 6146325.65708689764142 ], [ 280226.79899788351031, 6146325.718401939608157 ], [ 280226.453478508396074, 6146326.692960734479129 ], [ 280226.190060882305261, 6146327.422349641099572 ], [ 280226.177767866349313, 6146327.470619674772024 ], [ 280226.160815495823044, 6146327.518434885889292 ], [ 280225.89240685821278, 6146328.59112464915961 ], [ 280225.710476500913501, 6146329.305496496148407 ], [ 280225.705441814847291, 6146329.338326714001596 ], [ 280225.697233251412399, 6146329.371132073923945 ], [ 280225.510720636229962, 6146330.608066003769636 ], [ 280225.415911661519203, 6146331.226297060959041 ], [ 280225.414999072963838, 6146331.242882309481502 ], [ 280225.412478319718502, 6146331.259599705226719 ], [ 280225.309147235238925, 6146333.166617810726166 ], [ 280223.54747111297911, 6146609.801259318366647 ], [ 280223.634961671661586, 6146611.801618604920805 ], [ 280223.635406441986561, 6146611.804688827134669 ], [ 280223.635542057338171, 6146611.807778550311923 ], [ 280223.731240375025664, 6146612.466224662959576 ], [ 280223.9220258652349, 6146613.783205348066986 ], [ 280223.923524915007874, 6146613.789226059801877 ], [ 280223.924414539709687, 6146613.795347065664828 ], [ 280224.117321727157105, 6146614.567582351155579 ], [ 280224.405786526855081, 6146615.726158640347421 ], [ 280224.408926822943613, 6146615.734919593669474 ], [ 280224.411175370798446, 6146615.743920855224133 ], [ 280224.698907458223403, 6146616.543921938166022 ], [ 280225.081395054177847, 6146617.611004785634577 ], [ 280225.086729106376879, 6146617.622208831831813 ], [ 280225.09091571852332, 6146617.633849154226482 ], [ 280225.469824522035196, 6146618.426891384646297 ], [ 280225.942080005828757, 6146619.418852480128407 ], [ 280393.911806407035328, 6146931.013442235067487 ], [ 280115.329129361256491, 6147550.019060546532273 ], [ 280114.68600049224915, 6147551.631694067269564 ], [ 280114.185151182115078, 6147553.294027241878211 ], [ 280113.830355582816992, 6147554.993533551692963 ], [ 280113.624287257960532, 6147556.717406360432506 ], [ 280096.266980024403892, 6147786.007228504866362 ], [ 280096.214637366996612, 6147787.951288542710245 ], [ 280096.351355562859681, 6147789.891241459175944 ], [ 280096.675841904187109, 6147791.80874446965754 ], [ 280097.185028283973224, 6147793.685667061246932 ], [ 280097.87410020607058, 6147795.504262417554855 ], [ 280098.736542307306081, 6147797.247335223481059 ], [ 280099.764199962257408, 6147798.898404248990119 ], [ 280100.94735638727434, 6147800.441858186386526 ], [ 280102.274824515392538, 6147801.863103257492185 ], [ 280103.7340527731576, 6147803.148701202124357 ], [ 280105.311243759002537, 6147804.286496340297163 ], [ 280106.991484701749869, 6147805.265730509534478 ], [ 280108.758888464537449, 6147806.077144782990217 ], [ 280110.596743762434926, 6147806.71306701656431 ], [ 280112.487673171970528, 6147807.167484392412007 ], [ 280373.587101815966889, 6147856.62541332654655 ], [ 280341.275528577738442, 6147878.454203973524272 ], [ 280340.821067539509386, 6147878.770474140532315 ], [ 280225.454317009949591, 6147961.450510860420763 ], [ 280223.914659140340518, 6147962.672802309505641 ], [ 280222.502435400732793, 6147964.040342749096453 ], [ 280221.231289788905997, 6147965.539919881150126 ], [ 280210.370987747097388, 6147979.70873446483165 ], [ 280209.215638176479843, 6147981.386600374244153 ], [ 280208.236965296498965, 6147983.173291740007699 ], [ 280207.445123001292814, 6147985.05027134064585 ], [ 280206.84832678665407, 6147986.998065199702978 ], [ 280169.879638264304958, 6148134.007619081996381 ], [ 280169.527947334339842, 6148135.719100520014763 ], [ 280169.523461769858841, 6148135.757838818244636 ], [ 280169.51602405461017, 6148135.794387091882527 ], [ 280169.455117005854845, 6148136.34807887673378 ], [ 280169.326974397350568, 6148137.454745962284505 ], [ 280169.324797524430323, 6148137.532782909460366 ], [ 280169.316650514490902, 6148137.606845478527248 ], [ 280129.795142605900764, 6148754.667523560114205 ], [ 280076.707286501303315, 6148920.487464717589319 ], [ 279891.227579338883515, 6149361.239701776765287 ], [ 279890.929280702897813, 6149362.054338255897164 ], [ 279890.715327273472212, 6149362.591680521145463 ], [ 279890.671277721296065, 6149362.7489312896505 ], [ 279890.608007644827012, 6149362.918338051065803 ], [ 279890.594951528939418, 6149362.967372068203986 ], [ 279890.577003042330034, 6149363.016388356685638 ], [ 279890.294863885908853, 6149364.092676279135048 ], [ 279890.14479809673503, 6149364.628390255384147 ], [ 279890.13112957024714, 6149364.709318461827934 ], [ 279890.10796468303306, 6149364.796317343600094 ], [ 279890.103845085890498, 6149364.821363605558872 ], [ 279890.097229090344626, 6149364.846601917408407 ], [ 279889.792551297694445, 6149366.713962665759027 ], [ 279882.34136409003986, 6149431.553489353507757 ], [ 279882.213106775947381, 6149433.520027552731335 ], [ 279882.214443446311634, 6149433.559975153766572 ], [ 279882.212020271574147, 6149433.598283072933555 ], [ 279882.236817598051857, 6149434.228646884672344 ], [ 279882.279011223406997, 6149435.489641482941806 ], [ 279882.289542391197756, 6149435.568944661878049 ], [ 279882.292557084059808, 6149435.645580071955919 ], [ 279882.395129562704824, 6149436.364051011390984 ], [ 279882.538437545998022, 6149437.443207559175789 ], [ 279882.565887154603843, 6149437.560125915333629 ], [ 279882.582129311631434, 6149437.673894423060119 ], [ 279882.762105935718864, 6149438.395896569825709 ], [ 279882.988866894098464, 6149439.361758009530604 ], [ 279883.040677750133909, 6149439.51342752110213 ], [ 279883.077697958040517, 6149439.661939416080713 ], [ 279883.328156795760151, 6149440.35498486366123 ], [ 279883.625925911357626, 6149441.226665041409433 ], [ 279883.709116812213324, 6149441.409140537492931 ], [ 279883.774062140262686, 6149441.588850961998105 ], [ 279930.087335646501742, 6149551.734842319041491 ], [ 279930.863644967030268, 6149553.369834404438734 ], [ 279930.873857828322798, 6149553.387113288976252 ], [ 279930.882295900082681, 6149553.404839402064681 ], [ 279930.889173054834828, 6149553.416396065615118 ], [ 279930.89487791917054, 6149553.428359882906079 ], [ 279930.934807373210788, 6149553.495154602453113 ], [ 279930.965880452422425, 6149553.559697549790144 ], [ 279931.243694324512035, 6149554.012830411083996 ], [ 279931.784585152170621, 6149554.927950079552829 ], [ 279931.808056178328115, 6149554.960526417009532 ], [ 279931.828129203058779, 6149554.994257982820272 ], [ 279931.843961078324355, 6149555.016003515571356 ], [ 279931.857560898584779, 6149555.038753543049097 ], [ 279931.949901929649059, 6149555.164701879024506 ], [ 279932.024479715444613, 6149555.28634319640696 ], [ 279932.358905712782871, 6149555.725071609951556 ], [ 279932.842614035063889, 6149556.396428939886391 ], [ 279932.882102475035936, 6149556.44192036241293 ], [ 279932.91674666601466, 6149556.489505147561431 ], [ 279932.943408283870667, 6149556.519792573526502 ], [ 279932.966912670759484, 6149556.55185132753104 ], [ 279933.123161221097689, 6149556.727686864323914 ], [ 279933.252277665422298, 6149556.897072777152061 ], [ 279933.593180210271385, 6149557.261095228604972 ], [ 279934.029066742048599, 6149557.763244675472379 ], [ 279934.086999123624992, 6149557.81890438683331 ], [ 279934.138838290702552, 6149557.877793346531689 ], [ 279934.177968897507526, 6149557.914722995832562 ], [ 279934.21317058999557, 6149557.954337498173118 ], [ 279934.443716692388989, 6149558.169314834289253 ], [ 279934.636683425924275, 6149558.375368512235582 ], [ 279934.954378286551218, 6149558.65225652884692 ], [ 279935.334226654609665, 6149559.017203560099006 ], [ 279935.412654450221453, 6149559.07996188569814 ], [ 279935.483952590555418, 6149559.147249759174883 ], [ 279935.536925668711774, 6149559.188699463382363 ], [ 279935.585367193154525, 6149559.233869734220207 ], [ 279935.899439507338684, 6149559.475927789695561 ], [ 279936.163500131922774, 6149559.706070708110929 ], [ 279936.435395975364372, 6149559.898364909924567 ], [ 279936.747404985188041, 6149560.148036123253405 ], [ 280183.578873098653276, 6149739.966169845312834 ], [ 280184.300535059068352, 6149740.4680066248402 ], [ 280317.344110480044037, 6149828.712101171724498 ], [ 280319.092564118967857, 6149829.747905329801142 ], [ 280320.93710537313018, 6149830.600928157567978 ], [ 280322.858689444605261, 6149831.262362235225737 ], [ 280324.837476072192658, 6149831.725378287024796 ], [ 280406.647377340239473, 6149846.530042169615626 ], [ 280535.574975985102355, 6149933.525241609662771 ], [ 280399.135232025757432, 6149953.333879502490163 ], [ 280227.276205994421616, 6149960.656346603296697 ], [ 280226.597395183925983, 6149960.719480740837753 ], [ 280225.981363055005204, 6149960.753707177937031 ], [ 280225.6415849897312, 6149960.808377753011882 ], [ 280225.27932433312526, 6149960.842070519924164 ], [ 280224.568296978715807, 6149960.981070692650974 ], [ 280223.928088940156158, 6149961.084080702625215 ], [ 280223.630233327450696, 6149961.164454650133848 ], [ 280223.311082110914867, 6149961.226846165955067 ], [ 280222.575286665814929, 6149961.449123543687165 ], [ 280221.920222693355754, 6149961.625887301750481 ], [ 280221.665726044913754, 6149961.72389386408031 ], [ 280221.391270149906632, 6149961.806804592721164 ], [ 280016.595135701645631, 6150035.065809220075607 ], [ 280014.716311945463531, 6150035.847860669717193 ], [ 280012.926688937528525, 6150036.816794447600842 ], [ 280011.244796359096654, 6150037.962578253820539 ], [ 280009.688048455165699, 6150039.27334869094193 ], [ 280008.272563728038222, 6150040.735534097999334 ], [ 280007.012998046877328, 6150042.333995067514479 ], [ 279955.583963391312864, 6150114.912531496956944 ], [ 279878.332547074183822, 6150159.518128084950149 ], [ 279876.541017586889211, 6150160.684499652124941 ], [ 279874.884214928199071, 6150162.035427290946245 ], [ 279873.381068070826586, 6150163.555476651526988 ], [ 279872.048750469635706, 6150165.227281169034541 ], [ 279870.902483855024911, 6150167.031740474514663 ], [ 279686.399853156413883, 6150494.981956152245402 ], [ 279686.306146100687329, 6150495.173397577367723 ], [ 279686.155864019470755, 6150495.428861167281866 ], [ 279686.099329576652963, 6150495.548249668441713 ], [ 279686.042149597720709, 6150495.646831003949046 ], [ 279686.031163979903795, 6150495.671181105077267 ], [ 279686.017125382553786, 6150495.695690183900297 ], [ 279685.884265869390219, 6150495.990224269218743 ], [ 279685.715378364373464, 6150496.31278936099261 ], [ 279685.561640996136703, 6150496.683731521479785 ], [ 279685.406517622177489, 6150497.011318497359753 ], [ 279685.393401915614959, 6150497.038113593123853 ], [ 279515.10334043711191, 6150902.142624078318477 ], [ 279514.403778069419786, 6150904.080717637203634 ], [ 279513.907333720009774, 6150906.080501914024353 ], [ 279513.619276641926263, 6150908.12075122911483 ], [ 279513.542664268868975, 6150910.179810405708849 ], [ 279513.678309763490688, 6150912.235824619419873 ], [ 279514.024773386365268, 6150914.26697136554867 ], [ 279514.578377777826972, 6150916.251692082732916 ], [ 279515.333246988826431, 6150918.168920974247158 ], [ 279516.281368848634884, 6150919.998308599926531 ], [ 279517.412680005654693, 6150921.720437867566943 ], [ 279550.727637897012755, 6150967.148530129343271 ], [ 279551.696017849375494, 6150968.366638386622071 ], [ 279574.519248120661359, 6150994.888174494728446 ], [ 279504.159978393814526, 6151311.75726967677474 ], [ 279422.39922986261081, 6151626.500009925104678 ], [ 279340.080600951157976, 6151911.562122626230121 ], [ 279339.588705997739453, 6151913.698641519062221 ], [ 279339.333621016645338, 6151915.876164257526398 ], [ 279339.318411283544265, 6151918.068524239584804 ], [ 279344.068192155333236, 6152017.152399549260736 ], [ 279344.110611469717696, 6152017.602505410090089 ], [ 279344.12558169325348, 6152017.985493956133723 ], [ 279344.140920704114251, 6152018.094148490577936 ], [ 279344.146554585604463, 6152018.205191385932267 ], [ 279344.201534605643246, 6152018.56727905292064 ], [ 279344.241017553606071, 6152018.986227509565651 ], [ 279344.344304460508283, 6152019.534825958311558 ], [ 279344.408325480471831, 6152019.988321569748223 ], [ 279344.431759250175674, 6152020.083493567071855 ], [ 279344.446665680909064, 6152020.181664406321943 ], [ 279344.520018527342472, 6152020.468114285729825 ], [ 279344.581822153239045, 6152020.796378286555409 ], [ 279344.766408665454946, 6152021.442611349746585 ], [ 279344.891918822017033, 6152021.952348041348159 ], [ 279344.920908333384432, 6152022.03362731076777 ], [ 279344.942591754428577, 6152022.118303143419325 ], [ 279345.01932750781998, 6152022.328074303455651 ], [ 279345.087715255096555, 6152022.567498208023608 ], [ 279345.377700816490687, 6152023.314358086325228 ], [ 279345.571415449609049, 6152023.85748500097543 ], [ 279567.766077532724012, 6152559.539999541826546 ], [ 279568.613675385422539, 6152561.327972941100597 ], [ 279569.633801992575172, 6152563.023441225290298 ], [ 279570.816472173726652, 6152564.609808849170804 ], [ 279572.150109743350185, 6152566.071548165753484 ], [ 279573.621660820150282, 6152567.394351410679519 ], [ 279575.216721600969322, 6152568.565270750783384 ], [ 279576.919679347833153, 6152569.572845020331442 ], [ 279578.713865208032075, 6152570.407211903482676 ], [ 279580.58171737199882, 6152571.060204468667507 ], [ 279774.215571050764993, 6152628.174443858675659 ], [ 279776.152432390546892, 6152628.642255751416087 ], [ 279778.126230588648468, 6152628.915020283311605 ], [ 279780.117374317254871, 6152628.990030074492097 ], [ 279782.106100081873592, 6152628.86654060240835 ], [ 280050.36015303916065, 6152598.736661759205163 ], [ 280052.168937489099335, 6152598.449114983901381 ], [ 280053.943833293393254, 6152597.997308367863297 ], [ 280055.669956245284993, 6152597.385030743665993 ], [ 280057.332831145322416, 6152596.617416647262871 ], [ 280058.918513189710211, 6152595.700903260149062 ], [ 280060.41370491089765, 6152594.643176428042352 ], [ 280061.805867689661682, 6152593.453106206841767 ], [ 280069.818510549841449, 6152585.942053908482194 ], [ 280071.263998270267621, 6152584.437931559979916 ], [ 280072.544948786264285, 6152582.791424782946706 ], [ 280073.647425936535001, 6152581.020446826703846 ], [ 280153.122701987274922, 6152437.133147059939802 ], [ 280569.908456154633313, 6152543.572738680057228 ], [ 280571.460248490038794, 6152543.904072270728648 ], [ 280573.033423697343096, 6152544.111343030817807 ], [ 280682.674947799241636, 6152554.151614483445883 ], [ 280682.86466457444476, 6152554.160092474892735 ], [ 280683.055455348396208, 6152554.182799727655947 ], [ 280683.814538471051492, 6152554.202540080063045 ], [ 280684.53885127446847, 6152554.234907896257937 ], [ 280684.719978666980751, 6152554.226086524315178 ], [ 280684.903364534082357, 6152554.230855569243431 ], [ 280685.670662205200642, 6152554.179785778746009 ], [ 280686.40240610105684, 6152554.144147960469127 ], [ 280686.573443770234007, 6152554.119698453694582 ], [ 280686.747817555326037, 6152554.108092484995723 ], [ 280687.5167611145298, 6152553.984853046946228 ], [ 280688.249394348473288, 6152553.880124530754983 ], [ 280688.409078094060533, 6152553.841840414330363 ], [ 280688.573057813802734, 6152553.815559202805161 ], [ 280689.336912228260189, 6152553.61939253937453 ], [ 280690.063742260157596, 6152553.445135320536792 ], [ 280690.211053139762953, 6152553.394903026521206 ], [ 280690.363492839969695, 6152553.355754745192826 ], [ 280875.126360060356092, 6152496.685578756965697 ], [ 280811.309103997249622, 6152626.255953012034297 ], [ 280393.911337074590847, 6152606.713654202409089 ], [ 280391.842674657411408, 6152606.723904667422175 ], [ 280389.786137043498456, 6152606.947784793563187 ], [ 280387.763726456672885, 6152607.382899360731244 ], [ 280385.797080006857868, 6152608.024593221023679 ], [ 280383.907238201587461, 6152608.866001100279391 ], [ 280382.114419840741903, 6152609.898121051490307 ], [ 280380.437805701978505, 6152611.109910760074854 ], [ 280378.895333332067821, 6152612.488405684009194 ], [ 280377.503505138680339, 6152614.018857757560909 ], [ 280218.999165345274378, 6152807.538195956498384 ], [ 280030.110625221685041, 6152759.390299837104976 ], [ 280028.078663981170394, 6152758.98314976785332 ], [ 280026.015479681780562, 6152758.788449462503195 ], [ 280023.943223896087147, 6152758.808289338834584 ], [ 280021.884145593387075, 6152759.042456385679543 ], [ 280019.860352261806838, 6152759.488436444662511 ], [ 280017.893572548986413, 6152760.14144121017307 ], [ 280016.004922970372718, 6152760.994459633715451 ], [ 280007.406048065342475, 6152765.428169514983892 ], [ 280005.571903933770955, 6152766.500871729105711 ], [ 280003.861913714441471, 6152767.762104532681406 ], [ 280002.295377959031612, 6152769.197632471099496 ], [ 280000.889978057763074, 6152770.791252831928432 ], [ 279999.661576670303475, 6152772.524978521279991 ], [ 279832.168338113464415, 6153037.741153542883694 ], [ 279727.25984781421721, 6153078.007603622041643 ], [ 279725.436593273887411, 6153078.813837488181889 ], [ 279723.702660160837695, 6153079.79757837112993 ], [ 279722.075276271614712, 6153080.949052141979337 ], [ 279720.570610764320008, 6153082.256818128749728 ], [ 279719.203613506979309, 6153083.707882794551551 ], [ 279717.987866540730465, 6153085.287828831933439 ], [ 279716.935449132754002, 6153086.980958408676088 ], [ 279716.056817760807462, 6153088.770449140109122 ], [ 279715.360702221048996, 6153090.638521227054298 ], [ 279671.58339579886524, 6153228.80449509434402 ], [ 279670.942533402820118, 6153231.432950258255005 ], [ 279632.568828347546514, 6153453.037009138613939 ], [ 279632.3242810338852, 6153455.054220587946475 ], [ 279632.285677993786521, 6153457.085834533907473 ], [ 279632.453417701821309, 6153459.110879918560386 ], [ 279632.82576868776232, 6153461.108453487046063 ], [ 279633.398887409304734, 6153463.057935560122132 ], [ 279634.166857926698867, 6153464.939202873036265 ], [ 279635.12175296904752, 6153466.732836302369833 ], [ 279636.253715762577485, 6153468.420321310870349 ], [ 279637.551061775768176, 6153469.984239065088332 ], [ 279639.000399331504013, 6153471.408446237444878 ], [ 279640.586767840723041, 6153472.678241643123329 ], [ 279982.455148807261139, 6153718.909516099840403 ], [ 279983.590203743893653, 6153719.640038840472698 ], [ 279984.155878216086421, 6153720.008165349252522 ], [ 279984.185492440883536, 6153720.023167371749878 ], [ 279984.214336022268981, 6153720.04173113591969 ], [ 279986.082169178407639, 6153720.983988981693983 ], [ 280666.802927260636352, 6154020.811517908237875 ], [ 280668.713515568873845, 6154021.538876838982105 ], [ 280670.688374415272847, 6154022.06739480048418 ], [ 280672.706869493762497, 6154022.391549572348595 ], [ 280674.74791056511458, 6154022.507954224944115 ], [ 280676.790171818283852, 6154022.415392505936325 ], [ 280678.812314693292137, 6154022.114831544458866 ], [ 280680.793210836767685, 6154021.609411751851439 ], [ 280682.712162861891557, 6154020.904414004646242 ], [ 280684.549120604700875, 6154020.007204470224679 ], [ 280686.284890618233476, 6154018.927157638594508 ], [ 280704.39760613697581, 6154006.328792553395033 ], [ 280705.918304731487297, 6154005.158968023955822 ], [ 280705.936046790506225, 6154005.142383636906743 ], [ 280705.954798834980465, 6154005.127922505140305 ], [ 280706.408815450500697, 6154004.70046319719404 ], [ 280707.319914270425215, 6154003.848813702352345 ], [ 280707.35206548939459, 6154003.812387751415372 ], [ 280707.386534606979694, 6154003.779934874735773 ], [ 280707.865766055416316, 6154003.230387058109045 ], [ 280708.589536394167226, 6154002.410386328585446 ], [ 280708.632318046991713, 6154002.351360911503434 ], [ 280708.678972369292751, 6154002.297861123457551 ], [ 280709.120233371446375, 6154001.678189035505056 ], [ 280709.715487361710984, 6154000.856923080049455 ], [ 280709.764741059741937, 6154000.773093360476196 ], [ 280709.819617680332158, 6154000.696028970181942 ], [ 280710.20132528495742, 6154000.030027667991817 ], [ 280710.687405570992269, 6153999.202719755470753 ], [ 280710.738665454846341, 6153999.092479533515871 ], [ 280710.797443528310396, 6153998.989923878572881 ], [ 280711.110137755225878, 6153998.293586018495262 ], [ 280711.49634691135725, 6153997.462999216280878 ], [ 280711.544916872575413, 6153997.325377673842013 ], [ 280711.602996933623217, 6153997.196039355359972 ], [ 280711.842506114742719, 6153996.482167392969131 ], [ 280712.134867072687484, 6153995.653771300800145 ], [ 280712.175901984446682, 6153995.488460334949195 ], [ 280712.22849033359671, 6153995.331717500463128 ], [ 280912.440060180146247, 6153284.442598869092762 ], [ 281687.633635979145765, 6153435.580491343513131 ], [ 281689.531314539257437, 6153435.856808337382972 ], [ 281691.446733676479198, 6153435.950106394477189 ], [ 281693.362283338385168, 6153435.859527747146785 ], [ 281695.260352272773162, 6153435.585905162617564 ], [ 281697.123489942227025, 6153435.131754280999303 ], [ 281698.934566961776, 6153434.501250492408872 ], [ 281711.006514956825413, 6153429.637864557094872 ], [ 281713.054478777863551, 6153428.674764930270612 ], [ 281714.980525252816733, 6153427.486462914384902 ], [ 281723.25349119445309, 6153421.71161493845284 ], [ 281724.86207670380827, 6153420.462283560074866 ], [ 281726.335256805701647, 6153419.055828221142292 ], [ 281727.657753236824647, 6153417.50683518499136 ], [ 281728.815850465209223, 6153415.831368968822062 ], [ 281729.797537933452986, 6153414.046805731020868 ], [ 281730.592634619039018, 6153412.171653072349727 ], [ 281731.192894621461164, 6153410.225358088500798 ], [ 281815.118924433132634, 6153079.079622130841017 ], [ 281934.884882792539429, 6153109.708042779006064 ], [ 281936.903400454961229, 6153110.114840909838676 ], [ 281938.953046629962046, 6153110.311941974796355 ], [ 281941.012095589248929, 6153110.297256753779948 ], [ 281943.058721937530208, 6153110.070940905250609 ], [ 281945.071231956069823, 6153109.63539332151413 ], [ 281947.028293550363742, 6153108.995230694301426 ], [ 281948.909162365307566, 6153108.157238586805761 ], [ 281950.693901669757906, 6153107.130299500189722 ], [ 281952.363593681075145, 6153105.925298728048801 ], [ 281953.900540088652633, 6153104.555008972994983 ], [ 282190.059916981612332, 6152871.101481549441814 ], [ 282245.609657443827018, 6152860.506787858903408 ], [ 282247.394496285123751, 6152860.080677569843829 ], [ 282249.132768268173095, 6152859.492774361744523 ], [ 282250.809840533765964, 6152858.748027234338224 ], [ 282252.411595405312255, 6152857.852705504745245 ], [ 282493.238825742504559, 6152708.341745410114527 ], [ 282619.657410596497357, 6152704.110626520588994 ], [ 282621.619691609637812, 6152703.947971342131495 ], [ 282623.556468832830433, 6152703.593151008710265 ], [ 282625.448970036115497, 6152703.049604618921876 ], [ 282627.278852135001216, 6152702.3226005025208 ], [ 282629.028378981340211, 6152701.419185151346028 ], [ 282630.680593270983081, 6152700.348114928230643 ], [ 282632.219480902538635, 6152699.119771190918982 ], [ 282633.630126194271725, 6152697.746059669181705 ], [ 282634.898856454179622, 6152696.240295076742768 ], [ 282745.625201731454581, 6152550.866704625077546 ], [ 282862.564541260828264, 6152527.717256346717477 ], [ 282864.571845436003059, 6152527.21066103503108 ], [ 282866.51602720154915, 6152526.499277789145708 ], [ 282868.376255092967767, 6152525.590728916227818 ], [ 282870.13259719213238, 6152524.494749313220382 ], [ 282871.766234693757724, 6152523.223082149401307 ], [ 282873.25966354412958, 6152521.789353050291538 ], [ 282874.596881993464194, 6152520.208924096077681 ], [ 282875.763562050706241, 6152518.498729222454131 ], [ 282876.747203004953917, 6152516.677092778496444 ], [ 282990.522302785131615, 6152277.081046417355537 ], [ 283294.500543507339898, 6152193.56800545565784 ], [ 283296.429426359070931, 6152192.931098281405866 ], [ 283298.283755936543457, 6152192.101820508949459 ], [ 283300.044403718551621, 6152191.088726637884974 ], [ 283301.6932075676159, 6152189.902267336845398 ], [ 283303.213159083563369, 6152188.554681645706296 ], [ 283304.588579055387527, 6152187.059870719909668 ], [ 283305.805279201362282, 6152185.433254428207874 ], [ 283306.850708530168049, 6152183.691612293943763 ], [ 283307.714082811435219, 6152181.852910400368273 ], [ 283308.386495821992867, 6152179.936116058379412 ], [ 283338.286951571179088, 6152078.473958817310631 ], [ 283604.278095286281314, 6152106.327211721800268 ], [ 283606.126782819977961, 6152106.434598789550364 ], [ 283607.977478335029446, 6152106.370538737624884 ], [ 283609.814315922441892, 6152106.135580747388303 ], [ 283611.621548476687167, 6152105.731739101931453 ], [ 283613.3836826942279, 6152105.162475912831724 ], [ 283615.085611897229683, 6152104.432671440765262 ], [ 283616.712745542055927, 6152103.548582258634269 ], [ 283620.968885848997161, 6152100.973963225260377 ], [ 283621.779738283599727, 6152100.456427034921944 ], [ 283627.774041144992225, 6152096.424390137195587 ], [ 283629.290198847360443, 6152095.297000219114125 ], [ 283630.69320687931031, 6152094.031571173109114 ], [ 283631.970544298295863, 6152092.639396139420569 ], [ 283633.110811690974515, 6152091.132899382151663 ], [ 283634.103832905879244, 6152089.525525414384902 ], [ 283634.940745868603699, 6152087.83161901216954 ], [ 283635.61408167029731, 6152086.066297198645771 ], [ 283636.117831222945824, 6152084.245314333587885 ], [ 283685.698389180353843, 6151865.237766935490072 ], [ 283813.094518014462665, 6151787.852629412896931 ], [ 283813.769731498905458, 6151787.423763844184577 ], [ 283823.186852964339778, 6151781.174682158976793 ], [ 283824.685515383200254, 6151780.076624811626971 ], [ 283826.075818733836059, 6151778.844238679856062 ], [ 283827.345765675185248, 6151777.488158391788602 ], [ 283828.484397457330488, 6151776.020085965283215 ], [ 283829.481888487876859, 6151774.452689835801721 ], [ 283830.329631120082922, 6151772.799495529383421 ], [ 283848.333755188505165, 6151733.267735905945301 ], [ 283848.99108333705226, 6151731.638210344128311 ], [ 283849.502850114076864, 6151729.957279466092587 ], [ 283849.865105404402129, 6151728.237917678430676 ], [ 283896.922955337562598, 6151443.368896335363388 ], [ 284092.927772920171265, 6151110.238503286615014 ], [ 284244.799392680055462, 6151131.501281788572669 ], [ 284276.825247306551319, 6151291.922897448763251 ], [ 284239.97452808287926, 6151386.403858187608421 ], [ 284239.241142480343115, 6151388.676533587276936 ], [ 284238.783866967831273, 6151391.020420747809112 ], [ 284230.640674131398555, 6151451.91599204018712 ], [ 284230.468060479208361, 6151454.174766396172345 ], [ 284230.551990362408105, 6151456.438571344129741 ], [ 284244.787088824261446, 6151607.879930264316499 ], [ 284245.164205985958688, 6151610.295366514474154 ], [ 284269.353202708996832, 6151720.516938829794526 ], [ 284269.937234690529294, 6151722.621727854944766 ], [ 284270.747316548135132, 6151724.650273536331952 ], [ 284271.773785564233549, 6151726.578379227779806 ], [ 284364.57767139794305, 6151880.05792248249054 ], [ 284378.057496427965816, 6151973.998173870146275 ], [ 284375.496165409160312, 6152004.942552758380771 ], [ 284375.434132370282896, 6152007.087455532513559 ], [ 284375.602251578879077, 6152009.226659108884633 ], [ 284375.998587791225873, 6152011.335538815706968 ], [ 284383.353428718575742, 6152041.463022042997181 ], [ 284383.930847500101663, 6152043.398325345478952 ], [ 284384.700500625418499, 6152045.265527901239693 ], [ 284385.654539919865783, 6152047.045589795336127 ], [ 284386.783237017632928, 6152048.720359683968127 ], [ 284388.075082562747411, 6152050.272759892977774 ], [ 284393.113404499366879, 6152055.740394643507898 ], [ 284394.559671377588529, 6152057.158534673042595 ], [ 284396.141961706860457, 6152058.423116160556674 ], [ 284397.844045899342746, 6152059.521168266423047 ], [ 284399.648465639154892, 6152060.441428245045245 ], [ 284401.53671295219101, 6152061.174456968903542 ], [ 284403.489420043188147, 6152061.712735746055841 ], [ 284543.384738565189764, 6152092.748985230922699 ], [ 284543.535644402261823, 6152092.774741225875914 ], [ 284543.694099849497434, 6152092.815055508166552 ], [ 284544.674489460419863, 6152092.969114667735994 ], [ 284545.326675903634168, 6152093.080427197739482 ], [ 284545.428706886537839, 6152093.087632960639894 ], [ 284545.53618805372389, 6152093.104522632434964 ], [ 284546.706800390093122, 6152093.177896125242114 ], [ 284547.291800208389759, 6152093.219210734590888 ], [ 284547.343023619672749, 6152093.217774331569672 ], [ 284547.397228923044167, 6152093.221171896904707 ], [ 284549.26104498677887, 6152093.163989304564893 ], [ 284930.221976939006709, 6152063.655002115294337 ], [ 285077.394688239553943, 6152222.524562796577811 ], [ 285077.94503950222861, 6152223.095519702881575 ], [ 285323.296761902922299, 6152467.735579026862979 ], [ 285317.000480391841847, 6152502.334340812638402 ], [ 285119.704278465243988, 6152698.486975134350359 ], [ 285118.398007381765638, 6152699.918023227714002 ], [ 285117.236342622782104, 6152701.468757820315659 ], [ 285116.230187117413152, 6152703.124624326825142 ], [ 285115.388984245772008, 6152704.870081435889006 ], [ 285114.720629207324237, 6152706.68874697200954 ], [ 285114.231394919857848, 6152708.563551655039191 ], [ 285113.925873144122306, 6152710.476899306289852 ], [ 285029.96442007861333, 6153471.492211372591555 ], [ 285029.937028037093114, 6153471.970091505907476 ], [ 285029.874618564383127, 6153472.575552421621978 ], [ 285029.869905266561545, 6153473.14111187402159 ], [ 285029.844011470326222, 6153473.592853697948158 ], [ 285029.862868705706205, 6153473.985445002093911 ], [ 285029.858893740572967, 6153474.462410215288401 ], [ 285029.919559212401509, 6153475.165692237205803 ], [ 285029.944960309367161, 6153475.694521070457995 ], [ 285029.990745927731041, 6153475.990944817662239 ], [ 285030.021058518148493, 6153476.342352285981178 ], [ 285030.177454964723438, 6153477.199730333872139 ], [ 285030.266149294795468, 6153477.773952253162861 ], [ 285030.317903623799793, 6153477.969681312330067 ], [ 285030.359669436176773, 6153478.198644895106554 ], [ 285030.661741247575264, 6153479.270036587491632 ], [ 285030.80402350978693, 6153479.808132123202085 ], [ 285030.840377428045031, 6153479.903625398874283 ], [ 285030.871712451509666, 6153480.014764811843634 ], [ 285031.552629767393228, 6153481.774546393193305 ], [ 285034.354709651030134, 6153488.110658517107368 ], [ 285035.203011779405642, 6153489.806591251865029 ], [ 285035.275654905999545, 6153489.922805968672037 ], [ 285035.329391527280677, 6153490.028543720953166 ], [ 285035.628192229487468, 6153490.486796356737614 ], [ 285036.208116733236238, 6153491.414561516605318 ], [ 285036.376608849619515, 6153491.634597839787602 ], [ 285036.504437625524588, 6153491.830641132779419 ], [ 285168.788514814979862, 6153672.645634032785892 ], [ 285176.657757204840891, 6153689.491701446473598 ], [ 285097.063578861649148, 6154202.262335805222392 ], [ 285096.860524041869212, 6154204.170890606939793 ], [ 285096.841350224334747, 6154206.09012093488127 ], [ 285097.00623399077449, 6154208.002351578325033 ], [ 285097.35365683893906, 6154209.889971787109971 ], [ 285097.88041916716611, 6154211.735597464255989 ], [ 285098.581669740960933, 6154213.522231260314584 ], [ 285099.450950370926876, 6154215.233419115655124 ], [ 285100.480255389644299, 6154216.85340179130435 ], [ 285101.660105379763991, 6154218.367260004393756 ], [ 285102.979634475428611, 6154219.76105183083564 ], [ 285104.426690431602765, 6154221.021941100247204 ], [ 285105.987946540408302, 6154222.138315612450242 ], [ 285569.894310946576297, 6154521.292789705097675 ], [ 285578.725111136678606, 6154530.857166562229395 ], [ 285614.953220488503575, 6154687.660670747049153 ], [ 285615.459629729972221, 6154689.463207820430398 ], [ 285615.50626158574596, 6154689.58432087674737 ], [ 285615.537479749589693, 6154689.692907427437603 ], [ 285615.741910052776802, 6154690.196351123042405 ], [ 285616.13238143385388, 6154691.210490100085735 ], [ 285616.249059405119624, 6154691.44529093336314 ], [ 285616.333036900381558, 6154691.652099512517452 ], [ 285616.595032032986637, 6154692.141520568169653 ], [ 285616.965579620620701, 6154692.887204447761178 ], [ 285617.175666398718022, 6154693.226176916621625 ], [ 285617.330998915072996, 6154693.516346445307136 ], [ 285617.60709989600582, 6154693.922289633192122 ], [ 285617.951922161737457, 6154694.478656178340316 ], [ 285618.279651242948603, 6154694.911122187040746 ], [ 285618.520210212911479, 6154695.264808997511864 ], [ 285721.231633870454971, 6154830.328648550435901 ], [ 285815.249064357485622, 6154998.925313212908804 ], [ 285815.560604817292187, 6154999.464099966920912 ], [ 285917.41348433616804, 6155169.451648046262562 ], [ 285908.176892536750529, 6155210.650999641045928 ], [ 285908.009450234589167, 6155211.479517755098641 ], [ 285904.51636218058411, 6155230.86484322976321 ], [ 285904.275763241574168, 6155232.665154822170734 ], [ 285904.271390040579718, 6155232.769196087494493 ], [ 285904.259542353567667, 6155232.86129707749933 ], [ 285904.244832809898071, 6155233.401009690947831 ], [ 285904.19948471582029, 6155234.479870025068521 ], [ 285904.209721185208764, 6155234.689301645383239 ], [ 285904.204702213290147, 6155234.873454364016652 ], [ 285904.246470780170057, 6155235.441174866631627 ], [ 285904.28815571218729, 6155236.294021929614246 ], [ 285904.332333914237097, 6155236.608230987563729 ], [ 285904.352397260721773, 6155236.880933022126555 ], [ 285904.443465243792161, 6155237.398631429299712 ], [ 285904.541044914571103, 6155238.092648275196552 ], [ 285904.638862840132788, 6155238.509417249821126 ], [ 285904.701131424633786, 6155238.863398374058306 ], [ 285904.825340021227021, 6155239.303933216258883 ], [ 285904.956066613085568, 6155239.860914846882224 ], [ 285905.127936317410786, 6155240.377161762677133 ], [ 285905.247372216021176, 6155240.800769114866853 ], [ 286027.89575874467846, 6155604.607257211580873 ], [ 286065.35924941644771, 6155928.643307672813535 ], [ 285989.960183709859848, 6156463.596593237482011 ], [ 285989.782184245705139, 6156465.545615864917636 ], [ 285989.795533514523413, 6156467.502704214304686 ], [ 285990.000103684666101, 6156469.449117339216173 ], [ 285990.393935805943329, 6156471.366216520778835 ], [ 285990.97325856849784, 6156473.235643745400012 ], [ 285991.732524416758679, 6156475.039497503079474 ], [ 285992.664462672139052, 6156476.760504214093089 ], [ 285993.76014915673295, 6156478.382183632813394 ], [ 285995.009091650717892, 6156479.889006667770445 ], [ 285996.399330365122296, 6156481.266544081270695 ], [ 285997.917552467726637, 6156482.501604669727385 ], [ 285999.549219566222746, 6156483.582361576147377 ], [ 286001.278706926445011, 6156484.49846554454416 ], [ 286003.089453094056807, 6156485.241144025698304 ], [ 286394.085030631918926, 6156623.673093533143401 ], [ 286509.25446975271916, 6156724.691529734060168 ], [ 286542.486957789864391, 6156818.83372760284692 ], [ 286494.232073696912266, 6157025.384265250526369 ], [ 286488.447940877173096, 6157013.901380494236946 ], [ 286487.55087384628132, 6157012.306554026901722 ], [ 286486.511802629102021, 6157010.800389451906085 ], [ 286485.339424773352221, 6157009.395494123920798 ], [ 286484.043553669878747, 6157008.103627720847726 ], [ 286482.635036410123575, 6157006.935603813268244 ], [ 286318.635416741890367, 6156883.148438577540219 ], [ 286317.072282581939362, 6156882.080816289409995 ], [ 285923.137421705701854, 6156639.53449122980237 ], [ 285922.761671998945531, 6156639.308782280422747 ], [ 285839.47821989149088, 6156590.515173480845988 ], [ 285837.730722126085311, 6156589.603902257978916 ], [ 285835.902019932982512, 6156588.869047190062702 ], [ 285834.009870758862235, 6156588.317744020372629 ], [ 285832.072648146538995, 6156587.955346128903329 ], [ 285830.109163320274092, 6156587.785372546873987 ], [ 285828.138482521171682, 6156587.809473786503077 ], [ 285826.179741866246331, 6156588.027415816672146 ], [ 285824.251961528731044, 6156588.437082329764962 ], [ 285822.373861044587102, 6156589.034495296888053 ], [ 285820.563677538069896, 6156589.813853593543172 ], [ 285818.838988631672692, 6156590.76758933160454 ], [ 285817.216541760542896, 6156591.886441347189248 ], [ 285815.712091547669843, 6156593.159545128233731 ], [ 285814.340246820182074, 6156594.574538317508996 ], [ 285813.11432875180617, 6156596.117680751718581 ], [ 285812.04624150856398, 6156597.773987885564566 ], [ 285414.933322143158875, 6157285.809227604418993 ], [ 285414.066331509675365, 6157287.490294928662479 ], [ 285413.362024726811796, 6157289.245747026056051 ], [ 285412.826701220415998, 6157291.059882867150009 ], [ 285412.465149004303385, 6157292.916476550512016 ], [ 285412.280601855891291, 6157294.79892242141068 ], [ 285412.274710392521229, 6157296.690383601933718 ], [ 285412.447527308366261, 6157298.573942579329014 ], [ 285412.797506903007161, 6157300.43275251891464 ], [ 285413.321518906275742, 6157302.25018794555217 ], [ 285516.359826048195828, 6157605.028290118090808 ], [ 285241.442446757224388, 6157930.179140479303896 ], [ 285240.19726918800734, 6157931.815562683157623 ], [ 285239.126698709500488, 6157933.571188970468938 ], [ 285238.242052174580749, 6157935.427460856735706 ], [ 285237.552681059751194, 6157937.364755949936807 ], [ 285237.065872611943632, 6157939.362595368176699 ], [ 285236.786772816150915, 6157941.399860229343176 ], [ 285229.686771612672601, 6158025.005005373619497 ], [ 285229.617464831913821, 6158027.00879036821425 ], [ 285229.749131570570171, 6158029.009445662610233 ], [ 285230.08044859173242, 6158030.986864881590009 ], [ 285230.608086194319185, 6158032.921175171621144 ], [ 285231.326741676195525, 6158034.7929369173944 ], [ 285232.22919262573123, 6158036.583339111879468 ], [ 285233.306369506230112, 6158038.274388402700424 ], [ 285234.547446803888306, 6158039.84908992331475 ], [ 285235.939951822918374, 6158041.291618088260293 ], [ 285237.469890034990385, 6158042.587475643493235 ], [ 285239.121885722852312, 6158043.723639356903732 ], [ 285240.879336504323874, 6158044.688690902665257 ], [ 285242.724580184731167, 6158045.472931616008282 ], [ 285782.152597464737482, 6158243.438140704296529 ], [ 285782.596209877054207, 6158243.595046187750995 ], [ 285904.080986162589397, 6158284.962819391861558 ], [ 285906.022792480303906, 6158285.516366814263165 ], [ 285908.010516729787923, 6158285.871301783248782 ], [ 285910.023898899904452, 6158286.02400659956038 ], [ 285912.042417459422722, 6158285.972924810834229 ], [ 285914.045498523977585, 6158285.718577071093023 ], [ 286113.119461201131344, 6158250.150331628508866 ], [ 286007.058029566542245, 6158418.497229697182775 ], [ 286006.154936688486487, 6158420.087535851635039 ], [ 286005.400888058473356, 6158421.753687426447868 ], [ 286004.80218874925049, 6158423.481752688065171 ], [ 285967.918386994337197, 6158548.091696856543422 ], [ 285967.492917426221538, 6158549.803036662749946 ], [ 285875.032974785252009, 6159006.914860558696091 ], [ 285874.750074239796959, 6159008.746753226965666 ], [ 285874.637986877583899, 6159010.596969401463866 ], [ 285873.380423297407106, 6159099.465232571586967 ], [ 285873.458655978378374, 6159101.537902265787125 ], [ 285873.751129718031734, 6159103.591323587112129 ], [ 285874.254698902892414, 6159105.603411579504609 ], [ 285874.963947545620613, 6159107.552525834180415 ], [ 285875.87124753522221, 6159109.417703236453235 ], [ 285876.966840678709559, 6159111.178883430548012 ], [ 285878.238943652831949, 6159112.81712457165122 ], [ 285879.673874735424761, 6159114.314807048067451 ], [ 285973.638263250119053, 6159202.718457738868892 ], [ 285905.537345859280322, 6159442.467281251214445 ], [ 285905.111207919486333, 6159444.287124670110643 ], [ 285904.856815823179204, 6159446.138801821507514 ], [ 285904.776391318882816, 6159448.006140974350274 ], [ 285904.846970674581826, 6159467.074661736376584 ], [ 285904.953187005943619, 6159469.060446351766586 ], [ 285905.256082991487347, 6159471.025866528041661 ], [ 285905.752664033090696, 6159472.951491029001772 ], [ 285906.438020654488355, 6159474.818282058462501 ], [ 285907.305377038894221, 6159476.607783484272659 ], [ 285908.346158018801361, 6159478.302303297445178 ], [ 285909.550073854567017, 6159479.885088535025716 ], [ 285910.905221964756493, 6159481.340490901842713 ], [ 285912.398204601544421, 6159482.654121479019523 ], [ 285914.014261308475398, 6159483.812992985360324 ], [ 285928.187121921742801, 6159492.944879171438515 ], [ 285833.864842222945299, 6159760.26724867708981 ], [ 285833.256229086546227, 6159762.344030256383121 ], [ 285832.875570430303924, 6159764.474413006566465 ], [ 285801.811271665850654, 6160016.405663958750665 ], [ 285801.666909935302101, 6160019.341718489304185 ], [ 285804.620922212023288, 6160140.24844222702086 ], [ 285409.127929930516984, 6160014.542842021211982 ], [ 285407.231401283410378, 6160014.040999189019203 ], [ 285405.294829946651589, 6160013.727377449162304 ], [ 285403.336848966428079, 6160013.604994366876781 ], [ 285401.376297385315411, 6160013.675027471035719 ], [ 285399.432038979430217, 6160013.93680292647332 ], [ 285397.522780757339206, 6160014.387802015990019 ], [ 285395.666892967594322, 6160015.023685378022492 ], [ 285393.882232345931698, 6160015.838334752246737 ], [ 285392.185970304184593, 6160016.823911854065955 ], [ 285390.594427712145261, 6160017.9709337875247 ], [ 285389.122917864180636, 6160019.268364288844168 ], [ 285387.785599138936959, 6160020.703719912096858 ], [ 285341.982547385967337, 6160074.973896501585841 ], [ 285340.808490074647125, 6160076.509863493964076 ], [ 285339.78821782884188, 6160078.152011390775442 ], [ 285338.931264085927978, 6160079.884995942004025 ], [ 285338.245636232721154, 6160081.69262411724776 ], [ 285337.737740784592461, 6160083.558005414903164 ], [ 285262.781741321319714, 6160422.764986114576459 ], [ 285262.374130627373233, 6160425.487885071896017 ], [ 285248.087114313791972, 6160604.348985445685685 ], [ 285248.030332467809785, 6160606.459842257201672 ], [ 285248.196422756416723, 6160608.56492056325078 ], [ 285248.583533712662756, 6160610.640754315070808 ], [ 285249.187350074644201, 6160612.664203464053571 ], [ 285250.001140888838563, 6160614.612711911089718 ], [ 285297.280675255402457, 6160712.879358828999102 ], [ 285297.36587110941764, 6160713.054249234497547 ], [ 285507.679163416556548, 6161139.505779408849776 ], [ 285508.672782400855795, 6161141.285672068595886 ], [ 285509.842416192695964, 6161142.955178989097476 ], [ 285511.17591435398208, 6161144.496956929564476 ], [ 285512.659424183890224, 6161145.894989529624581 ], [ 285618.878019344352651, 6161236.229408808983862 ], [ 285620.333658445859328, 6161237.356164239346981 ], [ 285621.886727522476576, 6161238.344313739798963 ], [ 285623.524070281477179, 6161239.185486542060971 ], [ 285625.231816534535028, 6161239.872556937858462 ], [ 285626.995499694137834, 6161240.399704645387828 ], [ 285690.987832487153355, 6161256.358630219474435 ], [ 285719.615735984407365, 6161356.824660986661911 ], [ 285720.316382824676111, 6161358.860578211955726 ], [ 285721.231829048425425, 6161360.809378650970757 ], [ 285722.351464942854363, 6161362.648476365953684 ], [ 285723.662314306071494, 6161364.356556835584342 ], [ 285725.149184836423956, 6161365.913823982700706 ], [ 285732.679680536559317, 6161372.995121479034424 ], [ 285629.410797009593807, 6161731.429411818273365 ], [ 285628.95253297832096, 6161733.383917838335037 ], [ 285628.692514876776841, 6161735.374518323689699 ], [ 285628.63336245220853, 6161737.381157478317618 ], [ 285628.775671679992229, 6161739.38361791241914 ], [ 285629.118008759221993, 6161741.361724337562919 ], [ 285629.656924558570608, 6161743.295546839013696 ], [ 285630.386989366845228, 6161745.16560167260468 ], [ 285631.300847599282861, 6161746.953047569841146 ], [ 285632.389291906380095, 6161748.639875568449497 ], [ 285633.641355940373614, 6161750.209090454503894 ], [ 285635.044424844032619, 6161751.644881998188794 ], [ 285636.584362348425202, 6161752.932784241624177 ], [ 285638.245653199381195, 6161754.059821248054504 ], [ 285640.011559477483388, 6161755.014637839049101 ], [ 285641.864289236720651, 6161755.787614 ], [ 285643.785175763012376, 6161756.370961802080274 ], [ 285770.504183830809779, 6161788.003348442725837 ], [ 285772.143144499103073, 6161788.340334388427436 ], [ 285773.804537652817089, 6161788.539141803048551 ], [ 286285.369867358240299, 6161828.138119555078447 ], [ 286287.343226307071745, 6161828.193151468411088 ], [ 286289.312397479312494, 6161828.053369685076177 ], [ 286789.400264831085224, 6161767.631627256050706 ], [ 287128.88438392378157, 6161875.956393809057772 ], [ 287129.390364721184596, 6161876.110503810457885 ], [ 287152.782230133889243, 6161882.898438817821443 ], [ 287154.717234643234406, 6161883.357003887183964 ], [ 287156.688212836335879, 6161883.621142744086683 ], [ 287158.675679009931628, 6161883.688244031742215 ], [ 287160.659984455327503, 6161883.55764436442405 ], [ 287162.621511711971834, 6161883.230634892359376 ], [ 287164.540868511539884, 6161882.71044853143394 ], [ 287166.399079495866317, 6161882.002228006720543 ], [ 287168.177773813367821, 6161881.112975005991757 ], [ 287169.85936673899414, 6161880.051480961963534 ], [ 287171.427233522175811, 6161878.828240133821964 ], [ 287172.865873744420242, 6161877.455345860682428 ], [ 287174.161064561223611, 6161875.946371003054082 ], [ 287175.300001313327812, 6161874.31623375415802 ], [ 287176.271424118021969, 6161872.581050159409642 ], [ 287264.679818888253067, 6161694.422247458249331 ], [ 287627.982823814847507, 6161898.579561018384993 ], [ 287955.219828186091036, 6162153.196177935227752 ], [ 287957.053018168837298, 6162154.465092903003097 ], [ 287959.016051043232437, 6162155.522085165604949 ], [ 287961.084532539651264, 6162156.35401966329664 ], [ 288046.800418048573192, 6162185.391565547324717 ], [ 288048.719827907392755, 6162185.936705523170531 ], [ 288050.684004349634051, 6162186.287878847680986 ], [ 288052.673397378181107, 6162186.441590192727745 ], [ 288054.668206008092966, 6162186.396309628151357 ], [ 288056.648575351631735, 6162186.152487842366099 ], [ 288058.59479423915036, 6162185.712551663629711 ], [ 288060.487491410109214, 6162185.080879898741841 ], [ 288066.853634798259009, 6162182.596869022585452 ], [ 288067.339912335213739, 6162182.399739410728216 ], [ 288080.146026788221207, 6162177.01167434733361 ], [ 288081.863667381403502, 6162176.190690684132278 ], [ 288083.495467164786533, 6162175.210112869739532 ], [ 288085.026640794822015, 6162174.078825684264302 ], [ 288086.443314676871523, 6162172.807079445570707 ], [ 288440.666485414258204, 6161822.980044315569103 ], [ 288442.126078606990632, 6161821.372962263412774 ], [ 288443.402883256378118, 6161819.617144818417728 ], [ 288602.739236077060923, 6161573.441988145001233 ], [ 288603.722142769256607, 6161571.746714111417532 ], [ 288604.534427339793183, 6161569.963387615978718 ], [ 288605.168291735462844, 6161568.109128857031465 ], [ 288605.617650763771962, 6161566.201738997362554 ], [ 288619.06206676538568, 6161493.296107671223581 ], [ 288619.293339892814402, 6161491.670146521180868 ], [ 288619.390427891456056, 6161490.030692087486386 ], [ 288619.527639160689432, 6161482.44278041087091 ], [ 288619.530590972281061, 6161482.193838713690639 ], [ 288619.656103692541365, 6161459.911859795451164 ], [ 288619.576691103633493, 6161458.015151975676417 ], [ 288619.317806496866979, 6161456.134517596103251 ], [ 288618.881782297568861, 6161454.286900262348354 ], [ 288618.272546873311512, 6161452.488946117460728 ], [ 288617.495589141151868, 6161450.756853858008981 ], [ 288616.557909115275834, 6161449.106228800490499 ], [ 288615.467954839987215, 6161447.551942279562354 ], [ 288614.235546277021058, 6161446.107997666113079 ], [ 288379.391665121889673, 6161196.033715352416039 ], [ 288342.572177823982202, 6161108.715240976773202 ], [ 288268.839726098638494, 6160642.151882507838309 ], [ 288337.537440600048285, 6160476.355347258970141 ], [ 288338.215425423404668, 6160474.452616967260838 ], [ 288338.698030235012993, 6160472.491204573772848 ], [ 288338.980332410428673, 6160470.491116709075868 ], [ 288339.059452435059939, 6160468.472754500806332 ], [ 288338.934583275520708, 6160466.456705474294722 ], [ 288338.606998611590825, 6160464.463533562608063 ], [ 288338.080039844557177, 6160462.513569346629083 ], [ 288337.359082014416344, 6160460.626702687703073 ], [ 288336.451478973845951, 6160458.822179840877652 ], [ 288335.36648837820394, 6160457.118407147936523 ], [ 288334.115177256404422, 6160455.532763284631073 ], [ 288332.710309125715867, 6160454.081422002054751 ], [ 288263.205980683967937, 6160389.182191072963178 ], [ 288264.830669977643993, 6160383.601388100534678 ], [ 288575.112299517728388, 6160324.005971227772534 ], [ 288575.143490260699764, 6160323.998414382338524 ], [ 288575.174839397426695, 6160323.993855964392424 ], [ 288575.930637689190917, 6160323.807705502025783 ], [ 288576.975281426159199, 6160323.554610808379948 ], [ 288577.017158072150778, 6160323.540099350735545 ], [ 288577.05962890968658, 6160323.52963893301785 ], [ 288577.817670737102162, 6160323.262698782607913 ], [ 288578.786496114858892, 6160322.926973037421703 ], [ 288578.837908863148186, 6160322.903427684679627 ], [ 288578.890539371990599, 6160322.88489414844662 ], [ 288579.628824349492788, 6160322.541214334778488 ], [ 288580.529305639734957, 6160322.128823439590633 ], [ 288580.588808749802411, 6160322.09433098975569 ], [ 288580.650323932990432, 6160322.065694992430508 ], [ 288581.354608105029911, 6160321.650416449643672 ], [ 288582.187700431211852, 6160321.167493873275816 ], [ 288582.253574383095838, 6160321.120344325900078 ], [ 288582.322405734565109, 6160321.079758175648749 ], [ 288582.982251333130989, 6160320.598790855146945 ], [ 288583.746446359378751, 6160320.051815178245306 ], [ 288583.816724342585076, 6160319.990536063909531 ], [ 288583.891034063242842, 6160319.936371047981083 ], [ 288584.498315382574219, 6160319.396220553666353 ], [ 288585.191224675858393, 6160318.792036056518555 ], [ 288585.263723098614719, 6160318.715423461981118 ], [ 288585.341432718676515, 6160318.64630411285907 ], [ 288585.88967739493819, 6160318.053947243839502 ], [ 288586.508763546415139, 6160317.399728925898671 ], [ 288586.581116141634993, 6160317.306874797679484 ], [ 288586.65993920317851, 6160317.221709570847452 ], [ 288587.144004542147741, 6160316.584488657303154 ], [ 288587.686959967424627, 6160315.887683618813753 ], [ 288587.756655069941189, 6160315.777998918667436 ], [ 288587.834133419790305, 6160315.676006850786507 ], [ 288588.250032234645914, 6160315.00153221655637 ], [ 288588.714990944601595, 6160314.269789885729551 ], [ 288588.779411434486974, 6160314.143023296259344 ], [ 288588.852954667585436, 6160314.023756196722388 ], [ 288589.197752013686113, 6160313.319813031703234 ], [ 288589.583412913896609, 6160312.560909813269973 ], [ 288589.639878343208693, 6160312.417161629535258 ], [ 288589.706805831287056, 6160312.280521517619491 ], [ 288589.978550261526834, 6160311.554979691281915 ], [ 288590.284248490585014, 6160310.77674129139632 ], [ 288728.505424726754427, 6159902.385002833791077 ], [ 288794.896445144957397, 6159892.120096541009843 ], [ 288796.750377148913685, 6159891.742908177897334 ], [ 288798.56037390162237, 6159891.19222978502512 ], [ 288800.310238941572607, 6159890.472989019937813 ], [ 288801.984313886146992, 6159889.591621890664101 ], [ 288803.567618547938764, 6159888.556015168316662 ], [ 288805.045984982687514, 6159887.375435809604824 ], [ 288806.406184268940706, 6159886.060448038391769 ], [ 288807.636044884566218, 6159884.622818809002638 ], [ 288808.72456162184244, 6159883.075412510894239 ], [ 288809.661994065856561, 6159881.432075859978795 ], [ 288834.755210320930928, 6159832.165552829392254 ], [ 288835.574010637530591, 6159830.336827017366886 ], [ 288939.319465165783186, 6159563.540733342058957 ], [ 288939.902365078451112, 6159561.812178598716855 ], [ 288940.325343677541241, 6159560.037703207693994 ], [ 288940.584882125956938, 6159558.232069357298315 ], [ 288940.678821275534574, 6159556.410298448055983 ], [ 288942.363529930531513, 6159270.797602625563741 ], [ 288974.427208670647815, 6159285.916064391843975 ], [ 288974.464623201056384, 6159285.933658605441451 ], [ 289162.438859422050882, 6159374.091553866863251 ], [ 289164.478702301159501, 6159374.914616488851607 ], [ 289166.596593099704478, 6159375.508695284835994 ], [ 289168.766913857893087, 6159375.866604291833937 ], [ 289170.96341242431663, 6159375.9840142512694 ], [ 289235.329335535294376, 6159375.879986212588847 ], [ 289235.758196833834518, 6159375.857334359548986 ], [ 289236.243722064769827, 6159375.857593251392245 ], [ 289236.850222100445535, 6159375.799655114300549 ], [ 289237.371731056948192, 6159375.772109741345048 ], [ 289237.738057388458401, 6159375.714841396547854 ], [ 289238.149770307412837, 6159375.675511011853814 ], [ 289238.825642680865712, 6159375.544817555695772 ], [ 289239.39243011304643, 6159375.456210826523602 ], [ 289239.692968090821523, 6159375.377102822065353 ], [ 289240.029671776981559, 6159375.311994423158467 ], [ 289240.771743686520495, 6159375.093146082945168 ], [ 289241.370301158342045, 6159374.935592993162572 ], [ 289241.60412154259393, 6159374.847665139473975 ], [ 289241.866196359391324, 6159374.770375273190439 ], [ 289242.67364942189306, 6159374.445470561273396 ], [ 289243.284660523291677, 6159374.215700625441968 ], [ 289243.453044428606518, 6159374.131855910643935 ], [ 289243.642511508718599, 6159374.055617736652493 ], [ 289244.523357752885204, 6159373.598906426690519 ], [ 289245.115488714480307, 6159373.304062026552856 ], [ 289245.221809963404667, 6159373.236764877103269 ], [ 289245.342336524510756, 6159373.174272877164185 ], [ 289246.341109235072508, 6159372.528292667120695 ], [ 289246.84363976912573, 6159372.210210696794093 ], [ 289246.893231499881949, 6159372.171194347552955 ], [ 289246.950091771839652, 6159372.134418603032827 ], [ 289248.4510414749966, 6159370.945585631765425 ], [ 289658.178227072465234, 6159013.205224798060954 ], [ 289659.471265722939279, 6159011.970132758840919 ], [ 289660.64882168447366, 6159010.62448672298342 ], [ 289661.701482159725856, 6159009.179043116047978 ], [ 289662.620832703833003, 6159007.645356096327305 ], [ 289663.399524485343136, 6159006.035685196518898 ], [ 289862.47142103133956, 6158542.763694765046239 ], [ 289863.01708724180935, 6158541.348093626089394 ], [ 289863.453878357075155, 6158539.895202811807394 ], [ 289894.634759065404069, 6158419.837965555489063 ], [ 289895.043312781490386, 6158417.858680721372366 ], [ 289895.250028237060178, 6158415.848269491456449 ], [ 289895.252794616797473, 6158413.827260600402951 ], [ 289895.051583672582638, 6158411.816290996037424 ], [ 289894.648450011911336, 6158409.835895115509629 ], [ 289894.047510117932688, 6158407.906295198947191 ], [ 289893.254900314903352, 6158406.047194800339639 ], [ 289892.27871410921216, 6158404.277577586472034 ], [ 289891.128919544571545, 6158402.615513492375612 ], [ 289889.817257416551001, 6158401.077974206767976 ], [ 289888.357121384469792, 6158399.680659868754447 ], [ 289886.76342120609479, 6158398.437838749028742 ], [ 289885.052430491254199, 6158397.362201558426023 ], [ 289295.764995333796833, 6158067.210893518291414 ], [ 289295.561656853591558, 6158005.882094996981323 ], [ 289295.463084676652215, 6158003.964080482721329 ], [ 289295.459333199076355, 6158003.938816135749221 ], [ 289295.458025350351818, 6158003.913978137075901 ], [ 289295.45487338793464, 6158003.893289349973202 ], [ 289295.453774881490972, 6158003.872830042615533 ], [ 289295.360084780782927, 6158003.270427105017006 ], [ 289295.180997663643211, 6158002.06436390709132 ], [ 289295.168679093709216, 6158002.014773062430322 ], [ 289295.161190061247908, 6158001.96561670396477 ], [ 289295.150842429546174, 6158001.925053301267326 ], [ 289295.144546790281311, 6158001.884573981165886 ], [ 289294.96929350978462, 6158001.212106884457171 ], [ 289294.717997006548103, 6158000.20046301279217 ], [ 289294.692461327940691, 6158000.128168986178935 ], [ 289294.67403342272155, 6158000.055930376052856 ], [ 289294.652594787476119, 6157999.996897275559604 ], [ 289294.637102574459277, 6157999.937451862730086 ], [ 289294.391554856789298, 6157999.276273066177964 ], [ 289294.078352145792451, 6157998.389565277844667 ], [ 289294.035201222111937, 6157998.296851719729602 ], [ 289294.001285997976083, 6157998.203463273122907 ], [ 289293.965085819945671, 6157998.127932991832495 ], [ 289293.936578564404044, 6157998.051172380335629 ], [ 289293.6322693520342, 6157997.431117129512131 ], [ 289293.267961400386412, 6157996.648369426839054 ], [ 289293.203131738875527, 6157996.538145054131746 ], [ 289293.149480540188961, 6157996.426203887909651 ], [ 289293.095146201725584, 6157996.336684175767004 ], [ 289293.050065436284058, 6157996.244828378781676 ], [ 289292.698708528187126, 6157995.680517069064081 ], [ 289292.294297578162514, 6157994.992931445129216 ], [ 289292.204138434492052, 6157994.868685103021562 ], [ 289292.126888556347694, 6157994.741410399787128 ], [ 289292.051414102490526, 6157994.6409030565992 ], [ 289291.986536440963391, 6157994.536703602410853 ], [ 289291.599851945531555, 6157994.035931126214564 ], [ 289291.166339067392983, 6157993.438516522757709 ], [ 289291.047684795048553, 6157993.304263163357973 ], [ 289290.943439985800069, 6157993.165443095378578 ], [ 289117.481776544358581, 6157784.439912723377347 ], [ 289085.734431272430811, 6157424.344672591425478 ], [ 289128.543625280377455, 6157141.702249930240214 ], [ 289234.846588665153831, 6156981.009513290598989 ], [ 289235.272448373900261, 6156980.293564283289015 ], [ 289235.639917936874554, 6156979.704603253863752 ], [ 289235.723254751763307, 6156979.535675305873156 ], [ 289235.824414314643946, 6156979.36560735385865 ], [ 289236.204799356055446, 6156978.559559986926615 ], [ 289236.520262239559088, 6156977.920100732706487 ], [ 289236.573240030673333, 6156977.778823092579842 ], [ 289236.640729877282865, 6156977.635810073465109 ], [ 289236.965905478165951, 6156976.731689064763486 ], [ 289237.218925705179572, 6156976.056951597332954 ], [ 289237.247967265895568, 6156975.947442068718374 ], [ 289237.288068984402344, 6156975.835942909121513 ], [ 289237.548681551590562, 6156974.813512662425637 ], [ 289237.728992516873404, 6156974.133598486892879 ], [ 289237.741016086249147, 6156974.058949490077794 ], [ 289237.760510797903407, 6156973.98246820922941 ], [ 289237.948113341408316, 6156972.77317469753325 ], [ 289238.045413707674015, 6156972.169079978018999 ], [ 289238.047689111204818, 6156972.131305295974016 ], [ 289238.05373416445218, 6156972.092338640242815 ], [ 289238.165057138656266, 6156970.182842129841447 ], [ 289238.317683064669836, 6156955.503593794070184 ], [ 289238.14005353837274, 6156952.627983558923006 ], [ 289237.693571480980609, 6156949.310542427934706 ], [ 289237.307493655243888, 6156947.258836083114147 ], [ 289236.709642231406178, 6156945.258553931489587 ], [ 289235.906531630142126, 6156943.331491821445525 ], [ 289234.906912855803967, 6156941.498647768981755 ], [ 289233.721678141970187, 6156939.779993154108524 ], [ 289232.363742265326437, 6156938.194255103357136 ], [ 289230.847901821543928, 6156936.758712431415915 ], [ 288964.333102253149264, 6156709.537456462159753 ], [ 288962.487706236133818, 6156708.140157789923251 ], [ 288510.057730979053304, 6156405.094673473387957 ], [ 288322.715774191892706, 6156196.028263982385397 ], [ 288280.618931161763612, 6156035.599290386773646 ], [ 288280.07143040234223, 6156033.845336455851793 ], [ 288279.365272784954868, 6156032.149030795320868 ], [ 288278.506418476637919, 6156030.524690697900951 ], [ 288277.502116447081789, 6156028.986026046797633 ], [ 288276.360843285452574, 6156027.54602360073477 ], [ 288260.452957183180843, 6156009.26633735653013 ], [ 288452.750200943672098, 6155521.290083478204906 ], [ 288452.979296754987445, 6155520.634004491381347 ], [ 288453.106921308790334, 6155520.310794493183494 ], [ 288453.163822196773253, 6155520.105565040372312 ], [ 288453.270048242236953, 6155519.801357487216592 ], [ 288453.670993991370779, 6155518.276303784921765 ], [ 288534.004754430090543, 6155155.037139261141419 ], [ 288534.343737879593391, 6155153.0200380301103 ], [ 288534.47493087296607, 6155150.978862987831235 ], [ 288534.396961260295939, 6155148.934962820261717 ], [ 288534.110644527245313, 6155146.909714716486633 ], [ 288526.163632382231299, 6155105.941393761895597 ], [ 288525.690833353844937, 6155104.0186937591061 ], [ 288525.684088881884236, 6155103.999637044966221 ], [ 288525.679339861904737, 6155103.980407420545816 ], [ 288525.461755131196696, 6155103.371426157653332 ], [ 288525.030239343177527, 6155102.152164955623448 ], [ 288525.013045167725068, 6155102.115566155873239 ], [ 288524.999719838495366, 6155102.078270911239088 ], [ 288524.673101637861691, 6155101.391976641491055 ], [ 288524.188324690447189, 6155100.360100799240172 ], [ 288524.157226307142992, 6155100.308012910187244 ], [ 288524.131704447616357, 6155100.254386058077216 ], [ 288523.718246372125577, 6155099.572748381644487 ], [ 288523.173340820590965, 6155098.660064927302301 ], [ 288523.125203704054002, 6155098.595042901113629 ], [ 288523.084147460642271, 6155098.527356516569853 ], [ 288522.596947995363735, 6155097.881492549553514 ], [ 288521.995235372916795, 6155097.068719026632607 ], [ 288521.927309309423435, 6155096.993775035254657 ], [ 288521.867733976396266, 6155096.914798017591238 ], [ 288521.317710921459366, 6155096.321194676682353 ], [ 288520.665554706181865, 6155095.601659537293017 ], [ 288520.575532266753726, 6155095.520210564136505 ], [ 288520.494871432660148, 6155095.433158684521914 ], [ 288519.892262879817281, 6155094.902013694867492 ], [ 288519.197330735507421, 6155094.273264794610441 ], [ 288519.083398996619508, 6155094.189073268324137 ], [ 288518.979563050321303, 6155094.097551263868809 ], [ 288339.449328599439468, 6154951.299228029325604 ], [ 288338.427349759615026, 6154950.538209984079003 ], [ 288050.63940122682834, 6154750.164108292199671 ], [ 288058.166927290614694, 6154656.790679415687919 ], [ 288058.224357467785012, 6154654.645209415815771 ], [ 288058.051554106641561, 6154652.505938806571066 ], [ 288057.650507184676826, 6154650.397503104060888 ], [ 288057.025835097883828, 6154648.344182738102973 ], [ 288056.184731475834269, 6154646.369623434729874 ], [ 287893.111583736899775, 6154314.204983966425061 ], [ 287892.158769966568798, 6154312.483757968060672 ], [ 287891.041458056657575, 6154310.864471979439259 ], [ 287889.770459321152885, 6154309.362794507294893 ], [ 287888.358072175818961, 6154307.993256056681275 ], [ 287886.817963136534672, 6154306.769108531065285 ], [ 287885.165034579404164, 6154305.702197005972266 ], [ 287883.415280543093104, 6154304.80284511204809 ], [ 287794.052762752980925, 6154264.297345853410661 ], [ 287832.706989491765853, 6154065.710131548345089 ], [ 287832.975335427036043, 6154063.887302444316447 ], [ 287833.07479501713533, 6154062.047513524070382 ], [ 287833.004524169373326, 6154060.206378686241806 ], [ 287832.765119257615879, 6154058.37952325399965 ], [ 287832.358612060779706, 6154056.582451363094151 ], [ 287831.788452519569546, 6154054.830414382740855 ], [ 287831.059479457500856, 6154053.138281481340528 ], [ 287816.652207849489059, 6154023.528892411850393 ], [ 287815.774376863497309, 6154021.91724366042763 ], [ 287814.752511511207558, 6154020.392845373600721 ], [ 287813.595215896144509, 6154018.968532979488373 ], [ 287812.312234444427304, 6154017.656299185007811 ], [ 287730.466500757494941, 6153941.290852188132703 ], [ 287750.913870161923114, 6153917.385234996676445 ], [ 287752.04380458383821, 6153915.934097514487803 ], [ 287753.035658025648445, 6153914.385298450477421 ], [ 287753.881042998342309, 6153912.751935037784278 ], [ 287754.572810605866835, 6153911.047819616273046 ], [ 287755.105110998731107, 6153909.287362834438682 ], [ 287755.473442842892837, 6153907.485451781190932 ], [ 287755.674691384483594, 6153905.657324100844562 ], [ 287776.481379937089514, 6153579.193952346220613 ], [ 287776.508467153646052, 6153578.654109386727214 ], [ 287780.245892395789269, 6153476.641721887513995 ], [ 287858.588328560756054, 6153236.751107733696699 ], [ 287859.143789441615809, 6153234.679941765964031 ], [ 287859.474311034369748, 6153232.561210840009153 ], [ 287859.576093774288893, 6153230.419271174818277 ], [ 287856.541993812541477, 6152737.187163041904569 ], [ 287856.533079937449656, 6152737.035002849064767 ], [ 287856.53697977977572, 6152736.8457893114537 ], [ 287855.570071051595733, 6152695.215876627713442 ], [ 287860.873590437928215, 6152690.150738632306457 ], [ 287930.630763647670392, 6152694.928453047759831 ], [ 287932.591165027522948, 6152694.966381743550301 ], [ 287934.545859177596867, 6152694.812164572067559 ], [ 287936.476058495580219, 6152694.467283796519041 ], [ 287938.363210812152829, 6152693.935054250061512 ], [ 287940.189177705382463, 6152693.22059147246182 ], [ 287941.936408839013893, 6152692.330762544646859 ], [ 287943.588110647979192, 6152691.274120083078742 ], [ 287945.128407750104088, 6152690.060820040293038 ], [ 287946.542495532892644, 6152688.702524086460471 ], [ 287947.816782448790036, 6152687.212287523783743 ], [ 287948.939020650286693, 6152685.60443380754441 ], [ 287949.89842371083796, 6152683.894416870549321 ], [ 287950.685770298645366, 6152682.098672593943775 ], [ 288022.419475406932179, 6152493.905694986693561 ], [ 288022.528462177026086, 6152493.567562812007964 ], [ 288022.680038096266799, 6152493.180423254147172 ], [ 288022.860183281009085, 6152492.549408852122724 ], [ 288023.026705457712524, 6152492.043289708904922 ], [ 288023.041178831481375, 6152491.976856004446745 ], [ 288023.061744582548272, 6152491.913050625473261 ], [ 288023.117170034209266, 6152491.649233014322817 ], [ 288023.201939398015384, 6152491.352302016690373 ], [ 288023.34127824177267, 6152490.599380650557578 ], [ 288023.466515613894444, 6152490.024533158168197 ], [ 288023.475597689044662, 6152489.94316613022238 ], [ 288023.492191177327186, 6152489.864183383062482 ], [ 288023.510716799821239, 6152489.683814630843699 ], [ 288023.547901615733281, 6152489.482885430566967 ], [ 288023.626412302313838, 6152488.592006111517549 ], [ 288023.695708661631215, 6152487.97117456048727 ], [ 288023.69645621284144, 6152487.875422699376941 ], [ 288023.706098420952912, 6152487.781544447876513 ], [ 288023.70588143367786, 6152487.690251092426479 ], [ 288023.714798627712298, 6152487.58906558342278 ], [ 288023.707074512727559, 6152486.515352722257376 ], [ 288023.711838646500837, 6152485.905127415433526 ], [ 288023.701941752980929, 6152485.801858662627637 ], [ 288023.701122349128127, 6152485.687955069355667 ], [ 288005.337853569304571, 6152150.563441189005971 ], [ 288005.097368799382821, 6152148.379816317930818 ], [ 288004.618844428972807, 6152146.235739610157907 ], [ 287938.441462314687669, 6151911.268815721385181 ], [ 287938.241454200760927, 6151910.679438561201096 ], [ 287938.017923184903339, 6151909.943526122719049 ], [ 287937.874101333611179, 6151909.596935531124473 ], [ 287937.765304705826566, 6151909.276337300427258 ], [ 287888.492516677826643, 6151785.836779204197228 ], [ 287887.75528300111182, 6151784.205864823423326 ], [ 287887.657842865854036, 6151784.03331583365798 ], [ 287887.591181321069598, 6151783.889281538315117 ], [ 287887.345151259098202, 6151783.479595123790205 ], [ 287886.875196784210857, 6151782.647390101104975 ], [ 287886.643962442351039, 6151782.311983612366021 ], [ 287886.486372592917178, 6151782.049566816538572 ], [ 287886.226196129107848, 6151781.70601163059473 ], [ 287885.859306187194306, 6151781.173836061730981 ], [ 287885.449725405720528, 6151780.680705419741571 ], [ 287885.190810025378596, 6151780.33881545625627 ], [ 287884.978950281918515, 6151780.113897480070591 ], [ 287884.715746958041564, 6151779.797003646381199 ], [ 287796.878369601268787, 6151683.185927542857826 ], [ 287765.11943777219858, 6151542.133420038968325 ], [ 287879.939306457410567, 6151351.310035232454538 ], [ 287880.844802593113855, 6151349.628250929526985 ], [ 287881.585737243469339, 6151347.867757380008698 ], [ 287882.155352488509379, 6151346.044611700810492 ], [ 287984.558368959696963, 6150953.297123717144132 ], [ 287984.948307770537212, 6150951.447544400580227 ], [ 287985.161893148033414, 6150949.569413092918694 ], [ 287985.197217242966872, 6150947.679506181739271 ], [ 287985.053964523307513, 6150945.794705241918564 ], [ 287984.733414592396002, 6150943.931846239604056 ], [ 287984.238430759287439, 6150942.107569142244756 ], [ 287983.573434462072328, 6150940.338169286027551 ], [ 287982.744365773280151, 6150938.639451819472015 ], [ 287981.75863034062786, 6150937.026590516790748 ], [ 287980.625033235817682, 6150935.5139922471717 ], [ 287979.35370030318154, 6150934.115168277174234 ], [ 287787.329106342338491, 6150741.922716888599098 ], [ 287785.548302862735, 6150740.341016557067633 ], [ 287783.592096040141769, 6150738.98223333619535 ], [ 287676.572293532430194, 6150673.733529965393245 ], [ 287699.775482198456302, 6150655.50323033798486 ], [ 287701.34417495992966, 6150654.132790921255946 ], [ 288093.013711296778638, 6150274.232428839430213 ], [ 288094.386619785567746, 6150272.75957484729588 ], [ 288095.60447926382767, 6150271.156142625026405 ], [ 288096.654946188500617, 6150269.438383666798472 ], [ 288249.06375282391673, 6149989.457264079712331 ], [ 288249.8794557301444, 6149987.776229037903249 ], [ 288250.534720545925666, 6149986.026406743563712 ], [ 288251.023828037781641, 6149984.223069863393903 ], [ 288251.342509214417078, 6149982.381958148442209 ], [ 288251.487982586550061, 6149980.519141050055623 ], [ 288251.458978444512468, 6149978.650877471081913 ], [ 288251.255749939999077, 6149976.793473849073052 ], [ 288250.880070876795799, 6149974.963141834363341 ], [ 288237.670821455132682, 6149923.051720178686082 ], [ 288237.132620337593835, 6149921.28310635779053 ], [ 288170.557009895681404, 6149734.051938575692475 ], [ 288169.736348130507395, 6149732.083403136581182 ], [ 288168.710731480561662, 6149730.213449127040803 ], [ 288167.491822790645529, 6149728.463340811431408 ], [ 288166.093482934229542, 6149726.852979623712599 ], [ 288164.531613193976227, 6149725.400677856057882 ], [ 288124.153745732211974, 6149691.685286838561296 ], [ 288122.609535700583365, 6149690.517924140207469 ], [ 288120.959702357591596, 6149689.505318476818502 ], [ 288119.21970183821395, 6149688.656956240534782 ], [ 288117.40583499049535, 6149687.980785146355629 ], [ 287781.895743493747432, 6149581.096318392083049 ], [ 287780.041032526292838, 6149580.602122911252081 ], [ 287778.147489069611765, 6149580.28799694404006 ], [ 287776.232553520356305, 6149580.15683373156935 ], [ 287774.313863306073472, 6149580.209841348230839 ], [ 287623.638685758982319, 6149591.626264623366296 ], [ 287519.248602820327505, 6149139.584014037624002 ], [ 287529.566877115052193, 6148656.404029348865151 ], [ 287529.561925871530548, 6148656.239883516915143 ], [ 287529.571231295936741, 6148656.067491124384105 ], [ 287529.527054255479015, 6148655.083804164081812 ], [ 287529.50478811794892, 6148654.345627252012491 ], [ 287529.488413410435896, 6148654.22339126560837 ], [ 287529.48261045536492, 6148654.094177286140621 ], [ 287529.327343321405351, 6148653.02101491112262 ], [ 287529.231362021062523, 6148652.304521570913494 ], [ 287529.21210042887833, 6148652.224488736130297 ], [ 287529.199765009339899, 6148652.139229816384614 ], [ 287528.89701038680505, 6148650.915274576283991 ], [ 287528.749497738666832, 6148650.302352484315634 ], [ 287528.735787821991835, 6148650.263495252467692 ], [ 287528.725453988648951, 6148650.22171835321933 ], [ 287528.064304085273761, 6148648.360347363166511 ], [ 287441.905307332111988, 6148439.171197663061321 ], [ 287441.89501204068074, 6148439.148937963880599 ], [ 287441.888223657559138, 6148439.129850855097175 ], [ 287441.815653219004162, 6148438.977354333736002 ], [ 287441.359433614008594, 6148437.990950875915587 ], [ 287441.229152801970486, 6148437.701365666463971 ], [ 287441.210225553775672, 6148437.668344515375793 ], [ 287441.191743864445016, 6148437.628384807147086 ], [ 287441.148479192925151, 6148437.552509346976876 ], [ 287441.115095397108234, 6148437.481108777225018 ], [ 287441.108280557382386, 6148437.469495726749301 ], [ 287441.10265104152495, 6148437.457476358860731 ], [ 287441.049315367592499, 6148437.367003631778061 ], [ 287441.00799834728241, 6148437.280181752517819 ], [ 287440.772697177424561, 6148436.89348126668483 ], [ 287440.349749618268106, 6148436.151736567728221 ], [ 287427.048734373587649, 6148414.970801969058812 ], [ 287459.751163632376119, 6148319.043131856247783 ], [ 287460.29843841859838, 6148317.131425166502595 ], [ 287460.653171783371363, 6148315.174821885302663 ], [ 287460.811857070191763, 6148313.192663682624698 ], [ 287460.772925622703042, 6148311.20454484783113 ], [ 287460.536762291099876, 6148309.230118592269719 ], [ 287460.105701627850067, 6148307.288902770727873 ], [ 287459.484004810161423, 6148305.400086943991482 ], [ 287458.677817516378127, 6148303.582342680543661 ], [ 287457.695109174354002, 6148301.853638983331621 ], [ 287456.545594180701301, 6148300.231064658612013 ], [ 287448.869592481059954, 6148290.464408557862043 ], [ 287447.763339559081942, 6148289.173759013414383 ], [ 287446.551484400755726, 6148287.981710840016603 ], [ 287445.242781362321693, 6148286.896875307895243 ], [ 287332.779612786485814, 6148201.467541433870792 ], [ 287325.197214546904434, 6148147.509163836948574 ], [ 287325.190891058009584, 6148147.476369035430253 ], [ 287325.187706864147913, 6148147.442323490045965 ], [ 287324.902740990219172, 6148145.981968644075096 ], [ 287324.812103085161652, 6148145.511903438717127 ], [ 287324.809006300754845, 6148145.501609694212675 ], [ 287324.806899657822214, 6148145.490813853219151 ], [ 287324.234203167201485, 6148143.586759567260742 ], [ 287324.229551056749187, 6148143.575494224205613 ], [ 287324.226119712693617, 6148143.564088399522007 ], [ 287324.032906443579122, 6148143.099308400414884 ], [ 287323.475277643825393, 6148141.748979372903705 ], [ 287323.458591530448757, 6148141.717777587473392 ], [ 287323.44532548985444, 6148141.685865750536323 ], [ 287323.101661911117844, 6148141.05034586507827 ], [ 287322.537623935670126, 6148139.995636988431215 ], [ 287322.505000930454116, 6148139.94697052333504 ], [ 287322.477796483435668, 6148139.896662699058652 ], [ 287322.038072835945059, 6148139.250414842739701 ], [ 287321.430509352474473, 6148138.344061591662467 ], [ 287321.378436577739194, 6148138.280968417413533 ], [ 287321.333540232910309, 6148138.214985687285662 ], [ 286883.743600526358932, 6147560.606945304200053 ], [ 286882.545600517885759, 6147559.170460405759513 ], [ 286881.21864100365201, 6147557.852176927030087 ], [ 286879.774328543047886, 6147556.663625541143119 ], [ 286878.225296150427312, 6147555.615202186629176 ], [ 286876.58509279723512, 6147554.716077144257724 ], [ 286874.868064903013874, 6147553.97411481756717 ], [ 286873.08923085097922, 6147553.395804954692721 ], [ 286871.264149626193102, 6147552.986205875873566 ], [ 286869.408784725354053, 6147552.748900234699249 ], [ 286867.539364528434817, 6147552.685963680036366 ], [ 286720.385719362413511, 6147554.617525473237038 ], [ 286664.265283700602595, 6147441.592007366940379 ], [ 286658.602355905284639, 6147323.777975677512586 ], [ 286658.385932582896203, 6147321.652403557673097 ], [ 286657.943997553666122, 6147319.562047290615737 ], [ 286657.281594286032487, 6147317.530762524344027 ], [ 286656.406282284937333, 6147315.581730766221881 ], [ 286655.328050820913631, 6147313.737194835208356 ], [ 286631.877449985069688, 6147278.132565218023956 ], [ 286694.337818030267954, 6147104.123464930802584 ], [ 286694.969608874118421, 6147102.000212527811527 ], [ 286695.362707707390655, 6147099.82011304795742 ], [ 286695.512291835912038, 6147097.609912825748324 ], [ 286695.64310150971869, 6147086.858540015295148 ], [ 286695.72457107482478, 6147079.800413459539413 ], [ 286695.656743858475238, 6147077.90778389479965 ], [ 286695.410204407002311, 6147076.030055080540478 ], [ 286694.987163345504086, 6147074.184063894674182 ], [ 286694.391413921606727, 6147072.386362633667886 ], [ 286693.62829799274914, 6147070.653070597909391 ], [ 286692.704658128030133, 6147068.999729556031525 ], [ 286691.628776253201067, 6147067.441164385527372 ], [ 286690.410299390146974, 6147065.991350144147873 ], [ 286689.060153155354783, 6147064.663286763243377 ], [ 286687.590443794382736, 6147063.468882478773594 ], [ 286686.014349629695062, 6147062.418847057968378 ], [ 286684.34600289555965, 6147061.522595767863095 ], [ 286374.699107763066422, 6146913.620536109432578 ], [ 286130.342592215107288, 6146596.684120305813849 ], [ 286280.102150093123782, 6146180.102692284621298 ], [ 286280.260244679113384, 6146179.581006239168346 ], [ 286280.278237383929081, 6146179.523743442259729 ], [ 286280.503655871783849, 6146178.859757961705327 ], [ 286280.543855718453415, 6146178.689826619811356 ], [ 286280.595866075716913, 6146178.528105582110584 ], [ 286280.606602372427005, 6146178.478703368455172 ], [ 286280.622293517400976, 6146178.428765415214002 ], [ 286280.653018347569741, 6146178.284917946904898 ], [ 286280.691929068358149, 6146178.156518989242613 ], [ 286280.794545539247338, 6146177.630119655281305 ], [ 286280.940843592805322, 6146177.011693800799549 ], [ 286280.967770967341494, 6146176.816814845427871 ], [ 286281.00838355574524, 6146176.629939254373312 ], [ 286281.010668318485841, 6146176.610472797416151 ], [ 286281.014902382856235, 6146176.590649760328233 ], [ 286335.346106257755309, 6145847.100773590616882 ], [ 286421.84787329682149, 6145764.321031199768186 ], [ 286774.852420030161738, 6145669.77145217731595 ], [ 286789.550062929221895, 6145668.061832515522838 ], [ 286862.001212241244502, 6145715.143293621949852 ], [ 286863.606609094073065, 6145716.083350737579167 ], [ 286865.292409039568156, 6145716.870170271024108 ], [ 286867.044025666837115, 6145717.496944254264235 ], [ 286876.615071314387023, 6145720.427266874350607 ], [ 286878.740196421276778, 6145720.952613640576601 ], [ 286880.910007218073588, 6145721.242556826211512 ], [ 286883.098508579889312, 6145721.293622805736959 ], [ 286885.279481461911928, 6145721.105199789628386 ], [ 286933.7478472320945, 6145714.228731027804315 ], [ 286911.250042662781198, 6145840.184779460541904 ], [ 286911.158827379520517, 6145840.890710080973804 ], [ 286911.059720409102738, 6145841.502253657206893 ], [ 286911.042429365508724, 6145841.791534146293998 ], [ 286911.00280618382385, 6145842.098184701055288 ], [ 286910.978256687987596, 6145842.86514797527343 ], [ 286910.93929141946137, 6145843.51703991368413 ], [ 286910.949486164085101, 6145843.763982532545924 ], [ 286910.941083024197724, 6145844.026509296149015 ], [ 286910.994400566152763, 6145844.851923475973308 ], [ 286911.022547110973392, 6145845.533704310655594 ], [ 286911.051502247108147, 6145845.735920288600028 ], [ 286911.065447555738501, 6145845.951809001155198 ], [ 286911.208790781907737, 6145846.834387060254812 ], [ 286911.308639552211389, 6145847.531707792542875 ], [ 286911.347457865835167, 6145847.688173660077155 ], [ 286911.374742490123026, 6145847.856167721562088 ], [ 286911.623084610735532, 6145848.799148706719279 ], [ 286911.794654986821115, 6145849.490701359696686 ], [ 286911.83445853064768, 6145849.601757571101189 ], [ 286911.866089648217894, 6145849.721864229999483 ], [ 286912.243632290570531, 6145850.743396810255945 ], [ 286912.475643509533256, 6145851.390733315609396 ], [ 286912.50776067370316, 6145851.458059787750244 ], [ 286912.534916743054055, 6145851.531537076458335 ], [ 286913.10855829360662, 6145852.717498019337654 ], [ 286913.344669479003642, 6145853.212452465668321 ], [ 286913.360815814055968, 6145853.239021549001336 ], [ 286913.374999928171746, 6145853.268346142955124 ], [ 286914.378521713835653, 6145854.916129356250167 ], [ 286914.38638251053635, 6145854.926609927788377 ], [ 286914.392882155021653, 6145854.937305209226906 ], [ 286914.602094609639607, 6145855.214212591759861 ], [ 286915.53614371403819, 6145856.459553081542253 ], [ 286915.575806803768501, 6145856.502989093773067 ], [ 286915.60960584069835, 6145856.547724493779242 ], [ 286916.054068197787274, 6145857.02674475312233 ], [ 286916.837093545531388, 6145857.88425481505692 ], [ 286916.914770003582817, 6145857.954367971979082 ], [ 286916.982448610302527, 6145858.027308735996485 ], [ 286917.513876537268516, 6145858.495139934122562 ], [ 286918.26926507166354, 6145859.17697683069855 ], [ 286918.390242802910507, 6145859.266630213707685 ], [ 286918.497428517381195, 6145859.360988862812519 ], [ 287180.969898891460616, 6146067.887119228951633 ], [ 287182.41726222098805, 6146068.935052495449781 ], [ 287183.9523830365506, 6146069.849617321044207 ], [ 287185.563007141347043, 6146070.623513135127723 ], [ 287246.016721798980143, 6146096.413721565157175 ], [ 287126.887495775241405, 6146128.528572300449014 ], [ 287126.764226461295038, 6146128.568341203965247 ], [ 287126.633250399550889, 6146128.598913578316569 ], [ 287125.726915233244654, 6146128.902996509335935 ], [ 287125.032202534959652, 6146129.127123351208866 ], [ 287124.94141090294579, 6146129.16653969604522 ], [ 287124.844104771327693, 6146129.199186706915498 ], [ 287123.898951473704074, 6146129.61911379173398 ], [ 287123.243995909695514, 6146129.903456677682698 ], [ 287123.184219763497822, 6146129.936665669083595 ], [ 287123.119501381239388, 6146129.965419736690819 ], [ 287122.102466701180674, 6146130.537639982067049 ], [ 287121.539865544938948, 6146130.850196382030845 ], [ 287121.508817051595543, 6146130.871648599393666 ], [ 287121.474795105867088, 6146130.89079056866467 ], [ 287120.178528134303633, 6146131.790780079551041 ], [ 287119.936002282658592, 6146131.958347546868026 ], [ 287119.930616655154154, 6146131.962903365492821 ], [ 287119.924629463814199, 6146131.967060232535005 ], [ 287118.482806238229387, 6146133.184646244160831 ], [ 287118.465697787934914, 6146133.202109884470701 ], [ 287118.447644332947675, 6146133.217381692491472 ], [ 287118.058994789666031, 6146133.617256488651037 ], [ 287117.162162593740504, 6146134.53270791657269 ], [ 287117.126784163701814, 6146134.576391885988414 ], [ 287117.088932496728376, 6146134.615336812101305 ], [ 287116.656750220514368, 6146135.156772319227457 ], [ 287115.97445678175427, 6146135.999242884106934 ], [ 287115.925757384276949, 6146136.072556003928185 ], [ 287115.872775814903434, 6146136.138931013643742 ], [ 287115.477138253103476, 6146136.747916884720325 ], [ 287114.9302634515916, 6146137.571193964220583 ], [ 286872.687088169215713, 6146542.481299284845591 ], [ 286872.44929834944196, 6146542.933749898336828 ], [ 286871.967649493890349, 6146543.792804671451449 ], [ 286871.803984721424058, 6146544.1616096412763 ], [ 286871.659350441361312, 6146544.436810105107725 ], [ 286871.489852240192704, 6146544.869481093250215 ], [ 286871.210712599218823, 6146545.498499087058008 ], [ 286760.948623402393423, 6146828.945187462493777 ], [ 286760.358764178876299, 6146830.69717260543257 ], [ 286759.933189145522192, 6146832.496136679314077 ], [ 286759.675534187699668, 6146834.32671029586345 ], [ 286759.588000571471639, 6146836.173254016786814 ], [ 286759.671336137049366, 6146838.019991959445179 ], [ 286763.71715429314645, 6146882.197048396803439 ], [ 286763.869070965040009, 6146883.43168028164655 ], [ 286777.328374694567174, 6146970.404937242157757 ], [ 286771.486843649647199, 6147091.393339997157454 ], [ 286771.485654154210351, 6147093.297402404248714 ], [ 286771.66553727700375, 6147095.192949061281979 ], [ 286772.02486262266757, 6147097.062799420207739 ], [ 286772.560373396438081, 6147098.890005833469331 ], [ 286773.267215922707692, 6147100.658007165417075 ], [ 286774.138983636861667, 6147102.350778891704977 ], [ 286775.167775152251124, 6147103.952978344634175 ], [ 286776.344265875406563, 6147105.450083766132593 ], [ 286777.65779252059292, 6147106.82852593716234 ], [ 286779.096449758275412, 6147108.075811157003045 ], [ 286780.64719812059775, 6147109.18063448369503 ], [ 286814.655085242120549, 6147131.046342108398676 ], [ 286816.046197829884477, 6147131.863412396982312 ], [ 286817.498640554840676, 6147132.565700243227184 ], [ 287201.446893345622811, 6147299.457346982322633 ], [ 287289.93800673057558, 6147410.344516443088651 ], [ 287291.226291173137724, 6147411.80664714705199 ], [ 287292.650755163165741, 6147413.136461172252893 ], [ 287294.197875184821896, 6147414.321333587169647 ], [ 287295.852963255951181, 6147415.35001549962908 ], [ 287297.60030637163436, 6147416.212740853428841 ], [ 287299.42331568012014, 6147416.901319144293666 ], [ 287301.304683973139618, 6147417.409213175065815 ], [ 287303.226549996237736, 6147417.731601123698056 ], [ 287305.170668019563891, 6147417.865422317758203 ], [ 287688.507315024849959, 6147425.528663277626038 ], [ 288107.954319816664793, 6147583.690598499029875 ], [ 288320.586048430064693, 6147750.229382339864969 ], [ 288322.300241529475898, 6147751.432691612280905 ], [ 288324.13087194628315, 6147752.450141101144254 ], [ 288326.057864936126862, 6147753.270573427900672 ], [ 288328.06008904002374, 6147753.884991709142923 ], [ 288330.115587812499143, 6147754.286658216267824 ], [ 288332.201820596528705, 6147754.471168261952698 ], [ 288334.295909704989754, 6147754.436498505994678 ], [ 288380.924014741554856, 6147751.216955300420523 ], [ 288395.824264891387429, 6147884.34823649097234 ], [ 288395.90607765968889, 6147884.83921131119132 ], [ 288395.983571165648755, 6147885.478679432533681 ], [ 288396.103479240322486, 6147886.02385776117444 ], [ 288396.176883743552025, 6147886.464372897520661 ], [ 288396.28726731124334, 6147886.859475159086287 ], [ 288396.395414058177266, 6147887.351179015822709 ], [ 288396.611948475358076, 6147888.021625150926411 ], [ 288396.75413617346203, 6147888.530565768480301 ], [ 288396.87041039793985, 6147888.821889604441822 ], [ 288396.984661305556074, 6147889.1756397401914 ], [ 288397.332731219008565, 6147889.980229517444968 ], [ 288397.54938035318628, 6147890.523041625507176 ], [ 288397.648590925324243, 6147890.710362980142236 ], [ 288397.745897918124683, 6147890.935295410454273 ], [ 288398.289929130813107, 6147891.921285753138363 ], [ 288398.55346625612583, 6147892.418875174596906 ], [ 288398.613421128422488, 6147892.507575617171824 ], [ 288398.672128380276263, 6147892.613975363783538 ], [ 288399.75484093662817, 6147894.196253081783652 ], [ 288530.388782405352686, 6148066.736388093791902 ], [ 288521.902642857225146, 6148100.805984089151025 ], [ 288521.569350601464976, 6148102.427525718696415 ], [ 288521.371303307125345, 6148104.071076220832765 ], [ 288508.129397007811349, 6148272.360219507478178 ], [ 288508.072985501436051, 6148274.385840941220522 ], [ 288508.221836666343734, 6148276.406773345544934 ], [ 288508.574422424659133, 6148278.402270209044218 ], [ 288509.127123197540641, 6148280.351846139878035 ], [ 288509.874265063321218, 6148282.235487157478929 ], [ 288510.808178004634101, 6148284.033856160007417 ], [ 288511.919274647720158, 6148285.728491430170834 ], [ 288513.196148684190121, 6148287.301996164023876 ], [ 288514.625691966386512, 6148288.738217057660222 ], [ 288516.193229072960094, 6148290.02241013944149 ], [ 288517.882667964091524, 6148291.141392124816775 ], [ 288519.676665179198608, 6148292.083675757050514 ], [ 288521.556803881539963, 6148292.839587730355561 ], [ 288773.649019712815061, 6148379.635965071618557 ], [ 288773.709905218041968, 6148379.653840431012213 ], [ 288773.764352676284034, 6148379.675282107666135 ], [ 288774.282526223047171, 6148379.821956077590585 ], [ 288775.414879621122964, 6148380.154403407126665 ], [ 288984.345357605314348, 6148431.181209689006209 ], [ 288986.12289011082612, 6148431.530875316821039 ], [ 288987.924770718789659, 6148431.718262973241508 ], [ 288989.73621550394455, 6148431.741835196502507 ], [ 289253.973460843146313, 6148423.205789595842361 ], [ 289388.831179264525417, 6148464.626870318315923 ], [ 289626.586257528862916, 6148947.700496948324144 ], [ 289627.504120127938222, 6148949.361525950953364 ], [ 289628.575284784717951, 6148950.92808120790869 ], [ 289629.790107029548381, 6148952.386057891882956 ], [ 289631.137648939737119, 6148953.722328783944249 ], [ 289632.605777621560264, 6148954.924862472340465 ], [ 289634.181274451431818, 6148955.982831676490605 ], [ 289635.849954092642292, 6148956.8867107341066 ], [ 289637.596792216470931, 6148957.628361370414495 ], [ 289639.406060776731465, 6148958.201105968095362 ], [ 289641.261469620862044, 6148958.599787693470716 ], [ 289643.146313162171282, 6148958.820816927589476 ], [ 289645.043620791926514, 6148958.8622035831213 ], [ 289788.756396876298822, 6148955.174890561029315 ], [ 289809.860033242148347, 6148998.33915220014751 ], [ 289810.128890632244293, 6148998.868967501446605 ], [ 289854.533023052266799, 6149083.243045746348798 ], [ 289855.547810419171583, 6149084.958106995560229 ], [ 289856.728236340510193, 6149086.563667063601315 ], [ 289858.062581463367678, 6149088.043785835616291 ], [ 289859.537598314520437, 6149089.38376858830452 ], [ 289861.138642821460962, 6149090.570311876013875 ], [ 289862.849819700408261, 6149091.591635613702238 ], [ 289864.654140265425667, 6149092.437600025907159 ], [ 289866.533691093383823, 6149093.099806317128241 ], [ 289868.469811869843397, 6149093.571680057793856 ], [ 290169.013549106603023, 6149151.129167618229985 ], [ 290242.403576576034538, 6149200.134283998981118 ], [ 290365.86554799892474, 6149315.374543006531894 ], [ 290292.266979860665742, 6149306.303729683160782 ], [ 290290.370714987220708, 6149306.161108508706093 ], [ 290288.469476377184037, 6149306.199226976372302 ], [ 290286.580451994261239, 6149306.417740478180349 ], [ 290284.72071938047884, 6149306.814673564396799 ], [ 290282.907091268338263, 6149307.386437798850238 ], [ 290281.15596358734183, 6149308.127864204347134 ], [ 290279.483167237660382, 6149309.032249986194074 ], [ 290105.309260553622153, 6149414.193829259835184 ], [ 290103.82927586598089, 6149415.179757852107286 ], [ 290102.44271955662407, 6149416.293253010138869 ], [ 290101.160553773865104, 6149417.525511411949992 ], [ 290099.992915351991542, 6149418.866790794767439 ], [ 290098.949035668978468, 6149420.306486967951059 ], [ 290068.663842223235406, 6149466.242275119759142 ], [ 289775.301522898022085, 6149315.550588395446539 ], [ 289773.508105965680443, 6149314.738302941434085 ], [ 289771.643514235911425, 6149314.106282661668956 ], [ 289769.725816311081871, 6149313.660652073100209 ], [ 289767.773595412436407, 6149313.405729505233467 ], [ 289765.80576930224197, 6149313.343985254876316 ], [ 289763.841406962950714, 6149313.476017646491528 ], [ 289761.899543811916374, 6149313.800547236576676 ], [ 289759.998997240676545, 6149314.314429210498929 ], [ 289758.158184267580509, 6149315.01268385630101 ], [ 289756.394943069492001, 6149315.888544822111726 ], [ 289754.726360123604536, 6149316.933524680323899 ], [ 289753.168604632432107, 6149318.137497181072831 ], [ 289751.736771838448476, 6149319.488795372657478 ], [ 289750.444736745383125, 6149320.974324662238359 ], [ 289749.305019664054271, 6149322.579689707607031 ], [ 289748.328664886008482, 6149324.289333909749985 ], [ 289747.525133659946732, 6149326.086690168827772 ], [ 289629.650740779354237, 6149628.94330273848027 ], [ 289629.3067660749075, 6149629.898069962859154 ], [ 289578.020180995343253, 6149784.442160748876631 ], [ 289577.502418275282253, 6149786.296595641411841 ], [ 289577.165370454080403, 6149788.19222370814532 ], [ 289577.012161128222942, 6149790.111477185040712 ], [ 289577.044210167834535, 6149792.036569354124367 ], [ 289577.261220557847992, 6149793.949659393168986 ], [ 289577.661181150644552, 6149795.833017704077065 ], [ 289578.240385304496158, 6149797.669190231710672 ], [ 289578.993465234758332, 6149799.441160215064883 ], [ 289579.913441759941634, 6149801.132505890913308 ], [ 289580.991788981307764, 6149802.727552684955299 ], [ 289663.728128021408338, 6149913.243093985132873 ], [ 289658.619733651808929, 6150209.300278145819902 ], [ 289658.689047471561935, 6150211.344260077923536 ], [ 289658.966738701681606, 6150213.370476779527962 ], [ 289659.449903617613018, 6150215.357740780338645 ], [ 289660.13348992500687, 6150217.285271922126412 ], [ 289661.010349589923862, 6150219.132914655841887 ], [ 289662.071313583408482, 6150220.881348797120154 ], [ 289663.305287758936174, 6150222.512291554361582 ], [ 289673.727362930716481, 6150234.914379086345434 ], [ 289674.84979300480336, 6150236.142485382035375 ], [ 289780.304925945762079, 6150342.300623309798539 ], [ 289782.023149675398599, 6150343.841363968327641 ], [ 289783.907427755650133, 6150345.173906904645264 ], [ 289959.738533709314652, 6150454.874704759567976 ], [ 290059.008262450399343, 6150653.71954794600606 ], [ 290059.658475233707577, 6150654.917930377647281 ], [ 290121.899237886653282, 6150760.850103038363159 ], [ 290122.372670187032782, 6150761.615872219204903 ], [ 290206.312735819316003, 6150890.793842193670571 ], [ 290207.745821730757598, 6150892.732574886642396 ], [ 290209.401774786878377, 6150894.484784679487348 ], [ 290415.034116781956982, 6151087.332119979895651 ], [ 290416.575179354520515, 6151088.637563314288855 ], [ 290418.240044239966664, 6151089.780927238054574 ], [ 290420.011733745050151, 6151090.750552139244974 ], [ 290421.872180817299522, 6151091.536550130695105 ], [ 290423.802413286524825, 6151092.130905887112021 ], [ 290425.782747336197644, 6151092.527558382600546 ], [ 290427.792988231871277, 6151092.722462697885931 ], [ 290429.812636259768624, 6151092.713631269522011 ], [ 290431.821095775638241, 6151092.501154155470431 ], [ 290433.79788523161551, 6151092.087198122404516 ], [ 290435.722846039803699, 6151091.475984544493258 ], [ 290616.296600371948443, 6151023.926746206358075 ], [ 290724.6674535140628, 6151057.612679564394057 ], [ 290726.497603975120001, 6151058.087960296310484 ], [ 290728.364459344185889, 6151058.388282647356391 ], [ 290730.251333002757747, 6151058.510962232016027 ], [ 290732.141359402041417, 6151058.454902496188879 ], [ 291256.635456462216098, 6151018.019879108294845 ], [ 291258.566762967209797, 6151017.775971152819693 ], [ 291260.465209260350093, 6151017.345462640747428 ], [ 291262.312810240313411, 6151016.732432032935321 ], [ 291264.092062493320554, 6151015.942686930298805 ], [ 291265.786110113433097, 6151014.983709054067731 ], [ 291267.378904388519004, 6151013.864583366550505 ], [ 291268.855355838953983, 6151012.595912005752325 ], [ 291270.201477169408463, 6151011.189713844098151 ], [ 291271.40451577847125, 6151009.659310624934733 ], [ 291334.851680776278954, 6150920.31826485786587 ], [ 291335.970191621920094, 6150918.555013906210661 ], [ 291336.898766071244609, 6150916.684754587709904 ], [ 291337.627282383327838, 6150914.727873289957643 ], [ 291338.147799510974437, 6150912.705700609833002 ], [ 291365.261311911279336, 6150778.75086628459394 ], [ 291489.664319694391452, 6150744.470221254974604 ], [ 291491.222459377895575, 6150743.971450022421777 ], [ 291492.734620044357143, 6150743.346996553242207 ], [ 291582.595368615584448, 6150701.858841171488166 ], [ 291584.258315011800732, 6150700.994342338293791 ], [ 291585.83303488913225, 6150699.977973183616996 ], [ 291587.305699258577079, 6150698.818659332580864 ], [ 291588.663375369447749, 6150697.526581731624901 ], [ 291618.536703093443066, 6150666.301438492722809 ], [ 291827.155547641043086, 6150663.123183649033308 ], [ 291829.053053042734973, 6150663.003896246664226 ], [ 291830.930657720775343, 6150662.704969990067184 ], [ 291832.771393967152108, 6150662.229106243699789 ], [ 291834.558627249789424, 6150661.580605335533619 ], [ 291836.276206537033431, 6150660.765327698551118 ], [ 291837.908610252896324, 6150659.790640906430781 ], [ 291839.44108654349111, 6150658.665353097952902 ], [ 291840.859786588407587, 6150657.399633374996483 ], [ 292214.236159078020137, 6150290.961047629825771 ], [ 292376.393658595217858, 6150293.447922500781715 ], [ 292377.033174169017002, 6150293.422968220897019 ], [ 292378.140205113275442, 6150293.398376871831715 ], [ 292378.36306137155043, 6150293.371075225993991 ], [ 292378.564368515275419, 6150293.363220101222396 ], [ 292379.20468314178288, 6150293.267969936132431 ], [ 292380.118396818463225, 6150293.156032820232213 ], [ 292380.431751044874545, 6150293.085437138564885 ], [ 292380.713086901523639, 6150293.043586951680481 ], [ 292381.297876674041618, 6150292.890307396650314 ], [ 292382.062647508340888, 6150292.718011911958456 ], [ 292382.460928869550116, 6150292.585459174588323 ], [ 292382.814463410584722, 6150292.49279404990375 ], [ 292435.774484976369422, 6150275.48854279704392 ], [ 292437.48584113951074, 6150274.851510095410049 ], [ 292439.131961208418943, 6150274.061042323708534 ], [ 292440.699122506484855, 6150273.12372911721468 ], [ 292442.174260587140452, 6150272.047384274192154 ], [ 292443.545078144059516, 6150270.840980608016253 ], [ 292444.800147526198998, 6150269.514575154520571 ], [ 292626.444159160251729, 6150059.081903603859246 ], [ 292626.477755945408717, 6150059.03873414453119 ], [ 292626.518155848898459, 6150058.995685320347548 ], [ 292627.675120564294048, 6150057.502425398677588 ], [ 292627.682678534009028, 6150057.490495039150119 ], [ 292627.690743116545491, 6150057.480132629163563 ], [ 292627.828561989765149, 6150057.26021599303931 ], [ 292628.686042200308293, 6150055.90667166095227 ], [ 292628.725648886756971, 6150055.828740552067757 ], [ 292628.768562197277788, 6150055.760264075361192 ], [ 292629.036868077178951, 6150055.216377873905003 ], [ 292629.541902343858965, 6150054.222659795545042 ], [ 292629.601042586320546, 6150054.072732678614557 ], [ 292629.66651583078783, 6150053.940011046826839 ], [ 292629.891261886747088, 6150053.33699435275048 ], [ 292630.235065882501658, 6150052.465412842109799 ], [ 292630.30043084488716, 6150052.239152117632329 ], [ 292630.375355898868293, 6150052.038120521232486 ], [ 292630.532500145141967, 6150051.43584456294775 ], [ 292630.759349117171951, 6150050.650607167743146 ], [ 292630.817024133517407, 6150050.34536901768297 ], [ 292630.887781983416062, 6150050.074180266819894 ], [ 292630.97663041081978, 6150049.500671816989779 ], [ 292631.110074927040841, 6150048.794432619586587 ], [ 292631.145713988749776, 6150048.409252830781043 ], [ 292631.198516554723028, 6150048.068417110480368 ], [ 292631.226067254086956, 6150047.540810950100422 ], [ 292631.284114493581001, 6150046.913448096252978 ], [ 292631.283081932982896, 6150046.448958600871265 ], [ 292631.304359324916732, 6150046.04148861579597 ], [ 292631.281130785064306, 6150045.571249589323997 ], [ 292631.279915213119239, 6150045.024433826096356 ], [ 292631.227358006581198, 6150044.482672384940088 ], [ 292631.204220208222978, 6150044.014270331710577 ], [ 292631.142599765094928, 6150043.608981600031257 ], [ 292631.097514547349419, 6150043.144241669215262 ], [ 292630.978287749865558, 6150042.528271937742829 ], [ 292630.899130547943059, 6150042.007640791125596 ], [ 292542.072587184899021, 6149607.494450239464641 ], [ 292541.611147702555172, 6149605.67638411000371 ], [ 292540.98141682962887, 6149603.909542331472039 ], [ 292540.188933506899048, 6149602.209465559571981 ], [ 292539.240668201469816, 6149600.591107207350433 ], [ 292538.144961596175563, 6149599.068701912648976 ], [ 292536.911451227322686, 6149597.655640337616205 ], [ 292535.550986715534236, 6149596.364351386204362 ], [ 292534.075534335337579, 6149595.206192881800234 ], [ 292532.498071763198823, 6149594.191351673565805 ], [ 291777.289162812579889, 6149156.993651552125812 ], [ 291447.276699995505624, 6148669.158489336259663 ], [ 291137.438904916925821, 6147848.622717035003006 ], [ 291138.100354353780858, 6147738.358307579532266 ], [ 291405.297476621053647, 6147592.823597411625087 ], [ 291936.39482321543619, 6147434.199616813100874 ], [ 292738.380783009168226, 6147577.686018950305879 ], [ 292739.260418108722661, 6147577.800827540457249 ], [ 292740.065668902883772, 6147577.914049830287695 ], [ 292740.159923529368825, 6147577.918229573406279 ], [ 292740.254424243408721, 6147577.930563658475876 ], [ 292741.153493470628746, 6147577.962289666756988 ], [ 292741.970535282336641, 6147577.998521577566862 ], [ 292742.056199714774266, 6147577.994144015945494 ], [ 292742.142781540867873, 6147577.997199282050133 ], [ 292743.054169156355783, 6147577.94314650632441 ], [ 292743.874788995482959, 6147577.901211787946522 ], [ 292743.951166691666003, 6147577.88994718156755 ], [ 292744.028999737696722, 6147577.88533104211092 ], [ 292744.945527712989133, 6147577.743293298408389 ], [ 292745.761122035735752, 6147577.623004920780659 ], [ 292745.827755784499459, 6147577.606571138836443 ], [ 292745.896242763381451, 6147577.595957457087934 ], [ 292746.810830798582174, 6147577.364116811193526 ], [ 292747.612389279704075, 6147577.166429636068642 ], [ 292747.669063309498597, 6147577.146561833098531 ], [ 292747.727843916858546, 6147577.131661426275969 ], [ 292748.633741442114115, 6147576.808381631039083 ], [ 292749.411764321499504, 6147576.535635803826153 ], [ 292749.458502693916671, 6147576.514056233689189 ], [ 292749.507454630162101, 6147576.496587180532515 ], [ 292750.398619093059096, 6147576.079995165579021 ], [ 292751.142892410163768, 6147575.736356791108847 ], [ 292751.179953991260845, 6147575.714745098724961 ], [ 292751.219190393574536, 6147575.696403285488486 ], [ 292752.091003388224635, 6147575.18348553031683 ], [ 292752.790039100043941, 6147574.775857347995043 ], [ 292752.81790899328189, 6147574.755821808241308 ], [ 292752.847772537963465, 6147574.738252051174641 ], [ 292753.698670591285918, 6147574.122646284289658 ], [ 292754.338233263173606, 6147573.662867575883865 ], [ 292754.357610967825167, 6147573.64591761585325 ], [ 292754.378664609335829, 6147573.630685775540769 ], [ 292755.214875650359318, 6147572.89605572540313 ], [ 292755.773403163941111, 6147572.407503582537174 ], [ 292755.785187593777664, 6147572.39502396248281 ], [ 292755.798202119360212, 6147572.383590411394835 ], [ 292756.654012474406045, 6147571.474945127032697 ], [ 292757.082504358608276, 6147571.021175532601774 ], [ 292757.087775917898398, 6147571.014402548782527 ], [ 292757.093714511895087, 6147571.008097325451672 ], [ 292758.253638258378487, 6147569.516483940184116 ], [ 292803.464159632625524, 6147505.336525317281485 ], [ 292803.527761293982621, 6147505.245703981257975 ], [ 292821.566552913340274, 6147479.334264470264316 ], [ 292821.599954280129168, 6147479.32717368658632 ], [ 292821.819611391925719, 6147479.257559745572507 ], [ 292822.059115441690665, 6147479.200118496082723 ], [ 292822.836239171039779, 6147478.935369100421667 ], [ 292823.462341056088917, 6147478.736944293603301 ], [ 292823.632175920298323, 6147478.664210511371493 ], [ 292823.818328659341205, 6147478.600792263634503 ], [ 292824.638563598971814, 6147478.233213127590716 ], [ 292825.258255177061073, 6147477.967822905629873 ], [ 292825.379943723615725, 6147477.900971896015108 ], [ 292825.514314172207378, 6147477.840755279175937 ], [ 292826.385739092482254, 6147477.34842658881098 ], [ 292826.970559782523196, 6147477.027148584835231 ], [ 292827.047086579841562, 6147476.974785286001861 ], [ 292827.132427047588862, 6147476.926570505835116 ], [ 292828.097829088568687, 6147476.255816948600113 ], [ 292828.582915825361852, 6147475.923897375352681 ], [ 292828.618499423959292, 6147475.894059395417571 ], [ 292828.658694787358399, 6147475.866131980903447 ], [ 292830.07993798161624, 6147474.668596653267741 ], [ 292936.243177143915091, 6147376.42761005461216 ], [ 292936.269764644326642, 6147376.400455692782998 ], [ 292936.299181533278897, 6147376.375585875473917 ], [ 292937.091747847793158, 6147375.56094731297344 ], [ 292937.621852589771152, 6147375.019540418870747 ], [ 292937.637711930263322, 6147374.999778629280627 ], [ 292937.655618732678704, 6147374.981373138725758 ], [ 292938.454746179806534, 6147373.981699789874256 ], [ 292938.85526442877017, 6147373.482627499848604 ], [ 292938.862184033612721, 6147373.472012924030423 ], [ 292938.870200638950337, 6147373.461984503082931 ], [ 292939.931438063154928, 6147371.831792440265417 ], [ 293166.454035834409297, 6146983.816755192354321 ], [ 293166.518813273054548, 6146983.693010060116649 ], [ 293166.58738946885569, 6146983.584780966863036 ], [ 293166.609597197792027, 6146983.54054959025234 ], [ 293166.636237181548495, 6146983.497973717749119 ], [ 293166.643572130880784, 6146983.483206859789789 ], [ 293166.652161241916474, 6146983.469454829581082 ], [ 293166.922485421062447, 6146982.921870227903128 ], [ 293167.309278615168296, 6146982.182974467985332 ], [ 293167.310209238959942, 6146982.18120573926717 ], [ 293167.310226077330299, 6146982.181164519861341 ], [ 293167.310247661429457, 6146982.181123287416995 ], [ 293167.31331291544484, 6146982.173664304427803 ], [ 293167.317017604946159, 6146982.166580278426409 ], [ 293167.349684689834248, 6146982.086815437301993 ], [ 293167.385814660345204, 6146982.017030641436577 ], [ 293167.427550482214428, 6146981.91142307780683 ], [ 293167.479608818597626, 6146981.80773791950196 ], [ 293167.492430355283432, 6146981.77426949236542 ], [ 293167.508606014656834, 6146981.741704350337386 ], [ 293167.520314303925261, 6146981.710872783325613 ], [ 293167.53466630744515, 6146981.6818005181849 ], [ 293167.735719026939478, 6146981.145782176405191 ], [ 293168.011988746817224, 6146980.473508030176163 ], [ 293168.01671763334889, 6146980.458088016137481 ], [ 293168.02277678612154, 6146980.443293082527816 ], [ 293168.030448645644356, 6146980.418096451088786 ], [ 293168.040049934061244, 6146980.394592987373471 ], [ 293168.081074561807327, 6146980.257757652550936 ], [ 293168.130675341410097, 6146980.132248743437231 ], [ 293168.15637730632443, 6146980.041149615310133 ], [ 293168.190958732797299, 6146979.950880720280111 ], [ 293168.196798371849582, 6146979.929479822516441 ], [ 293168.204786579415668, 6146979.908444386906922 ], [ 293168.21773689694237, 6146979.860694264993072 ], [ 293168.234813191113062, 6146979.815167862921953 ], [ 293168.368218069663271, 6146979.311910887248814 ], [ 293168.553279571700841, 6146978.708459967747331 ], [ 293168.558209944632836, 6146978.684773925691843 ], [ 293168.565194772789255, 6146978.661833706311882 ], [ 293168.577445566828828, 6146978.602140126749873 ], [ 293168.594291006796993, 6146978.545953110791743 ], [ 293168.631636433536187, 6146978.356621126644313 ], [ 293168.680969610635657, 6146978.181762533262372 ], [ 293168.694053601298947, 6146978.107156816869974 ], [ 293168.714407629042398, 6146978.032564111053944 ], [ 293168.715823623817414, 6146978.024159984663129 ], [ 293168.718085953441914, 6146978.015818373300135 ], [ 293168.729036268545315, 6146977.950759198516607 ], [ 293168.745645018061623, 6146977.888104300014675 ], [ 293168.818933965405449, 6146977.432227678596973 ], [ 293168.929507809923962, 6146976.901019033044577 ], [ 293168.933141566230915, 6146976.868965335190296 ], [ 293168.939569052134175, 6146976.83764657843858 ], [ 293168.94999310123967, 6146976.742632347159088 ], [ 293168.967771568452008, 6146976.652499959804118 ], [ 293168.991630205651745, 6146976.410356785170734 ], [ 293169.031047018535901, 6146976.1855997024104 ], [ 293169.034750701335724, 6146976.134416134096682 ], [ 293169.043569392641075, 6146976.082021588459611 ], [ 293169.043927087564953, 6146976.076820203103125 ], [ 293169.044781296863221, 6146976.071750352159142 ], [ 293169.049949679349083, 6146975.995248885825276 ], [ 293169.062086005927995, 6146975.919757727533579 ], [ 293169.085865262546577, 6146975.521775601431727 ], [ 293169.13746762968367, 6146975.066586386412382 ], [ 293169.138295871671289, 6146975.02627023588866 ], [ 293169.142653972550761, 6146974.986546554602683 ], [ 293169.14475529990159, 6146974.856278223916888 ], [ 293169.157013905816711, 6146974.731864674016833 ], [ 293169.157507616153453, 6146974.437959598377347 ], [ 293169.177312952640932, 6146974.164256951771677 ], [ 293169.176759121415671, 6146974.145256399177015 ], [ 293169.178107772895601, 6146974.12564511783421 ], [ 293169.177546618913766, 6146974.10658198222518 ], [ 293169.178814044338651, 6146974.087821779772639 ], [ 293169.176277297025081, 6146974.008592307567596 ], [ 293169.180991899629589, 6146973.929686242714524 ], [ 293169.167659842176363, 6146973.5969268232584 ], [ 293169.175387010385748, 6146973.22079318575561 ], [ 293152.061395606957376, 6146305.63892743177712 ], [ 293152.01689681148855, 6146305.040242418646812 ], [ 293151.996675623464398, 6146304.464327823370695 ], [ 293151.951025307585951, 6146304.125230320729315 ], [ 293151.928746758552734, 6146303.795775349251926 ], [ 293151.921028103330173, 6146303.750428657978773 ], [ 293151.917472668399569, 6146303.702593978494406 ], [ 293151.812259354279377, 6146303.094455676153302 ], [ 293151.733355522912461, 6146302.50834599416703 ], [ 293151.64986213442171, 6146302.155791494064033 ], [ 293151.633513447945006, 6146302.061295255087316 ], [ 293151.589669112232514, 6146301.803712100721896 ], [ 293151.587744878022932, 6146301.796750595793128 ], [ 293151.586463098821696, 6146301.789341846480966 ], [ 293151.418289485329296, 6146301.177965812385082 ], [ 293151.278533725300804, 6146300.58784097712487 ], [ 293151.165793745080009, 6146300.260046281851828 ], [ 293151.071486747066956, 6146299.917203921824694 ], [ 293151.059722855046857, 6146299.886469569057226 ], [ 293151.051309528585989, 6146299.856031789444387 ], [ 293150.840628837060649, 6146299.314064377918839 ], [ 293150.838744667707942, 6146299.309141796082258 ], [ 293150.636639287986327, 6146298.721514660865068 ], [ 293150.498677822528407, 6146298.420682908035815 ], [ 293150.377397395379376, 6146298.10382557567209 ], [ 293150.34463699470507, 6146298.038145767524838 ], [ 293150.319163702894002, 6146297.972616772167385 ], [ 293150.062732406076975, 6146297.470082512125373 ], [ 293149.813922982837539, 6146296.927541341632605 ], [ 292972.177281938726082, 6145955.171774939633906 ], [ 292984.946037362213247, 6145885.669432586058974 ], [ 292985.204347235616297, 6145883.738109108991921 ], [ 292985.273493349086493, 6145881.790815300308168 ], [ 292985.152819379116409, 6145879.846034552901983 ], [ 292984.843470743158832, 6145877.922226405702531 ], [ 292984.34838372777449, 6145876.037651332095265 ], [ 292983.672257617639843, 6145874.210197406820953 ], [ 292982.821510090841912, 6145872.457210524939001 ], [ 292981.804216303338762, 6145870.795329748652875 ], [ 292980.630032240587752, 6145869.240329379215837 ], [ 292798.650077933853026, 6145651.198219787329435 ], [ 292459.237474398221821, 6145116.841071763075888 ], [ 292458.08231590379728, 6145115.208876148797572 ], [ 292456.769946993212216, 6145113.700187476351857 ], [ 292455.31348628224805, 6145112.330086798407137 ], [ 292453.727492747595534, 6145111.112269826233387 ], [ 292452.027820193499792, 6145110.058910020627081 ], [ 292450.231458774767816, 6145109.180536909028888 ], [ 292448.356365161191206, 6145108.485930826514959 ], [ 292446.421283040137496, 6145107.982035147957504 ], [ 292444.445555752143264, 6145107.673886883072555 ], [ 292442.448932932282332, 6145107.564566322602332 ], [ 292440.451373090094421, 6145107.655166249722242 ], [ 292438.472844101837836, 6145107.944781014695764 ], [ 292436.533123608736787, 6145108.430515591055155 ], [ 292434.651601317105815, 6145109.107514509931207 ], [ 292432.847085176210385, 6145109.969010398723185 ], [ 292431.137613371480256, 6145111.006391630508006 ], [ 292429.540274012601003, 6145112.209288401529193 ], [ 292422.176054913841654, 6145118.355268470942974 ], [ 292466.960643646132667, 6145054.994949797168374 ], [ 292467.39901721093338, 6145054.305779749527574 ], [ 292467.743352806079201, 6145053.799115869216621 ], [ 292467.859121594170574, 6145053.582446535117924 ], [ 292468.006971610127948, 6145053.350010524503887 ], [ 292468.441651538596489, 6145052.492201251909137 ], [ 292468.743782732868567, 6145051.926741720177233 ], [ 292468.805611699470319, 6145051.773952304385602 ], [ 292468.888177163142245, 6145051.611015358008444 ], [ 292469.318025223852601, 6145050.507695286534727 ], [ 292469.540115178388078, 6145049.958874949254096 ], [ 292469.56287695170613, 6145049.879217807203531 ], [ 292469.595887470291927, 6145049.794487478211522 ], [ 292470.123378173680976, 6145047.917686749249697 ], [ 292492.465392193407752, 6144950.405486349016428 ], [ 292492.596679162757937, 6144949.690212673507631 ], [ 292492.703815605898853, 6144949.194307438097894 ], [ 292492.73068073077593, 6144948.960149404592812 ], [ 292492.780899856879842, 6144948.686547088436782 ], [ 292492.795338947849814, 6144948.533583580516279 ], [ 292492.817705307272263, 6144948.406691439449787 ], [ 292492.826895815087482, 6144948.280925609171391 ], [ 292492.845579065731727, 6144948.171123940497637 ], [ 292492.868159676960204, 6144947.762142068706453 ], [ 292492.868302074319217, 6144947.760633552446961 ], [ 292492.928364252671599, 6144947.237128017470241 ], [ 292510.177289199025836, 6144682.082840227521956 ], [ 292844.076778659014963, 6144342.624546806327999 ], [ 292844.485635798308067, 6144342.16543254815042 ], [ 292844.625537310203072, 6144342.009758458472788 ], [ 292845.178663519967813, 6144341.408294933848083 ], [ 292845.24477194994688, 6144341.320710945874453 ], [ 292845.318894591298886, 6144341.238231674768031 ], [ 292845.355541792639997, 6144341.188596858642995 ], [ 292845.395220891165081, 6144341.144040366634727 ], [ 292845.817319134424906, 6144340.563167560845613 ], [ 292845.851093948236667, 6144340.517423094250262 ], [ 292846.346848035638686, 6144339.860621531493962 ], [ 292846.399492337950505, 6144339.77467461116612 ], [ 292846.459984122368041, 6144339.692744791507721 ], [ 292846.507799000944942, 6144339.61295991577208 ], [ 292846.56061329820659, 6144339.540279231965542 ], [ 292846.932037013408262, 6144338.905243868008256 ], [ 292847.359667105250992, 6144338.207096341066062 ], [ 292847.39982903865166, 6144338.12450051587075 ], [ 292847.447529273689725, 6144338.044906936585903 ], [ 292847.500931745569687, 6144337.932585799135268 ], [ 292847.561505348421633, 6144337.829021114856005 ], [ 292847.861291217617691, 6144337.17547126300633 ], [ 292848.207600361143705, 6144336.463262284174562 ], [ 292848.236460090090986, 6144336.385552917607129 ], [ 292848.272418422799092, 6144336.309921946376562 ], [ 292848.325496231613215, 6144336.163478540256619 ], [ 292848.388062803889625, 6144336.027079936116934 ], [ 292848.615973264095373, 6144335.36365391407162 ], [ 292848.882677340880036, 6144334.645511174574494 ], [ 292848.901587708154693, 6144334.574023358523846 ], [ 292848.901587708271109, 6144334.574023358523846 ], [ 292848.927040698996279, 6144334.50379772670567 ], [ 292848.97365186875686, 6144334.322484967298806 ], [ 292849.032164346601348, 6144334.152160620316863 ], [ 292849.189090532134287, 6144333.487161928787827 ], [ 292849.378552408597898, 6144332.770929637365043 ], [ 292849.389010962855536, 6144332.70677989628166 ], [ 292849.405356205184944, 6144332.643198548816144 ], [ 292849.439235449128319, 6144332.427134616300464 ], [ 292849.487481374118943, 6144332.222685136832297 ], [ 292849.575323175115045, 6144331.563994784839451 ], [ 292849.690564403135795, 6144330.857138494029641 ], [ 292849.694183573534247, 6144330.801210073754191 ], [ 292849.702951745479368, 6144330.745291301980615 ], [ 292849.717819364508614, 6144330.495473147369921 ], [ 292849.749540181306656, 6144330.257611494511366 ], [ 292849.771099054138176, 6144329.612605818547308 ], [ 292849.815780452219769, 6144328.922127134166658 ], [ 292849.814256311336067, 6144328.875059008598328 ], [ 292849.81708154338412, 6144328.827587098814547 ], [ 292849.806753267534077, 6144328.545890959911048 ], [ 292849.815765916369855, 6144328.276247471570969 ], [ 292849.774642752774525, 6144327.651723318733275 ], [ 292849.753023541299626, 6144326.984084411524236 ], [ 292849.748103593126871, 6144326.946264163590968 ], [ 292849.746692576038186, 6144326.907779708504677 ], [ 292849.705188794003334, 6144326.596948564052582 ], [ 292849.685507880174555, 6144326.298060907050967 ], [ 292849.586002061434556, 6144325.700169709511101 ], [ 292849.502883577137254, 6144325.061227676458657 ], [ 292849.496334028954152, 6144325.032788327895105 ], [ 292849.496334028837737, 6144325.032788326963782 ], [ 292849.492434289946686, 6144325.003582306206226 ], [ 292849.414087079057936, 6144324.667200422845781 ], [ 292849.360045919485856, 6144324.3424884211272 ], [ 292849.207053803314921, 6144323.776680093258619 ], [ 292849.067711842944846, 6144323.171631533652544 ], [ 292849.061284821422305, 6144323.152452335692942 ], [ 292849.056652608676814, 6144323.132564040832222 ], [ 292848.936208980157971, 6144322.77501895930618 ], [ 292848.84257785207592, 6144322.428744436241686 ], [ 292848.641490115027409, 6144321.899721863679588 ], [ 292848.451598896470387, 6144321.333057939074934 ], [ 292848.447000067215413, 6144321.322769114747643 ], [ 292848.4433682882227, 6144321.311987932771444 ], [ 292740.021853725134861, 6144044.219985317438841 ], [ 292738.991510936291888, 6144041.998246151022613 ], [ 292737.697348271554802, 6144039.919093875214458 ], [ 292726.831892364192754, 6144024.635705487802625 ], [ 292725.554608598526102, 6144023.021840958856046 ], [ 292724.118228690465912, 6144021.547790315933526 ], [ 292722.537963948328979, 6144020.229163803160191 ], [ 292206.706369992287364, 6143633.025173496454954 ], [ 292339.050792623369489, 6142742.204410617239773 ], [ 292339.081194896192756, 6142741.897511873394251 ], [ 292339.131606574344914, 6142741.59645496122539 ], [ 292339.137882257462479, 6142741.503938171081245 ], [ 292339.152444336155895, 6142741.411457382142544 ], [ 292339.186337230668869, 6142740.836142200045288 ], [ 292339.242928906402085, 6142740.264871943742037 ], [ 292339.243323262489866, 6142739.949515632353723 ], [ 292339.264445349283051, 6142739.63813157659024 ], [ 292339.261878538294695, 6142739.553865729831159 ], [ 292339.26688368053874, 6142739.468905907124281 ], [ 292339.244646375242155, 6142738.891456810757518 ], [ 292339.245366188057233, 6142738.315841242671013 ], [ 292339.214394730108324, 6142737.995019615627825 ], [ 292339.204683753428981, 6142737.676217926666141 ], [ 292339.194950134726241, 6142737.600965502671897 ], [ 292339.192002698895521, 6142737.524427715688944 ], [ 292339.113541852391791, 6142736.950322775170207 ], [ 292339.058081321767531, 6142736.375828100368381 ], [ 292338.994690014049411, 6142736.052717121317983 ], [ 292338.952897392155137, 6142735.729610558599234 ], [ 292338.937729132070672, 6142735.663885579444468 ], [ 292338.928510252619162, 6142735.596430224366486 ], [ 292338.794267323915847, 6142735.031145331449807 ], [ 292338.682852917700075, 6142734.463256464339793 ], [ 292338.586314387095626, 6142734.141184442676604 ], [ 292338.511511393880937, 6142733.817058593034744 ], [ 292338.492664661374874, 6142733.761123658157885 ], [ 292338.478900694579352, 6142733.703164832666516 ], [ 292338.289850616070908, 6142733.152121469378471 ], [ 292338.123244451126084, 6142732.596289678476751 ], [ 292337.993177513184492, 6142732.278703243471682 ], [ 292337.884777052560821, 6142731.956983142532408 ], [ 292337.863999580382369, 6142731.910850432701409 ], [ 292337.84743025660282, 6142731.862554150633514 ], [ 292337.605075003637467, 6142731.331067400984466 ], [ 292337.384570420894306, 6142730.792657983489335 ], [ 292337.22095602581976, 6142730.48308571241796 ], [ 292337.078730879933573, 6142730.167299877852201 ], [ 292337.057730022177566, 6142730.130736063234508 ], [ 292337.040076757664792, 6142730.092022331431508 ], [ 292336.746433861146215, 6142729.585249650292099 ], [ 292336.473845878907014, 6142729.069490137510002 ], [ 292336.277039193955716, 6142728.771504200994968 ], [ 292336.101136464101728, 6142728.465246478095651 ], [ 292336.081548220245168, 6142728.437781475484371 ], [ 292336.064483014924917, 6142728.408330124802887 ], [ 292335.722069074108731, 6142727.93122130446136 ], [ 292335.399719808949158, 6142727.443150750361383 ], [ 292335.17045824311208, 6142727.160327048040926 ], [ 292334.961409693001769, 6142726.867216595448554 ], [ 292334.944769108726177, 6142726.848155969753861 ], [ 292334.929884492943529, 6142726.827416214160621 ], [ 292334.541693840001244, 6142726.38466508500278 ], [ 292334.172392989275977, 6142725.929084869101644 ], [ 292333.911799951689318, 6142725.664962036535144 ], [ 292333.670528063375968, 6142725.388601960614324 ], [ 292333.658241441415157, 6142725.377042816951871 ], [ 292333.647021875891369, 6142725.364246333017945 ], [ 292333.216500595561229, 6142724.960244683548808 ], [ 292332.803521117486525, 6142724.541671299375594 ], [ 292332.513105346879456, 6142724.299709019251168 ], [ 292332.240924948768225, 6142724.043644134886563 ], [ 292332.234244296443649, 6142724.038494276814163 ], [ 292332.228039391105995, 6142724.032671586610377 ], [ 292331.759054822905455, 6142723.671465644612908 ], [ 292331.306104118702933, 6142723.294086053036153 ], [ 292330.99000679992605, 6142723.079154651612043 ], [ 292330.68636984564364, 6142722.845297336578369 ], [ 291975.250964230392128, 6142475.677080494351685 ], [ 292098.590777241683099, 6142303.725602889433503 ], [ 292098.971704876224976, 6142303.13499600533396 ], [ 292099.55808017111849, 6142302.242591781541705 ], [ 292099.606959642434958, 6142302.150069200433791 ], [ 292099.661434483365156, 6142302.065609022043645 ], [ 292099.992924793972634, 6142301.419486586004496 ], [ 292100.448099903354887, 6142300.557898382656276 ], [ 292100.501616858120542, 6142300.42797236982733 ], [ 292100.563118878926616, 6142300.308096058666706 ], [ 292100.828159789845813, 6142299.635206386446953 ], [ 292101.173767160915304, 6142298.796156629920006 ], [ 292101.225142221548595, 6142298.627341684885323 ], [ 292101.287034752895124, 6142298.470208037644625 ], [ 292101.480369919503573, 6142297.788680881261826 ], [ 292101.728495920135174, 6142296.973355770111084 ], [ 292101.770733932324219, 6142296.765116656199098 ], [ 292101.826120511104818, 6142296.569873037748039 ], [ 292101.947559298947453, 6142295.893343679606915 ], [ 292102.107251564098988, 6142295.106039210222661 ], [ 292102.13326004188275, 6142294.858814212493598 ], [ 292102.175117524864618, 6142294.625628286972642 ], [ 292102.22727304440923, 6142293.965168511494994 ], [ 292102.306596575770527, 6142293.211154376156628 ], [ 292102.309305852686521, 6142292.926364361308515 ], [ 292102.330621427390724, 6142292.656439340673387 ], [ 292102.317916027968749, 6142292.021291901357472 ], [ 292102.324721736251377, 6142291.305898894555867 ], [ 292102.297205035749357, 6142290.9859420331195 ], [ 292102.291115322092082, 6142290.681515079922974 ], [ 292102.219241571787279, 6142290.079403648152947 ], [ 292102.161462544754613, 6142289.407564517110586 ], [ 292102.097054106765427, 6142289.05579670984298 ], [ 292102.056984579830896, 6142288.72012033034116 ], [ 292101.932556280982681, 6142288.157388963736594 ], [ 292101.818300712038763, 6142287.533380180597305 ], [ 292101.710710031969938, 6142287.154081484302878 ], [ 292101.630513079697266, 6142286.791387941688299 ], [ 292101.460804729140364, 6142286.273068784736097 ], [ 292101.298350712226238, 6142285.70035563968122 ], [ 292101.141770849761087, 6142285.298683194443583 ], [ 292101.01586093014339, 6142284.914132150821388 ], [ 292100.808592431829311, 6142284.443984591402113 ], [ 292100.606331516522914, 6142283.92512708902359 ], [ 292100.395539273682516, 6142283.50705526676029 ], [ 292100.21902388863964, 6142283.106665057130158 ], [ 292099.982170908071566, 6142282.687206948176026 ], [ 292099.748523764836136, 6142282.223806180991232 ], [ 292099.478969309595414, 6142281.796055016107857 ], [ 292099.247774874500465, 6142281.386617987416685 ], [ 292098.989395730313845, 6142281.01915942132473 ], [ 292098.732712763710879, 6142280.611833793111145 ], [ 292098.40059578610817, 6142280.181786948814988 ], [ 292098.111588146479335, 6142279.77076951507479 ], [ 292097.839663189894054, 6142279.45545463450253 ], [ 292097.568117828457616, 6142279.103839891031384 ], [ 291433.010208084888291, 6141498.484459904953837 ], [ 291281.74615664279554, 6140704.538916942663491 ], [ 291281.288461490825284, 6140702.644145992584527 ], [ 291280.648488868610002, 6140700.802929859608412 ], [ 291279.832317942928057, 6140699.032758448272943 ], [ 291278.847701606689952, 6140697.350446801632643 ], [ 291277.703992833383381, 6140695.771975374780595 ], [ 291276.412055832217447, 6140694.312338231131434 ], [ 291274.984162847686093, 6140692.985400618053973 ], [ 291273.43387758458266, 6140691.803767253644764 ], [ 291271.775926364585757, 6140690.778662596829236 ], [ 291270.026058239629492, 6140689.919824223965406 ], [ 291268.20089538989123, 6140689.235410330817103 ], [ 291266.31777522811899, 6140688.731922236271203 ], [ 291264.394585709436797, 6140688.414142626337707 ], [ 291224.538560595130548, 6140683.810180868022144 ], [ 291223.644321324303746, 6140683.727180880494416 ], [ 291057.480769070447423, 6140672.060468895360827 ], [ 290988.299499710905366, 6140604.688462942838669 ], [ 290986.933849704801105, 6140603.4749940270558 ], [ 290985.463169324269984, 6140602.391201627440751 ], [ 290983.899729583470616, 6140601.446128654293716 ], [ 290982.256575459206942, 6140600.647660575807095 ], [ 290980.54741704632761, 6140600.002459623850882 ], [ 290978.786515164247248, 6140599.51590920612216 ], [ 290976.98856236768188, 6140599.192068983800709 ], [ 290437.321835347858723, 6140527.255266211926937 ], [ 290405.278849211637862, 6140409.102899871766567 ], [ 290404.989352035918273, 6140408.211659771390259 ], [ 290404.733848608913831, 6140407.398987618274987 ], [ 290404.698575296555646, 6140407.316480431705713 ], [ 290404.670575286610983, 6140407.230280172079802 ], [ 290404.28925210563466, 6140406.359039730392396 ], [ 290403.952784533030353, 6140405.572014329023659 ], [ 290403.913824436080176, 6140405.501269248314202 ], [ 290403.881119211553596, 6140405.426544931717217 ], [ 290403.408581083349418, 6140404.58383104018867 ], [ 290402.994295525248162, 6140403.831557114608586 ], [ 290402.95359272765927, 6140403.772415018640459 ], [ 290402.918132200837135, 6140403.709175511263311 ], [ 290402.355430192837957, 6140402.903271175920963 ], [ 290401.867841614468489, 6140402.194793821312487 ], [ 290401.827264837920666, 6140402.146830391138792 ], [ 290401.790947287983727, 6140402.094816233031452 ], [ 290401.13928130135173, 6140401.333605352789164 ], [ 290400.584540597978048, 6140400.677878862246871 ], [ 290400.545850246737245, 6140400.640418681316078 ], [ 290400.510488872067071, 6140400.599113068543375 ], [ 290399.77065260062227, 6140399.889868664555252 ], [ 290399.157058311975561, 6140399.295783780515194 ], [ 290399.121875620563515, 6140399.267918295226991 ], [ 290399.089166841527913, 6140399.236562008038163 ], [ 290398.26038930536015, 6140398.585601695813239 ], [ 290397.599483622878324, 6140398.062149482779205 ], [ 290397.569262402015738, 6140398.042758573777974 ], [ 290397.540756300149951, 6140398.020368559285998 ], [ 290396.617921573051717, 6140397.432347644120455 ], [ 290395.927189374226145, 6140396.989151609130204 ], [ 290395.903190695855301, 6140396.976928388699889 ], [ 290395.880264062492643, 6140396.962319770827889 ], [ 290394.845640777319204, 6140396.43828765489161 ], [ 290394.156680660846177, 6140396.087380358949304 ], [ 290394.139950843702536, 6140396.080858826637268 ], [ 290394.123783211223781, 6140396.072669992223382 ], [ 290392.911336555611342, 6140395.601926639676094 ], [ 290392.305431927903555, 6140395.365735972300172 ], [ 290392.296784188656602, 6140395.363321138545871 ], [ 290392.288337127189152, 6140395.360041490755975 ], [ 290390.39171450282447, 6140394.831340885721147 ], [ 290050.836934613529593, 6140317.96766559407115 ], [ 290049.206735894840676, 6140317.669049284420907 ], [ 290047.557410364679527, 6140317.50643053278327 ], [ 290045.900283609691542, 6140317.480926010757685 ], [ 289924.246433659631293, 6140320.651376475580037 ], [ 289922.225130556500517, 6140320.806834870018065 ], [ 289922.04875880072359, 6140320.838595079258084 ], [ 289921.89914491964737, 6140320.851340596564114 ], [ 289921.344497569196392, 6140320.965415183454752 ], [ 289920.229949052329175, 6140321.166117923334241 ], [ 289613.245096920640208, 6140392.67860050406307 ], [ 289565.445681615092326, 6140375.434562790207565 ], [ 289419.411452417203691, 6140266.975608282722533 ], [ 289266.746913473296445, 6140073.334653440862894 ], [ 289223.275482103170361, 6139988.250027222558856 ], [ 289222.420221194683108, 6139986.741328349336982 ], [ 289221.437475207610987, 6139985.312393839471042 ], [ 289220.334633516089525, 6139983.97396800480783 ], [ 289219.119988506601658, 6139982.736114616505802 ], [ 288815.88090456702048, 6139605.95539390668273 ], [ 288814.455215066031087, 6139604.743081653490663 ], [ 288812.922452718019485, 6139603.669335344806314 ], [ 288811.296037974650972, 6139602.743556411005557 ], [ 288809.590211282484233, 6139601.973850721493363 ], [ 288807.819908397621475, 6139601.366957611404359 ], [ 288806.000629612011835, 6139600.928190871141851 ], [ 288804.148304037575144, 6139600.661392224021256 ], [ 288802.279150134767406, 6139600.568897686898708 ], [ 288800.409533708414529, 6139600.651517116464674 ], [ 288798.55582461314043, 6139600.908527120016515 ], [ 288677.247580905095674, 6139623.556295651942492 ], [ 288556.272158324194606, 6139524.813997839577496 ], [ 288555.023205347184557, 6139523.873464812524617 ], [ 288554.986371148668695, 6139523.849997355602682 ], [ 288554.95332350890385, 6139523.825220362283289 ], [ 288554.535962680645753, 6139523.56303736846894 ], [ 288553.704599395336118, 6139523.033367046155035 ], [ 288363.809797372377943, 6139412.238713772036135 ], [ 288286.220142719568685, 6139303.403601965866983 ], [ 288327.061549700854812, 6139314.245928720571101 ], [ 288906.118391672614962, 6139557.373194499872625 ], [ 289333.533790947403759, 6139856.951054446399212 ], [ 289406.975292496092152, 6139910.728275743313134 ], [ 289408.432928098191041, 6139911.700499404221773 ], [ 289409.970060988271143, 6139912.541417280212045 ], [ 289411.57489397743484, 6139913.244575493037701 ], [ 289489.426810500153806, 6139943.363397748209536 ], [ 289752.444984114961699, 6140049.549391619861126 ], [ 289752.829195448430255, 6140049.683356251567602 ], [ 289753.210379205062054, 6140049.840321578085423 ], [ 289753.746063554077409, 6140050.003044631332159 ], [ 289754.265422625641804, 6140050.184131811372936 ], [ 289754.65384308231296, 6140050.27879779972136 ], [ 289755.041328949853778, 6140050.396503092721105 ], [ 289755.597305517352652, 6140050.508738839067519 ], [ 289756.138518606428988, 6140050.640643508173525 ], [ 289756.527212674845941, 6140050.69646046217531 ], [ 289756.917051604075823, 6140050.77515777759254 ], [ 289757.488513876451179, 6140050.834504516795278 ], [ 289758.04686682112515, 6140050.914684697985649 ], [ 289758.43202597083291, 6140050.932488879188895 ], [ 289758.820376264047809, 6140050.972819317132235 ], [ 290194.180338028876577, 6140075.213606830686331 ], [ 290811.430121043755207, 6140138.361285177059472 ], [ 290811.50350384588819, 6140138.364989808760583 ], [ 290811.57701292989077, 6140138.375765422359109 ], [ 290811.964417980285361, 6140138.392662248574197 ], [ 290812.390812432568055, 6140138.436233820393682 ], [ 290812.98138420516625, 6140138.439598604105413 ], [ 290813.486965921358205, 6140138.465122214518487 ], [ 290813.549864011234604, 6140138.461812112480402 ], [ 290813.613482471322641, 6140138.464586856774986 ], [ 290813.94691996043548, 6140138.445099744945765 ], [ 290814.31274418940302, 6140138.44718402903527 ], [ 290814.983277043502312, 6140138.38637669198215 ], [ 290815.543584191414993, 6140138.356889723800123 ], [ 290815.595442167308647, 6140138.348755040206015 ], [ 290815.648415794363245, 6140138.34565909858793 ], [ 290815.924307799548842, 6140138.301039228215814 ], [ 290816.226852646039333, 6140138.273602919653058 ], [ 290816.975791391159873, 6140138.132227030582726 ], [ 290817.57816853816621, 6140138.037735345773399 ], [ 290817.618769170483574, 6140138.026994871906936 ], [ 290817.660674533282872, 6140138.020217539742589 ], [ 290817.877357607823797, 6140137.962039914913476 ], [ 290818.115461290348321, 6140137.917093489319086 ], [ 290818.943751787708607, 6140137.676484550349414 ], [ 290819.569145282264799, 6140137.511043229140341 ], [ 290819.598608391766902, 6140137.499898226000369 ], [ 290819.629355860233773, 6140137.491642783395946 ], [ 290819.787052416824736, 6140137.431515340693295 ], [ 290819.961129097326193, 6140137.380948050878942 ], [ 290820.879228649078868, 6140137.015478316694498 ], [ 290821.495403136592358, 6140136.782398144714534 ], [ 290821.514178545621689, 6140136.772986833006144 ], [ 290821.534009618451819, 6140136.765425528399646 ], [ 290821.634776170947589, 6140136.714715994894505 ], [ 290821.746811594290193, 6140136.670117828994989 ], [ 290822.804759503575042, 6140136.126073648221791 ], [ 290823.336517059942707, 6140135.859526267275214 ], [ 290823.345371806237381, 6140135.853879695758224 ], [ 290823.354850753035862, 6140135.849109532311559 ], [ 290823.402500647935085, 6140135.818688389845192 ], [ 290823.456018264230806, 6140135.791167235933244 ], [ 290825.072964832943399, 6140134.752213252708316 ], [ 291023.1654132315889, 6139993.576975649222732 ], [ 291023.554283542267513, 6139993.292715134099126 ], [ 291386.155863983789459, 6139721.474627728573978 ], [ 291387.611454651225358, 6139720.272087146528065 ], [ 291387.697284554189537, 6139720.186338459141552 ], [ 291387.779155656462535, 6139720.117912187241018 ], [ 291388.164001120312605, 6139719.720063515938818 ], [ 291388.947160985495429, 6139718.937644704245031 ], [ 291389.103219132637605, 6139718.749111087061465 ], [ 291389.250053179333918, 6139718.597315792925656 ], [ 291485.4487285434152, 6139607.997450448572636 ], [ 291486.613977601227816, 6139606.523248598910868 ], [ 291487.635726549429819, 6139604.946192624047399 ], [ 291488.504955704032909, 6139603.280204287730157 ], [ 291489.213991778437048, 6139601.53999042045325 ], [ 291489.756575621315278, 6139599.740913092158735 ], [ 291490.127917469886597, 6139597.898854001425207 ], [ 291490.324739233183209, 6139596.030074277892709 ], [ 291490.34530342934886, 6139594.151070932857692 ], [ 291490.189428524055984, 6139592.278431224636734 ], [ 291489.85849053284619, 6139590.428686240687966 ], [ 291489.355410874122754, 6139588.618164957500994 ], [ 291400.089005632675253, 6139317.453471692278981 ], [ 291399.335260390071198, 6139315.51093519013375 ], [ 291398.383502561307978, 6139313.657361079007387 ], [ 291397.24406247807201, 6139311.912867957726121 ], [ 291395.929307565907948, 6139310.296390469186008 ], [ 291394.453508108737879, 6139308.825473777018487 ], [ 291392.832682359963655, 6139307.516083138994873 ], [ 291391.084422681073193, 6139306.382430613972247 ], [ 291290.236320128838997, 6139248.21573053393513 ], [ 291289.570010604977142, 6139247.84813254326582 ], [ 291073.4253069741535, 6139133.911587458103895 ], [ 291071.652934759098571, 6139133.085381955839694 ], [ 291069.80834929906996, 6139132.436210728250444 ], [ 291067.909184456686489, 6139131.970279722474515 ], [ 290917.916521593811922, 6139102.862886089831591 ], [ 290884.502833886595909, 6139025.996942557394505 ], [ 290881.695661562029272, 6138974.895777639001608 ], [ 290881.474874549661763, 6138972.834808222018182 ], [ 290881.041965281765442, 6138970.807758294977248 ], [ 290880.401583574013785, 6138968.836400106549263 ], [ 290879.560607673018239, 6138966.94190772715956 ], [ 290878.528070378815755, 6138965.144629624672234 ], [ 290877.31506202404853, 6138963.463870102539659 ], [ 290634.052094819722697, 6138660.780519939959049 ], [ 290632.846336155082099, 6138659.412900351919234 ], [ 290631.521041799103841, 6138658.160769302397966 ], [ 290630.087225734256208, 6138657.034532743506134 ], [ 290628.55680382263381, 6138656.043550368398428 ], [ 290626.942494778311811, 6138655.196057829074562 ], [ 290531.536632201750763, 6138610.532283456996083 ], [ 290600.208697640802711, 6138477.025176603347063 ], [ 290601.017908977693878, 6138475.242481986060739 ], [ 290601.648948113783263, 6138473.389211175963283 ], [ 290602.095768395811319, 6138471.483122320845723 ], [ 290602.354088366031647, 6138469.542479675263166 ], [ 290602.421432787668891, 6138467.585878587327898 ], [ 290602.297156362503301, 6138465.632067323662341 ], [ 290601.982449914445169, 6138463.699767414480448 ], [ 290601.480328978796024, 6138461.807494269683957 ], [ 290600.795604907441884, 6138459.973379760980606 ], [ 290505.398091364593711, 6138238.22162546031177 ], [ 290504.595896452083252, 6138236.57016673963517 ], [ 290503.64563891600119, 6138234.999229694716632 ], [ 290502.555326654051896, 6138233.522052739746869 ], [ 290501.334147816407494, 6138232.151084166020155 ], [ 290345.085138750786427, 6138072.168448020704091 ], [ 290344.736570865381509, 6137922.201805173419416 ], [ 290397.7071319562383, 6137850.035173764452338 ], [ 290398.753773291013204, 6137848.457837828435004 ], [ 290399.646598875056952, 6137846.788613693788648 ], [ 290400.377610226336401, 6137845.042455297894776 ], [ 290400.940258494229056, 6137843.235005806200206 ], [ 290401.329503128479701, 6137841.382457465864718 ], [ 290401.541857035539579, 6137839.501406548544765 ], [ 290401.575417818152346, 6137837.608704666607082 ], [ 290401.429884818091523, 6137835.721307813189924 ], [ 290401.106561809778214, 6137833.856124452315271 ], [ 290347.415043896820862, 6137592.602697712369263 ], [ 290347.339824056311045, 6137592.340454675257206 ], [ 290347.276175938954111, 6137592.020011018961668 ], [ 290346.91663460311247, 6137590.865066172555089 ], [ 290346.749875610519666, 6137590.283685189671814 ], [ 290346.695930763613433, 6137590.156105236150324 ], [ 290346.647970240854193, 6137590.002042954787612 ], [ 290345.810322329460178, 6137588.061634884215891 ], [ 290203.762537001108285, 6137301.631690085865557 ], [ 290203.681069173151627, 6137301.47345429006964 ], [ 290203.666915324807633, 6137301.441426775418222 ], [ 289880.47980518109398, 6136666.82238978613168 ], [ 289879.708147692726925, 6136665.444533156231046 ], [ 289878.830183497571852, 6136664.131855341605842 ], [ 289737.53266168164555, 6136469.927977088838816 ], [ 289783.162066689284984, 6136379.532661192119122 ], [ 289783.974061126820743, 6136377.701412201859057 ], [ 289784.598794899240602, 6136375.798121486790478 ], [ 289785.030000665166881, 6136373.841882897540927 ], [ 289785.26335255993763, 6136371.852321457117796 ], [ 289785.296509592677467, 6136369.849396484903991 ], [ 289785.12913913151715, 6136367.853201364167035 ], [ 289784.762920240114909, 6136365.883761963807046 ], [ 289784.201526833581738, 6136363.960835736244917 ], [ 289783.450590821506921, 6136362.103713517077267 ], [ 289586.319500007259194, 6135937.163792689330876 ], [ 289657.070079482276924, 6135680.155875327065587 ], [ 289657.517426660924684, 6135678.122571777552366 ], [ 289657.750976945040748, 6135676.053780564107001 ], [ 289657.768199558719061, 6135673.971919327974319 ], [ 289657.568907875858713, 6135671.899547342211008 ], [ 289657.155261442589108, 6135669.859121051616967 ], [ 289656.531742575694807, 6135667.872750732116401 ], [ 289653.974165899213403, 6135660.999488790519536 ], [ 289653.164266032341402, 6135659.122524658218026 ], [ 289652.166998911474366, 6135657.338038615882397 ], [ 289644.034413046378177, 6135644.38777703139931 ], [ 289643.276532309711911, 6135643.266986155882478 ], [ 289101.704469562391751, 6134897.993687730282545 ], [ 289100.509881618898362, 6134896.504749075509608 ], [ 289099.178783615177963, 6134895.136481272988021 ], [ 289097.723301782854833, 6134893.901349171064794 ], [ 289096.156695483834483, 6134892.810604756698012 ], [ 289094.49323641799856, 6134891.874184653162956 ], [ 289092.748078608710784, 6134891.100619598291814 ], [ 289090.937120350601617, 6134890.496956727467477 ], [ 289089.076859376800712, 6134890.068695378489792 ], [ 289087.184242565650493, 6134889.819736989215016 ], [ 289085.276511555362958, 6134889.752349556423724 ], [ 289083.371045673731714, 6134889.867146976292133 ], [ 289081.485203613352496, 6134890.163083450868726 ], [ 289079.636165294912644, 6134890.637463014572859 ], [ 289077.840775358723477, 6134891.285964095033705 ], [ 288923.523598149709869, 6134955.507034480571747 ], [ 288822.405093165230937, 6134995.122153428383172 ], [ 288793.777065897185821, 6134937.794865620322526 ], [ 288792.552417300292291, 6134935.677349700592458 ], [ 288791.078425432613585, 6134933.725175059400499 ], [ 288735.506945341767278, 6134868.798763727769256 ], [ 288776.75753980956506, 6134815.070913014933467 ], [ 288777.912750113988295, 6134813.396384516730905 ], [ 288778.891876346082427, 6134811.613165977410972 ], [ 288779.684788082842715, 6134809.7397072724998 ], [ 288780.283281549171079, 6134807.795391940511763 ], [ 288780.681164497393183, 6134805.800336629152298 ], [ 288780.874320274917409, 6134803.775182959623635 ], [ 288780.860750416351948, 6134801.740883965045214 ], [ 288780.640595320786815, 6134799.718487299978733 ], [ 288780.216132799047045, 6134797.72891747020185 ], [ 288779.591754506516736, 6134795.792759344913065 ], [ 288778.773920505249407, 6134793.930045173503458 ], [ 288777.77109242597362, 6134792.160047325305641 ], [ 288725.59337593690725, 6134710.098993287421763 ], [ 288720.26174663688289, 6134694.006436455994844 ], [ 289103.011537871148903, 6134028.112478747032583 ], [ 289103.892116934875958, 6134026.393308114260435 ], [ 289104.602747911121696, 6134024.597209350205958 ], [ 289105.136802447785158, 6134022.740935419686139 ], [ 289105.48929919488728, 6134020.841800564900041 ], [ 289105.656950268021319, 6134018.917518810369074 ], [ 289105.638191915582865, 6134016.986038736067712 ], [ 289105.433199104620144, 6134015.065376062877476 ], [ 289105.04388388863299, 6134013.173445615917444 ], [ 289104.473877573385835, 6134011.327894221059978 ], [ 289103.728496845928021, 6134009.54593610484153 ], [ 289102.814694183878601, 6134007.844192338176072 ], [ 289101.740993006445933, 6134006.238535795360804 ], [ 289100.517408173240256, 6134004.74394310452044 ], [ 289099.155352571338881, 6134003.374354958534241 ], [ 289097.667530662438367, 6134002.142546076327562 ], [ 289096.067819983290974, 6134001.060006055980921 ], [ 288453.662751895957626, 6133610.183572415262461 ], [ 288494.143195943208411, 6133413.958583690226078 ], [ 288494.436895370541606, 6133412.094071307219565 ], [ 288494.553519280510955, 6133410.210175174288452 ], [ 288494.492028943146579, 6133408.323674520477653 ], [ 288494.252972032292746, 6133406.451371775008738 ], [ 288493.838477747631259, 6133404.60994290933013 ], [ 288493.252237850625534, 6133402.81578891351819 ], [ 288492.499473783420399, 6133401.084889713674784 ], [ 288491.586890162841883, 6133399.432661850005388 ], [ 288490.522615065041464, 6133397.873821160756052 ], [ 288489.316127631173003, 6133396.422251717187464 ], [ 288487.978173639974557, 6133395.090882160700858 ], [ 288298.629467066319194, 6133223.676668883301318 ], [ 288522.283931910584215, 6132989.951085737906396 ], [ 288523.548119075538125, 6132988.4955770438537 ], [ 288524.666294647846371, 6132986.925112738274038 ], [ 288525.628068890131544, 6132985.254285083152354 ], [ 288526.424505297327414, 6132983.498618885874748 ], [ 288527.04820363165345, 6132981.674427247606218 ], [ 288527.493368683557492, 6132979.798659984953701 ], [ 288527.755864118807949, 6132977.888746140524745 ], [ 288527.833250911906362, 6132975.962432036176324 ], [ 288527.72481000906555, 6132974.037616377696395 ], [ 288527.431549009168521, 6132972.132183951325715 ], [ 288496.404826657730155, 6132819.796368129551411 ], [ 288495.978843359742314, 6132818.091632638126612 ], [ 288495.404874707979616, 6132816.43086629267782 ], [ 288494.687351144733839, 6132814.826888485811651 ], [ 288493.831811207288411, 6132813.292080262675881 ], [ 288413.942711871757638, 6132683.708617503754795 ], [ 288412.844592677487526, 6132682.107058608904481 ], [ 288411.596331987006124, 6132680.619543262757361 ], [ 288349.383523393014912, 6132613.399555010721087 ], [ 288154.313658691535238, 6131604.645282227545977 ], [ 288153.851410821953323, 6131602.754012890160084 ], [ 288153.845001606852747, 6131602.735725635662675 ], [ 288153.840473648335319, 6131602.717276340350509 ], [ 288153.628319599665701, 6131602.117472243495286 ], [ 288153.207462065503933, 6131600.916649888269603 ], [ 288153.191145670542028, 6131600.881489638239145 ], [ 288153.17847945028916, 6131600.845679570920765 ], [ 288152.860304683097638, 6131600.168559373356402 ], [ 288152.387914758757688, 6131599.15060486830771 ], [ 288152.358423316618428, 6131599.100485960021615 ], [ 288152.334198578377254, 6131599.048932344652712 ], [ 288151.931468202965334, 6131598.37490176782012 ], [ 288151.400535285938531, 6131597.472613635472953 ], [ 288151.354894324380439, 6131597.4099176293239 ], [ 288151.315949543844908, 6131597.344737611711025 ], [ 288150.841195592307486, 6131596.704260740429163 ], [ 288150.254680481622927, 6131595.898577559739351 ], [ 288150.190267870377284, 6131595.826112912967801 ], [ 288150.133764927275479, 6131595.749886421486735 ], [ 288149.59737154567847, 6131595.159100325778127 ], [ 288148.961208960798103, 6131594.443412886932492 ], [ 288148.875808642362244, 6131594.36436768155545 ], [ 288148.799292529991362, 6131594.280092488974333 ], [ 288148.210975362977479, 6131593.749008343555033 ], [ 288147.532378218485974, 6131593.120909386314452 ], [ 288147.424227989162318, 6131593.038797796703875 ], [ 288147.325680610956624, 6131592.949837363325059 ], [ 288146.69490461301757, 6131592.485068949870765 ], [ 288145.981728471990209, 6131591.943599672056735 ], [ 288145.849561034177896, 6131591.862202837131917 ], [ 288145.727448339748662, 6131591.77222775388509 ], [ 288145.063534275861457, 6131591.378119231201708 ], [ 288144.323954348219559, 6131590.922640439122915 ], [ 288144.167031104210764, 6131590.845942614600062 ], [ 288144.020342742383946, 6131590.758866384625435 ], [ 288143.332460465491749, 6131590.438037762418389 ], [ 288142.574765630881302, 6131590.067706738598645 ], [ 288142.392902655235957, 6131589.999827551655471 ], [ 288142.221183549612761, 6131589.919737678952515 ], [ 288141.518299293704331, 6131589.673387467861176 ], [ 288140.750738387985621, 6131589.38690029270947 ], [ 288140.544324159389362, 6131589.332024038769305 ], [ 288140.347697475692257, 6131589.263109385035932 ], [ 288139.63850213191472, 6131589.091206726618111 ], [ 288138.869157889683265, 6131588.886672715656459 ], [ 288138.639162436360493, 6131588.84897565189749 ], [ 288138.418343561061192, 6131588.795451115816832 ], [ 288137.711174171010498, 6131588.696875110268593 ], [ 288136.947854805504903, 6131588.571764381602407 ], [ 288136.695830195676535, 6131588.555341053754091 ], [ 288136.452131299476605, 6131588.521370601840317 ], [ 288135.754892497323453, 6131588.494024309329689 ], [ 288135.005036233575083, 6131588.445159496739507 ], [ 288134.733108092274051, 6131588.453949065878987 ], [ 288134.468433341826312, 6131588.443568299524486 ], [ 288133.788522518414538, 6131588.484481030143797 ], [ 288133.059113161987625, 6131588.508057824335992 ], [ 288132.769963509985246, 6131588.545771464705467 ], [ 288132.486794621683657, 6131588.562810775823891 ], [ 288131.831033061025664, 6131588.668235678225756 ], [ 288131.12852599832695, 6131588.759863312356174 ], [ 287790.571865832898766, 6131650.164529573172331 ], [ 287681.560474964266177, 6131496.651051451452076 ], [ 287682.128555369912647, 6131490.217946586199105 ], [ 287682.204714061052073, 6131488.224815731868148 ], [ 287682.081967814010568, 6131486.234010841697454 ], [ 287617.420928845240269, 6130908.531335996463895 ], [ 287617.118246256723069, 6130906.646294978447258 ], [ 287616.637203024991322, 6130904.798703627660871 ], [ 287615.982182651991025, 6130903.005398104898632 ], [ 287615.159154005057644, 6130901.282719888724387 ], [ 287614.175616925233044, 6130899.646366870030761 ], [ 287613.040533885301556, 6130898.111250300891697 ], [ 287611.764248319203034, 6130896.691358916461468 ], [ 287610.358390367706306, 6130895.399631464853883 ], [ 287608.83577089861501, 6130894.247838800773025 ], [ 287607.210264768160414, 6130893.246476624161005 ], [ 287605.496684386278503, 6130892.404669838957489 ], [ 287603.710644738690462, 6130891.730089401826262 ], [ 287601.868421095656231, 6130891.228882420808077 ], [ 287580.246906933141872, 6130886.441796783357859 ], [ 287578.292042532062624, 6130886.109658007510006 ], [ 287576.313896754814778, 6130885.972726356238127 ], [ 287574.331913839676417, 6130886.032347803935409 ], [ 287135.969596870942041, 6130921.028529880568385 ], [ 287134.341059462924022, 6130921.226035023108125 ], [ 287132.734186772431713, 6130921.556341739371419 ], [ 287054.110417907708324, 6130941.110343389213085 ], [ 287052.351253523200285, 6130941.634658926166594 ], [ 287050.647570636065211, 6130942.318055395036936 ], [ 286825.176998462411575, 6131045.011179404333234 ], [ 286793.878464542096481, 6130902.786936822347343 ], [ 286793.403100570605602, 6130901.017360344529152 ], [ 286792.767780828580726, 6130899.298715343698859 ], [ 286791.977837827580515, 6130897.645427144132555 ], [ 286791.039901898591779, 6130896.071372504346073 ], [ 286789.961845540674403, 6130894.589763142168522 ], [ 286788.752717343799304, 6130893.213034839369357 ], [ 286775.038976140902378, 6130878.970870856195688 ], [ 286823.889778818527702, 6130587.952327406965196 ], [ 286823.949719920288771, 6130587.572964453138411 ], [ 286856.028246467700228, 6130371.086005048826337 ], [ 286856.210369038570207, 6130369.318317478522658 ], [ 286856.211201801896095, 6130369.257910374552011 ], [ 286856.216822961578146, 6130369.201743594370782 ], [ 286856.219606107973959, 6130368.648277629166842 ], [ 286856.234864784521051, 6130367.541441585868597 ], [ 286856.225779161730316, 6130367.42068315576762 ], [ 286856.226345328788739, 6130367.308093245141208 ], [ 286856.171034285333008, 6130366.693060464225709 ], [ 286856.10154031845741, 6130365.769405310042202 ], [ 286856.071808705339208, 6130365.589718697592616 ], [ 286856.056728201161604, 6130365.422030585817993 ], [ 286855.944574817898683, 6130364.820765255019069 ], [ 286855.811448199674487, 6130364.016198379918933 ], [ 286855.750507133372594, 6130363.780349290929735 ], [ 286855.709492197434884, 6130363.560464181005955 ], [ 286808.562973864900414, 6130163.795881057158113 ], [ 286930.875362872029655, 6130011.105447771959007 ], [ 286932.01297651429195, 6130009.53490754775703 ], [ 286932.993136425269768, 6130007.861573169007897 ], [ 286933.806627236306667, 6130006.101177163422108 ], [ 286934.445800585206598, 6130004.270270605571568 ], [ 286934.904647025919985, 6130002.386067501269281 ], [ 286935.178852528450079, 6130000.46628294698894 ], [ 286935.265839039173443, 6129998.528966570273042 ], [ 286935.164788719266653, 6129996.592332834377885 ], [ 286934.876651634112932, 6129994.67458978202194 ], [ 286902.418707610107958, 6129832.585189986042678 ], [ 286901.999745569133665, 6129830.883858256973326 ], [ 286862.396164115634747, 6129695.841526426374912 ], [ 286861.732698107603937, 6129693.939645662903786 ], [ 286860.881293659098446, 6129692.114146267063916 ], [ 286859.850586858286988, 6129690.383544906042516 ], [ 286858.651032518711872, 6129688.765395664609969 ], [ 286857.29479813267244, 6129687.276111987419426 ], [ 286855.795640452066436, 6129685.930800191126764 ], [ 286854.168765948794317, 6129684.743106236681342 ], [ 286852.430676570453215, 6129683.725077310577035 ], [ 286195.665945800079498, 6129342.24613840598613 ], [ 286193.962988653802313, 6129341.45983824878931 ], [ 286192.19385808694642, 6129340.836534136906266 ], [ 286190.374115066719241, 6129340.381708545610309 ], [ 286188.519765738747083, 6129340.099362041801214 ], [ 286186.647120639740024, 6129339.991978095844388 ], [ 286184.772651232837234, 6129340.060501240193844 ], [ 286182.912845027516596, 6129340.304328755475581 ], [ 286181.084060558292549, 6129340.721315978094935 ], [ 286179.302383497706614, 6129341.307795159518719 ], [ 286177.583485169801861, 6129342.058607730083168 ], [ 286175.942484707513358, 6129342.96714967302978 ], [ 285617.514994088094682, 6129687.306130148470402 ], [ 285615.902959512604866, 6129688.412417407147586 ], [ 285614.406644911854528, 6129689.670817021280527 ], [ 285613.040349543385673, 6129691.06930332351476 ], [ 285611.817130159353837, 6129692.59451193548739 ], [ 285525.098955917870626, 6129812.267673146910965 ], [ 285524.024313489207998, 6129813.915615987963974 ], [ 285523.116780452430248, 6129815.661169122904539 ], [ 285522.385138487501536, 6129817.487441828474402 ], [ 285521.836467276560143, 6129819.376762304455042 ], [ 285521.476075998158194, 6129821.310848673805594 ], [ 285521.307451953121927, 6129823.27098588552326 ], [ 285521.332226820290089, 6129825.238206809386611 ], [ 285521.550160867394879, 6129827.193475770764053 ], [ 285521.959145270928275, 6129829.117872745729983 ], [ 285522.555222521827091, 6129830.992776441387832 ], [ 285612.522594621521421, 6130072.187004041858017 ], [ 285612.530147524550557, 6130072.207219364121556 ], [ 285629.220673493226059, 6130116.805958898738027 ], [ 285629.820016619050875, 6130118.235980173572898 ], [ 285630.528340494784061, 6130119.615273585543036 ], [ 285633.932260115165263, 6130125.655295530334115 ], [ 285635.226550708990544, 6130127.661647241562605 ], [ 285636.750709684623871, 6130129.499465172179043 ], [ 285776.447767523990478, 6130278.824876106344163 ], [ 285791.662685154995415, 6130399.931560422293842 ], [ 285648.556361360359006, 6130526.262722535990179 ], [ 285647.179859254916664, 6130527.60075781494379 ], [ 285647.157808411400765, 6130527.626749775372446 ], [ 285647.134256564837415, 6130527.64972020406276 ], [ 285646.737075739481952, 6130528.122679426334798 ], [ 285645.937978519476019, 6130529.064598206430674 ], [ 285645.899041936325375, 6130529.120602262206376 ], [ 285645.856759454240091, 6130529.170951847918332 ], [ 285645.453871256613638, 6130529.760909185744822 ], [ 285644.84216027968796, 6130530.640757728368044 ], [ 285644.792047644965351, 6130530.730030888691545 ], [ 285644.736472999269608, 6130530.811409967020154 ], [ 285644.383368214650545, 6130531.458072922192514 ], [ 285643.902500025404152, 6130532.314715630374849 ], [ 285643.847365922934841, 6130532.439687561243773 ], [ 285643.784449230704922, 6130532.554910848848522 ], [ 285643.498177786008455, 6130533.231188897043467 ], [ 285643.127654603158589, 6130534.071050172671676 ], [ 285643.073991944256704, 6130534.233271285891533 ], [ 285643.010080207139254, 6130534.384254227392375 ], [ 285642.79636825871421, 6130535.072521971538663 ], [ 285642.524762463290244, 6130535.893580699339509 ], [ 285642.479290528281126, 6130536.093683286570013 ], [ 285642.421005358861294, 6130536.281392969191074 ], [ 285642.280583781481255, 6130536.968106907792389 ], [ 285642.099377895065118, 6130537.765516708604991 ], [ 285642.068926578620449, 6130538.003189649432898 ], [ 285642.023036122263875, 6130538.227611114270985 ], [ 285641.953821432136465, 6130538.90158689301461 ], [ 285641.855419856321532, 6130539.669612538069487 ], [ 285641.846811770810746, 6130539.943589965812862 ], [ 285641.820098607626278, 6130540.203708517365158 ], [ 285641.818161615403369, 6130540.855464722961187 ], [ 285641.795135869411752, 6130541.588326246477664 ], [ 285641.81506802799413, 6130541.896390319801867 ], [ 285641.814194866863545, 6130542.190190263092518 ], [ 285641.874288196791895, 6130542.811675349250436 ], [ 285641.919081314990763, 6130543.503981220535934 ], [ 285641.974008161574602, 6130543.84297900646925 ], [ 285642.005383142619394, 6130544.167458991520107 ], [ 285642.121283395623323, 6130544.751933029852808 ], [ 285642.22611431585392, 6130545.398929026909173 ], [ 285642.322133912763093, 6130545.764803235419095 ], [ 285642.391777293349151, 6130546.116008231416345 ], [ 285642.556540742225479, 6130546.657989791594446 ], [ 285642.713406256341841, 6130547.255712002515793 ], [ 285642.856151487678289, 6130547.643545146100223 ], [ 285642.969565401028376, 6130548.016614841297269 ], [ 285718.38250500097638, 6130757.99010637588799 ], [ 285718.772664482065011, 6130758.991071153432131 ], [ 285775.265061077778228, 6130893.157975815236568 ], [ 285741.096711982390843, 6130919.988711637444794 ], [ 285739.703250175982248, 6130921.190564434044063 ], [ 285738.426149470091332, 6130922.515403947792947 ], [ 285737.276221115607768, 6130923.952014796435833 ], [ 285736.263199790613726, 6130925.488235400058329 ], [ 285735.39566119160736, 6130927.111060939729214 ], [ 285734.680949436151423, 6130928.806753439828753 ], [ 285734.125114891328849, 6130930.560958077199757 ], [ 285691.480633509519976, 6131090.331442628987134 ], [ 285607.207358339277562, 6131213.312181288376451 ], [ 285606.133506158483215, 6131215.066354093141854 ], [ 285605.245489742199425, 6131216.921538067981601 ], [ 285604.5527004871401, 6131218.858113339170814 ], [ 285604.062465125927702, 6131220.855599265545607 ], [ 285603.779968241520692, 6131222.892871030606329 ], [ 285602.375387540727388, 6131239.119711074046791 ], [ 285602.302660559827928, 6131241.111224985681474 ], [ 285602.428486755932681, 6131243.100090150721371 ], [ 285602.75161685841158, 6131245.066560036502779 ], [ 285603.2688426564564, 6131246.991110463626683 ], [ 285603.975028851709794, 6131248.854633453302085 ], [ 285626.895452299388126, 6131301.29238077159971 ], [ 285579.700978686625604, 6131251.747653447091579 ], [ 285578.214481727452949, 6131250.339132815599442 ], [ 285576.591745647892822, 6131249.090000637806952 ], [ 285574.849783227487933, 6131248.013352828100324 ], [ 285573.006857215717901, 6131247.120476971380413 ], [ 285571.082288865465671, 6131246.42073398642242 ], [ 285569.096255368494894, 6131245.921459984965622 ], [ 285567.069578317867126, 6131245.627889358438551 ], [ 285554.438663022068795, 6131244.454472342506051 ], [ 285552.513748448400293, 6131244.368862310424447 ], [ 285550.589528812328354, 6131244.468882237561047 ], [ 285548.683863879588898, 6131244.753603781573474 ], [ 285546.814441199356224, 6131245.220384282059968 ], [ 285544.998611935821828, 6131245.864891286939383 ], [ 285543.253229822847061, 6131246.681142763234675 ], [ 285541.59449473436689, 6131247.661562622524798 ], [ 285433.667330624943133, 6131318.6829056115821 ], [ 285445.859899385774042, 6131237.888474023900926 ], [ 285446.052173190808389, 6131236.028686322271824 ], [ 285446.069934560102411, 6131234.159070306457579 ], [ 285445.91302826901665, 6131232.295965390279889 ], [ 285445.582825592020527, 6131230.455654083751142 ], [ 285445.082212318549864, 6131228.654219692572951 ], [ 285444.415563532558735, 6131226.907405762001872 ], [ 285443.588705377129372, 6131225.230478482320905 ], [ 285442.608864136505872, 6131223.638093272224069 ], [ 285287.558896842412651, 6130996.209730139933527 ], [ 285295.826778020884376, 6130908.516168350353837 ], [ 285460.997417397331446, 6130599.9600271275267 ], [ 285461.849465223785955, 6130598.157796382904053 ], [ 285462.517866833833978, 6130596.279696161858737 ], [ 285462.995981622196268, 6130594.344385487958789 ], [ 285463.279059493273962, 6130592.371091776527464 ], [ 285467.830165994237177, 6130543.376614389009774 ], [ 285467.915076302771922, 6130541.345539832487702 ], [ 285467.793371414241847, 6130539.316337640397251 ], [ 285467.46630868408829, 6130537.309971874579787 ], [ 285466.937267057655845, 6130535.347170669585466 ], [ 285466.211712161370087, 6130533.448212084360421 ], [ 285465.297139836475253, 6130531.632714610546827 ], [ 285423.027376284997445, 6130457.375934149138629 ], [ 285566.728812233079225, 6130332.371835405938327 ], [ 285568.121717057423666, 6130331.03682076651603 ], [ 285569.379504009964876, 6130329.573803364299238 ], [ 285570.490467974566855, 6130327.996398215182126 ], [ 285571.444270187348593, 6130326.319284839555621 ], [ 285572.232034450687934, 6130324.558070654980838 ], [ 285572.846429735887796, 6130322.729145733639598 ], [ 285573.281738406862132, 6130320.84953026752919 ], [ 285573.533909428864717, 6130318.936716185882688 ], [ 285573.600596068194136, 6130317.008504364639521 ], [ 285573.481177731009666, 6130315.082838973961771 ], [ 285573.176765738637187, 6130313.177640486508608 ], [ 285572.690192985523026, 6130311.310638908296824 ], [ 285572.02598757611122, 6130309.499208780005574 ], [ 285571.190330685523804, 6130307.760207486338913 ], [ 285570.190999037004076, 6130306.10981838312 ], [ 285452.046806386089884, 6130130.690624631009996 ], [ 285451.984025084704626, 6130130.597968260757625 ], [ 285337.570341594808269, 6129962.752731412649155 ], [ 285437.586273615888786, 6129887.305164878256619 ], [ 285439.085575086413883, 6129886.054805933497846 ], [ 285440.455828126403503, 6129884.664227277040482 ], [ 285441.683976613858249, 6129883.146678700111806 ], [ 285442.758318435691763, 6129881.516619793139398 ], [ 285443.668616987939458, 6129879.789582174271345 ], [ 285444.406198712880723, 6129877.982021500356495 ], [ 285504.361281666147988, 6129707.735863371752203 ], [ 285504.70365539874183, 6129706.669221802614629 ], [ 285509.655250014388002, 6129689.615616341121495 ], [ 285510.11640838731546, 6129687.66830806620419 ], [ 285510.380657637724653, 6129685.684662710875273 ], [ 285510.445352183654904, 6129683.6845399197191 ], [ 285510.309844323375728, 6129681.687964306212962 ], [ 285509.975490719836671, 6129679.714924967847764 ], [ 285475.262250843283255, 6129522.94845240470022 ], [ 285474.81906303379219, 6129521.28838286921382 ], [ 285474.23502493952401, 6129519.672478849999607 ], [ 285473.51444712135708, 6129518.112666712142527 ], [ 285430.304321496165358, 6129434.240819172002375 ], [ 285675.79550151078729, 6129215.94121780898422 ], [ 285677.199856597522739, 6129214.562877089716494 ], [ 285678.461967300390825, 6129213.053203972056508 ], [ 285679.569616272754502, 6129211.426812228746712 ], [ 285680.512081372027751, 6129209.699445479549468 ], [ 285681.280239450396039, 6129207.887824792414904 ], [ 285681.86665466777049, 6129206.009486818686128 ], [ 285682.265650471614208, 6129204.082614042796195 ], [ 285682.473364546312951, 6129202.125858766026795 ], [ 285682.487786200712435, 6129200.158162558451295 ], [ 285682.308775831887033, 6129198.198572898283601 ], [ 285681.938066276488826, 6129196.266058791428804 ], [ 285681.379246036754921, 6129194.379327150061727 ], [ 285680.637724543281365, 6129192.556641707196832 ], [ 285679.7206797915278, 6129190.815646223723888 ], [ 285678.636988858226687, 6129189.173193695023656 ], [ 285441.21521373547148, 6128865.211625444702804 ], [ 285687.126974658458494, 6128533.341039747931063 ], [ 285688.217045225261245, 6128531.708060487173498 ], [ 285689.141748182533775, 6128529.976067545823753 ], [ 285689.892171993968077, 6128528.161752465181053 ], [ 285690.46108468453167, 6128526.282600141130388 ], [ 285690.843003535701428, 6128524.3567203162238 ], [ 285691.03424792381702, 6128522.402673057280481 ], [ 285691.032974790839944, 6128520.439289883710444 ], [ 285690.839196406188421, 6128518.485492288134992 ], [ 285690.454780248575844, 6128516.560109384357929 ], [ 285669.874820647528395, 6128434.655109606683254 ], [ 285669.240056955430191, 6128432.602439131587744 ], [ 285668.38875852432102, 6128430.629707015119493 ], [ 285667.330750148859806, 6128428.759680464863777 ], [ 285666.078242253453936, 6128427.013941367156804 ], [ 285664.645689972501714, 6128425.412637216039002 ], [ 285108.583840568782762, 6127867.317048701457679 ], [ 285107.148094950709492, 6127866.009612342342734 ], [ 285105.592324485769495, 6127864.847573799081147 ], [ 285103.931195248209406, 6127863.841887481510639 ], [ 285102.180366517801303, 6127863.002033880911767 ], [ 285100.356343161431141, 6127862.335930203087628 ], [ 285098.476320043439046, 6127861.849855734035373 ], [ 285096.55801993177738, 6127861.5483926422894 ], [ 285094.619526427297387, 6127861.434382787905633 ], [ 285092.67911349167116, 6127861.508900927379727 ], [ 285090.755073180887848, 6127861.771244588308036 ], [ 285088.865543208026793, 6127862.218940686434507 ], [ 285087.02833596104756, 6127862.847768838517368 ], [ 285085.260770587367006, 6127863.651801154017448 ], [ 285083.579509728471749, 6127864.623458108864725 ], [ 284896.137428770889528, 6127985.456990842707455 ], [ 284825.732929236255586, 6127923.925945207476616 ], [ 284824.274844791565556, 6127922.766827923245728 ], [ 284822.715248085616622, 6127921.748387330211699 ], [ 284821.067666916409507, 6127920.879457289353013 ], [ 284819.34639225108549, 6127920.167574818246067 ], [ 284817.566354267473798, 6127919.618914719671011 ], [ 284815.742992850893643, 6127919.238236022181809 ], [ 284813.892123670200817, 6127919.02884069737047 ], [ 284812.029800994088873, 6127918.992545019835234 ], [ 284810.172178437758703, 6127919.129663816653192 ], [ 284607.361413530306891, 6127943.638827920891345 ], [ 284756.154380697233137, 6127542.66359237395227 ], [ 284756.74342112231534, 6127540.802338455803692 ], [ 284757.148191277054138, 6127538.892522786743939 ], [ 284757.364834476495162, 6127536.952342255972326 ], [ 284757.391286525351461, 6127535.000283071771264 ], [ 284757.227295386197511, 6127533.054944624193013 ], [ 284756.874423580884468, 6127531.134862267412245 ], [ 284756.336033302650321, 6127529.258330712094903 ], [ 284755.61725438083522, 6127527.443229715339839 ], [ 284754.724935403442942, 6127525.706853715702891 ], [ 284753.667578463384416, 6127524.065747056156397 ], [ 284752.455258149362635, 6127522.535546341910958 ], [ 284751.099525554687716, 6127521.130831459537148 ], [ 284231.937563981337007, 6127033.279827512800694 ], [ 284230.461951531411614, 6127032.022170061245561 ], [ 284228.871495793748181, 6127030.913303560577333 ], [ 284227.181143610505387, 6127029.963648957200348 ], [ 284225.406780634133611, 6127029.182130949571729 ], [ 284223.565082036715467, 6127028.576094115152955 ], [ 284221.673355799517594, 6127028.151233888231218 ], [ 284219.74938005534932, 6127027.911543035879731 ], [ 284217.811236012552399, 6127027.859274133108556 ], [ 284215.87713803088991, 6127027.994918395765126 ], [ 284213.965262445737608, 6127028.317201060242951 ], [ 284212.093576750194188, 6127028.823093366809189 ], [ 284210.279670739371795, 6127029.50784102268517 ], [ 284208.540591204247903, 6127030.365008882246912 ], [ 284206.892681729106698, 6127031.386541422456503 ], [ 283990.558668232930358, 6127180.474381669424474 ], [ 283974.82822109333938, 6126876.720415199175477 ], [ 283991.87736084376229, 6126816.045012759044766 ], [ 283992.316437707166187, 6126814.123286292888224 ], [ 283992.319318039400969, 6126814.100551682524383 ], [ 283992.324280697735958, 6126814.078717676922679 ], [ 283992.402813028777018, 6126813.441521445289254 ], [ 283992.564201965346001, 6126812.1676702843979 ], [ 283992.565458810771815, 6126812.121844848617911 ], [ 283992.570934737974312, 6126812.077414228580892 ], [ 283992.587306855595671, 6126811.325250332243741 ], [ 283992.618246699275915, 6126810.197162668220699 ], [ 283992.613354909175541, 6126810.128556907176971 ], [ 283992.614815692882985, 6126810.06144593283534 ], [ 283992.552650361845735, 6126809.277195426635444 ], [ 283992.478046888543759, 6126808.230906043201685 ], [ 283992.46254737948766, 6126808.140495786443353 ], [ 283992.455477506737225, 6126808.051305377855897 ], [ 283992.313038899505045, 6126807.268397191539407 ], [ 283992.144964511564467, 6126806.288001714274287 ], [ 283992.114550953789148, 6126806.177416026592255 ], [ 283992.094539873476606, 6126806.067425913177431 ], [ 283991.87467257573735, 6126805.305202538147569 ], [ 283991.622235314745922, 6126804.387324128299952 ], [ 283991.572838859399781, 6126804.258822669275105 ], [ 283991.535671772668138, 6126804.129973938688636 ], [ 283984.988934281980619, 6126785.095341798849404 ], [ 283984.260787247563712, 6126783.273998412303627 ], [ 283984.22128147771582, 6126783.197824303992093 ], [ 283984.19179247826105, 6126783.124932115897536 ], [ 283983.909415382600855, 6126782.59649133682251 ], [ 283983.357728608709294, 6126781.532741702161729 ], [ 283983.263816509163007, 6126781.388316959142685 ], [ 283983.190038444881793, 6126781.250248615629971 ], [ 283982.822695484966971, 6126780.709929498843849 ], [ 283982.288444637786597, 6126779.888320337049663 ], [ 283711.253547869855538, 6126404.706223865039647 ], [ 283710.607658379944041, 6126403.899892118759453 ], [ 283710.129676323966123, 6126403.290041756816208 ], [ 283710.067586322140414, 6126403.225663396529853 ], [ 283710.009798216167837, 6126403.153520429506898 ], [ 283709.225465986994095, 6126402.352506294846535 ], [ 283708.706634309957735, 6126401.814552816562355 ], [ 283708.661037532670889, 6126401.776073052547872 ], [ 283708.617943704302888, 6126401.732062664814293 ], [ 283707.63141936325701, 6126400.907163748517632 ], [ 283707.140035041840747, 6126400.492477584630251 ], [ 283707.115372818661854, 6126400.475662752985954 ], [ 283707.091756042733323, 6126400.455915188416839 ], [ 283705.446336099645123, 6126399.337704845704138 ], [ 283549.09509958588751, 6126304.092143358662724 ], [ 283381.274176699575037, 6126075.410282814875245 ], [ 283380.123017858073581, 6126073.983648682013154 ], [ 283378.846069959166925, 6126072.668408897705376 ], [ 283377.454060806892812, 6126071.475612961687148 ], [ 283375.958684849843848, 6126070.415281704626977 ], [ 283374.372504934319295, 6126069.496323107741773 ], [ 283372.708846762718167, 6126068.726457460783422 ], [ 283256.763432410953101, 6126021.396216054446995 ], [ 283256.709390412434004, 6126021.377348478883505 ], [ 283256.652815433626529, 6126021.351445475593209 ], [ 283254.848319446842652, 6126020.725624815560877 ], [ 283254.82975640980294, 6126020.721115590073168 ], [ 283254.813106278248597, 6126020.715302562341094 ], [ 283254.52154429256916, 6126020.646246480755508 ], [ 283252.992355922237039, 6126020.274784866720438 ], [ 283252.89273412845796, 6126020.260464887134731 ], [ 283252.802946951473132, 6126020.239198910072446 ], [ 283252.196762046252843, 6126020.160423466935754 ], [ 283251.101850584847853, 6126020.003037128597498 ], [ 283250.919236544694286, 6126019.994405414909124 ], [ 283250.754399891709909, 6126019.972984425723553 ], [ 283250.116541535709985, 6126019.956464009359479 ], [ 283249.194044168805704, 6126019.912859842181206 ], [ 283248.928525171882939, 6126019.925694598816335 ], [ 283248.689320101228077, 6126019.919499230571091 ], [ 283248.082356411672663, 6126019.966597021557391 ], [ 283247.286335187789518, 6126020.005075393244624 ], [ 282672.341529165569227, 6126075.409045148640871 ], [ 282670.409163776494097, 6126075.691036076284945 ], [ 282668.513511084194761, 6126076.160137078724802 ], [ 282666.672644027567003, 6126076.811875799670815 ], [ 282665.010236826201435, 6126077.590343361720443 ], [ 282664.12989675445715, 6126073.827686666510999 ], [ 282663.620967682392802, 6126072.033971411176026 ], [ 282662.947211321559735, 6126070.295444568619132 ], [ 282662.114483327663038, 6126068.62721577566117 ], [ 282661.130020988057368, 6126067.043783706612885 ], [ 282660.0023803220829, 6126065.558910060673952 ], [ 282658.741361720254645, 6126064.185499960556626 ], [ 282565.701106957800221, 6125971.885332701727748 ], [ 282535.701357198297046, 6125801.411411765031517 ], [ 282548.665969554625917, 6125786.124485490843654 ], [ 282549.825530633097515, 6125784.617462126538157 ], [ 282550.83673268527491, 6125783.007129326462746 ], [ 282551.690435199823696, 6125781.308043298311532 ], [ 282552.378921343479306, 6125779.535562509670854 ], [ 282552.895967715536244, 6125777.705708864144981 ], [ 282553.236900602933019, 6125775.835022871382535 ], [ 282553.398638226906769, 6125773.940414137206972 ], [ 282553.379718600132037, 6125772.039008508436382 ], [ 282553.180312741897069, 6125770.147993273101747 ], [ 282552.802223132282961, 6125768.284461797215044 ], [ 282552.248867419024464, 6125766.465259012766182 ], [ 282551.525247524725273, 6125764.706829154863954 ], [ 282520.677328838210087, 6125698.831473386846483 ], [ 282550.035295814916026, 6125549.81502902880311 ], [ 282550.043219778628554, 6125549.760646714828908 ], [ 282550.056429221993312, 6125549.70616870187223 ], [ 282550.214047859772108, 6125548.588250330649316 ], [ 282550.322569481562823, 6125547.843464368022978 ], [ 282550.324219107569661, 6125547.806855036877096 ], [ 282550.32943579624407, 6125547.769855401478708 ], [ 282550.383468297310174, 6125546.491967178881168 ], [ 282550.412255812319927, 6125545.853100147098303 ], [ 282550.411255067680031, 6125545.834799993783236 ], [ 282550.412044210650492, 6125545.816136476583779 ], [ 282550.303464761411306, 6125543.863688707351685 ], [ 282533.777567286801059, 6125386.237708473578095 ], [ 282533.451969107671175, 6125384.176334797404706 ], [ 282532.913339369290043, 6125382.160112188197672 ], [ 282383.387184211111162, 6124920.535962134599686 ], [ 282383.227068967127707, 6124920.11192025616765 ], [ 282383.094348000304308, 6124919.69608895573765 ], [ 282382.896594083460514, 6124919.236705710180104 ], [ 282382.712121445685625, 6124918.748156826011837 ], [ 282382.695951434900053, 6124918.715241253376007 ], [ 282382.683424220478628, 6124918.682244321331382 ], [ 282382.49518157489365, 6124918.304222633130848 ], [ 282382.323229510220699, 6124917.904777208343148 ], [ 282382.09073462698143, 6124917.483265709131956 ], [ 282381.869509717507754, 6124917.032941669225693 ], [ 282381.831008708279114, 6124916.970456061884761 ], [ 282381.799569943686947, 6124916.907321936450899 ], [ 282381.583277439931408, 6124916.563249592669308 ], [ 282381.381310809927527, 6124916.197085591033101 ], [ 282381.119524924317375, 6124915.815746172331274 ], [ 282380.867041982361116, 6124915.405976396985352 ], [ 282380.800560092029627, 6124915.318123722448945 ], [ 282380.744308669411112, 6124915.228640460409224 ], [ 282380.504770721134264, 6124914.92024330701679 ], [ 282380.277548184036277, 6124914.589251779019833 ], [ 282379.992024181527086, 6124914.249681749381125 ], [ 282379.713870664301794, 6124913.88211502879858 ], [ 282379.614373469841667, 6124913.773886414244771 ], [ 282379.528012423019391, 6124913.662699433974922 ], [ 282379.270087203360163, 6124913.39109137095511 ], [ 282379.022436818573624, 6124913.096563948318362 ], [ 281940.038119001081213, 6124439.916615894064307 ], [ 281939.426573830947746, 6124439.318742515519261 ], [ 281938.905842137639411, 6124438.789925708435476 ], [ 281938.772090324317105, 6124438.678890735842288 ], [ 281938.643604645098094, 6124438.553277500905097 ], [ 281937.946777716919314, 6124437.993751891888678 ], [ 281937.36393870896427, 6124437.509904147125781 ], [ 281937.241643538756762, 6124437.427555876784027 ], [ 281937.12293763627531, 6124437.332239536568522 ], [ 281936.338953126745764, 6124436.819723251275718 ], [ 281935.701679894526023, 6124436.390611059032381 ], [ 281935.595051642449107, 6124436.333410548977554 ], [ 281935.490577091986779, 6124436.265112122520804 ], [ 281934.615284107625484, 6124435.807816239073873 ], [ 281933.935754445963539, 6124435.44328392855823 ], [ 281933.848394973378163, 6124435.407155831344426 ], [ 281933.762044156843331, 6124435.362041939981282 ], [ 281932.784628037596121, 6124434.967227867804468 ], [ 281932.083891907765064, 6124434.677433732897043 ], [ 281932.01873172679916, 6124434.657854372635484 ], [ 281931.953774421475828, 6124434.631615743972361 ], [ 281930.8417383855558, 6124434.304190880618989 ], [ 281930.16468461585464, 6124434.100749458186328 ], [ 281930.123931629932486, 6124434.092841814272106 ], [ 281930.0829616462579, 6124434.080778723582625 ], [ 281928.696567243896425, 6124433.815878313034773 ], [ 281928.197401034238283, 6124433.719020901247859 ], [ 281928.182501708506607, 6124433.717655058018863 ], [ 281928.16739427606808, 6124433.7147684590891 ], [ 281926.22528630058514, 6124433.537065125070512 ], [ 281926.213353228464257, 6124433.537140347063541 ], [ 281926.201792303356342, 6124433.536080540157855 ], [ 281925.752565702132415, 6124433.54004499129951 ], [ 281924.275104068452492, 6124433.549358396790922 ], [ 281924.236056314141024, 6124433.553428277373314 ], [ 281924.197893942706287, 6124433.553765062242746 ], [ 281923.507280962425284, 6124433.629387278109789 ], [ 281922.335390701366123, 6124433.751531383953989 ], [ 281922.270132707548328, 6124433.764855181798339 ], [ 281922.205824697914068, 6124433.771896917372942 ], [ 281921.467543499427848, 6124433.928720717318356 ], [ 281920.424589778995141, 6124434.141661744564772 ], [ 281920.334787380183116, 6124434.169337869621813 ], [ 281920.245584552700166, 6124434.188286105170846 ], [ 281919.511586761218496, 6124434.423039364628494 ], [ 281918.560869969718624, 6124434.716039961203933 ], [ 281918.448925342760049, 6124434.762908550910652 ], [ 281918.336853932822123, 6124434.798752158880234 ], [ 281917.63136094796937, 6124435.105203590355814 ], [ 281916.761952275584918, 6124435.469204613007605 ], [ 281568.721391674771439, 6124601.569334847852588 ], [ 281567.076891366683412, 6124602.450589368119836 ], [ 281565.521666844375432, 6124603.481252978555858 ], [ 281564.069252413581125, 6124604.65235635265708 ], [ 281562.732287677470595, 6124605.953707991167903 ], [ 281438.258989278459921, 6124738.969204258173704 ], [ 281436.810026501363609, 6124740.704614220187068 ], [ 281419.229290163842961, 6124764.360023670829833 ], [ 281111.621334467316046, 6124614.896151944994926 ], [ 281109.962347197521012, 6124614.180787437595427 ], [ 281108.24557383795036, 6124613.618049156852067 ], [ 281106.485023195389658, 6124613.212529027834535 ], [ 281104.695061297737993, 6124612.967536078765988 ], [ 280946.137597368389834, 6124598.52384340763092 ], [ 280945.774953393614851, 6124598.510038380511105 ], [ 280945.378811859176494, 6124598.469250619411469 ], [ 280944.645582519879099, 6124598.467045814730227 ], [ 280944.028333739552181, 6124598.44354856479913 ], [ 280943.722014407627285, 6124598.464268664829433 ], [ 280943.387762412952725, 6124598.463263575918972 ], [ 280942.580326755298302, 6124598.541494878008962 ], [ 280941.922354757494759, 6124598.586001521907747 ], [ 280941.675613782193977, 6124598.629151241853833 ], [ 280941.405984108685516, 6124598.655275280587375 ], [ 280940.52461227827007, 6124598.830436790362 ], [ 280939.843118081393186, 6124598.949615551158786 ], [ 280939.657140775641892, 6124599.002835785038769 ], [ 280939.453117923811078, 6124599.043382748030126 ], [ 280938.491439080389682, 6124599.336419052444398 ], [ 280937.813783498539124, 6124599.530340502038598 ], [ 280937.687713297491428, 6124599.581324962899089 ], [ 280937.548518293944653, 6124599.623739527538419 ], [ 280936.475401579053141, 6124600.071599896997213 ], [ 280935.856954956776462, 6124600.321707910858095 ], [ 280935.787952056154609, 6124600.358503821305931 ], [ 280935.711061295354739, 6124600.39059382956475 ], [ 280934.549369068350643, 6124601.017652819864452 ], [ 280971.210814717691392, 6124521.929454070515931 ], [ 280971.912190702336375, 6124520.211778382770717 ], [ 280971.925241315620951, 6124520.168808899819851 ], [ 280971.941330085450318, 6124520.129159458912909 ], [ 280972.108873157354537, 6124519.564196289516985 ], [ 280972.451375411939807, 6124518.436498717404902 ], [ 280972.469420379435178, 6124518.348413988947868 ], [ 280972.493718798737973, 6124518.266478569246829 ], [ 280972.621391883934848, 6124517.60658008698374 ], [ 280972.823728706222028, 6124516.618892856873572 ], [ 280972.838453847973142, 6124516.48466108366847 ], [ 280972.862768084625714, 6124516.358989115804434 ], [ 280972.926795125415083, 6124515.679357710294425 ], [ 280973.026046170445625, 6124514.774602835997939 ], [ 280973.029014012601692, 6124514.594329179264605 ], [ 280973.044995304895565, 6124514.42469166405499 ], [ 280973.042820899456274, 6124513.755666667595506 ], [ 280973.056586691876873, 6124512.919500327669084 ], [ 280973.039371775113977, 6124512.694433831609786 ], [ 280973.038680820784066, 6124512.481839761137962 ], [ 280972.974066243099514, 6124511.840634339489043 ], [ 280972.91508744348539, 6124511.069550056941807 ], [ 280942.547422945033759, 6124264.898650730960071 ], [ 280942.241657471400686, 6124263.099826877936721 ], [ 280941.773226258286741, 6124261.336355308070779 ], [ 280941.146028128743637, 6124259.622913658618927 ], [ 280940.365283346560318, 6124257.973763160407543 ], [ 280939.43749016727088, 6124256.402629939839244 ], [ 280938.370370752061717, 6124254.922590773552656 ], [ 280630.680718836432789, 6123866.803650233894587 ], [ 280620.998646114196163, 6123704.653327622450888 ], [ 280620.786561894288752, 6123702.707839038223028 ], [ 280620.385353516147006, 6123700.792391993105412 ], [ 280619.79886245529633, 6123698.925326439552009 ], [ 280619.032704225217458, 6123697.124519089236856 ], [ 280618.094214609998744, 6123695.407212247140706 ], [ 280616.992379426083062, 6123693.789848721586168 ], [ 280615.737748485174961, 6123692.287914386019111 ], [ 280614.342334582353942, 6123690.915789906866848 ], [ 280612.819498476106673, 6123689.686613052152097 ], [ 280611.183820962731261, 6123688.612152899615467 ], [ 280473.48244978825096, 6123607.512231783941388 ], [ 280374.644951096328441, 6123440.888413826934993 ], [ 280336.54190763348015, 6123229.20927625335753 ], [ 280336.080997876066249, 6123227.230984262190759 ], [ 280335.421801815857179, 6123225.309646821580827 ], [ 280334.571119187166914, 6123223.465082896873355 ], [ 280333.537724945112132, 6123221.716319520026445 ], [ 280332.332278750196565, 6123220.081395521759987 ], [ 280330.967215012118686, 6123218.57717545889318 ], [ 280258.909786147240084, 6123146.856628173962235 ], [ 280257.214805064490065, 6123145.350881794467568 ], [ 280255.360297109000385, 6123144.046645130962133 ], [ 280206.534901922568679, 6123113.692577518522739 ], [ 280120.741536421119235, 6122820.024297776632011 ], [ 280120.119414612709079, 6122818.219643167220056 ], [ 280119.328079427592456, 6122816.482518409378827 ], [ 280118.374739560880698, 6122814.828747898340225 ], [ 280117.268079494999256, 6122813.273396716453135 ], [ 280116.018180388025939, 6122811.830633386969566 ], [ 280114.636428238940425, 6122810.513600813224912 ], [ 280113.13541016675299, 6122809.334296547807753 ], [ 280111.528799747233279, 6122808.303463505581021 ], [ 280109.831232453463599, 6122807.430492093786597 ], [ 279864.662829435255844, 6122695.808697137981653 ], [ 279523.895319677016232, 6122414.876171192154288 ], [ 279701.292997165990528, 6122313.410298691131175 ], [ 279702.96603123145178, 6122312.339755059219897 ], [ 279704.524628824496176, 6122311.108544193208218 ], [ 279705.953417860611808, 6122309.728809239342809 ], [ 279707.238306527025998, 6122308.21415820159018 ], [ 279708.36662226653425, 6122306.579529728740454 ], [ 279709.327236764424015, 6122304.841045780107379 ], [ 279710.110675704083405, 6122303.015852618031204 ], [ 279710.709212209912948, 6122301.121951695531607 ], [ 279737.669852795719635, 6122198.296029204502702 ], [ 279781.152797868708149, 6122166.765363059937954 ], [ 280006.176811776065733, 6122138.584197280928493 ], [ 280008.11663385364227, 6122138.243529597297311 ], [ 280010.01354359916877, 6122137.713720593601465 ], [ 280011.849145900283474, 6122136.999908044934273 ], [ 280013.605640168127138, 6122136.109014083631337 ], [ 280015.265992956876289, 6122135.049678074195981 ], [ 280016.8141031441628, 6122133.832172833383083 ], [ 280018.234958070097491, 6122132.468305009417236 ], [ 280019.514779121323954, 6122130.971300587058067 ], [ 280020.64115534798475, 6122129.355676633305848 ], [ 280021.60316381737357, 6122127.637100516818464 ], [ 280022.391475538723171, 6122125.832237975671887 ], [ 280170.670605904306285, 6121734.910493148490787 ], [ 280367.867420145717915, 6121739.298107067123055 ], [ 280439.098162469163071, 6121782.967419674620032 ], [ 280440.759018150158226, 6121783.880310741253197 ], [ 280442.498825730232056, 6121784.631896582432091 ], [ 280444.301962556375656, 6121785.215428311377764 ], [ 280446.152237308735494, 6121785.6256660874933 ], [ 280448.033035391126759, 6121785.858926169574261 ], [ 280449.927468122215942, 6121785.913113990798593 ], [ 280451.818524387839716, 6121785.787742970511317 ], [ 280453.689223393099383, 6121785.483938882127404 ], [ 280535.341258749424014, 6121768.217489644885063 ], [ 280537.042052669625264, 6121767.779003535397351 ], [ 280538.697817077219952, 6121767.192987960763276 ], [ 280540.295782013272401, 6121766.463962522335351 ], [ 280888.729606521781534, 6121588.620362782850862 ], [ 281103.693764765630476, 6121714.250134258531034 ], [ 281091.550973175850231, 6121814.40010376367718 ], [ 281091.40798613242805, 6121816.49641449097544 ], [ 281091.485720599885099, 6121818.596157644875348 ], [ 281091.783318591071293, 6121820.676157499663532 ], [ 281092.297495394886937, 6121822.713456244207919 ], [ 281093.022575831273571, 6121824.685567377135158 ], [ 281093.950556890049484, 6121826.570723899640143 ], [ 281357.532352530164644, 6122297.805852548219264 ], [ 281399.346298907359596, 6122379.112681907601655 ], [ 281400.352471818157937, 6122380.849028379656374 ], [ 281401.52758594439365, 6122382.475801193155348 ], [ 281402.859809993125964, 6122383.976621662266552 ], [ 281404.335730856284499, 6122385.336379214189947 ], [ 281405.940488656342495, 6122386.541383530013263 ], [ 281407.657926358748227, 6122387.579502373933792 ], [ 281409.470752444467507, 6122388.440283751115203 ], [ 281411.360715004208032, 6122389.115061135962605 ], [ 281413.308785502915271, 6122389.597040729597211 ], [ 281657.114348520641215, 6122437.080559098161757 ], [ 281659.244701266987249, 6122437.377626564353704 ], [ 281661.394636377401184, 6122437.444191751070321 ], [ 281663.539286348503083, 6122437.279484723694623 ], [ 281665.653844808053691, 6122436.885410588234663 ], [ 281695.541412472957745, 6122429.633202565833926 ], [ 281765.978805751423351, 6122490.037268772721291 ], [ 281767.099135676398873, 6122490.930407864041626 ], [ 282006.963805169682018, 6122668.482454139739275 ], [ 282008.669568079058081, 6122669.614713619463146 ], [ 282010.482148162671365, 6122670.566654832102358 ], [ 282012.38255121873226, 6122671.328302294015884 ], [ 282014.350862740131561, 6122671.891674627549946 ], [ 282016.366456600255333, 6122672.250868200324476 ], [ 282018.408211196423508, 6122672.40211898740381 ], [ 282020.454730785044376, 6122672.343842018395662 ], [ 282022.484569689666387, 6122672.076647982001305 ], [ 282024.476457032375038, 6122671.60333683155477 ], [ 282026.409519633336458, 6122670.928868439048529 ], [ 282028.263500743021723, 6122670.060310624539852 ], [ 282151.076207683305256, 6122604.660169296897948 ], [ 282304.472287026641425, 6122689.174963337369263 ], [ 282306.068859274615534, 6122689.96407550945878 ], [ 282307.729299950296991, 6122690.608030264265835 ], [ 282309.440442834282294, 6122691.101721458137035 ], [ 282311.188719671627041, 6122691.44123443774879 ], [ 282312.96026775916107, 6122691.62387708760798 ], [ 282385.964726286008954, 6122695.877292653545737 ], [ 282388.318635480420198, 6122695.875679885968566 ], [ 282390.656051745114382, 6122695.597513925284147 ], [ 282509.237335114157759, 6122674.346218816004694 ], [ 282600.292810427548829, 6122728.154683998785913 ], [ 282600.833455592335667, 6122728.462926623411477 ], [ 282616.390160603390541, 6122737.014467720873654 ], [ 282619.04694878164446, 6122738.231299701146781 ], [ 282660.048050779907499, 6122753.494728805497289 ], [ 282661.940278040536214, 6122754.094049748964608 ], [ 282663.88259220920736, 6122754.502859325148165 ], [ 282665.855862901371438, 6122754.717131056822836 ], [ 282667.840654833242297, 6122754.734754522331059 ], [ 282669.817419245257042, 6122754.555556144565344 ], [ 282671.766686443123035, 6122754.181300897151232 ], [ 282673.669257560162805, 6122753.615674921311438 ], [ 282675.506393652060069, 6122752.864249223843217 ], [ 282677.260000262060203, 6122751.934424800798297 ], [ 282678.912805638276041, 6122750.835359749384224 ], [ 282680.448530847555958, 6122749.577879060991108 ], [ 282681.852050111861899, 6122748.174368008971214 ], [ 282813.052888304286171, 6122603.255916001275182 ], [ 282859.107765665394254, 6122650.859396178275347 ], [ 282860.585475502361078, 6122652.239773203618824 ], [ 282862.195019883278292, 6122653.463878583163023 ], [ 282863.919944970752113, 6122654.519198694266379 ], [ 282865.742617428710219, 6122655.394945350475609 ], [ 282867.644404682214372, 6122656.082166084088385 ], [ 282869.605865392135456, 6122656.573835666291416 ], [ 282871.606948197237216, 6122656.8649279223755 ], [ 282873.62719669303624, 6122656.952467111870646 ], [ 282875.645958550274372, 6122656.835558352060616 ], [ 282877.642596637364477, 6122656.515396762639284 ], [ 282879.596699986432213, 6122655.995255247689784 ], [ 282881.488292448339052, 6122655.280451041646302 ], [ 282883.298036901804153, 6122654.378291350789368 ], [ 282885.007432930578943, 6122653.297998654656112 ], [ 282886.599005947296973, 6122652.050616424530745 ], [ 282979.085731771891005, 6122571.695562820881605 ], [ 283166.523820038244594, 6122674.612188964150846 ], [ 283598.654231968044769, 6123130.194701202213764 ], [ 283599.983007385977544, 6123131.472165934741497 ], [ 283601.423748656292446, 6123132.621872352436185 ], [ 283602.964218265900854, 6123133.634054962545633 ], [ 283604.59133161889622, 6123134.500116386450827 ], [ 283606.291268176166341, 6123135.212700385600328 ], [ 283608.049588845577091, 6123135.76575434114784 ], [ 283609.851358625921421, 6123136.154580668546259 ], [ 283611.681273463880643, 6123136.375876715406775 ], [ 283829.749267773644533, 6123152.597358515486121 ], [ 283831.049545659276191, 6123153.389745226129889 ], [ 284035.612669984053355, 6123262.619054816663265 ], [ 284036.420430279802531, 6123263.002752407453954 ], [ 284037.123541123408359, 6123263.346129053272307 ], [ 284037.217532165523153, 6123263.381387101486325 ], [ 284037.309770195977762, 6123263.425201473757625 ], [ 284038.172657010960393, 6123263.739674842916429 ], [ 284038.909710503590759, 6123264.016159359365702 ], [ 284038.992801818356384, 6123264.038571171462536 ], [ 284039.075029154599179, 6123264.068538377992809 ], [ 284039.990394909051247, 6123264.307647053152323 ], [ 284040.751592593092937, 6123264.512961164116859 ], [ 284040.822311986004934, 6123264.524957554414868 ], [ 284040.892868354334496, 6123264.543388044461608 ], [ 284041.859755161160138, 6123264.700942843221128 ], [ 284042.632429296325427, 6123264.832014390267432 ], [ 284042.689671446802095, 6123264.836178212426603 ], [ 284042.747245266276877, 6123264.845559901557863 ], [ 284043.769036307756323, 6123264.914691740646958 ], [ 284044.535108094918542, 6123264.97041617706418 ], [ 284044.578149000415578, 6123264.969434291124344 ], [ 284044.621794914128259, 6123264.972387265414 ], [ 284045.714069612149615, 6123264.943520709872246 ], [ 284046.442317743203603, 6123264.926907297223806 ], [ 284046.470823344250675, 6123264.923521277494729 ], [ 284046.499974296311848, 6123264.922750878147781 ], [ 284047.724355991347693, 6123264.774621192365885 ], [ 284048.33670577238081, 6123264.70188360940665 ], [ 284048.350734624895267, 6123264.698839864693582 ], [ 284048.365208378469106, 6123264.697088782675564 ], [ 284050.201036369137, 6123264.29739245865494 ], [ 284085.077471881930251, 6123254.968604531139135 ], [ 284086.560597958799917, 6123254.509517240338027 ], [ 284097.473018002172466, 6123250.661544864065945 ], [ 284099.25015090132365, 6123249.937260406091809 ], [ 284100.949685573461466, 6123249.045985355041921 ], [ 284102.55597444815794, 6123247.995925657451153 ], [ 284104.05422846658621, 6123246.796749183908105 ], [ 284105.43065324384952, 6123245.459496720694005 ], [ 284112.134435411950108, 6123238.289939688518643 ], [ 284896.250640554644633, 6122718.821372223086655 ], [ 284897.892467503959779, 6122717.608745832927525 ], [ 284899.402151608839631, 6122716.235096534714103 ], [ 284900.763969288789667, 6122714.714731085114181 ], [ 284901.963737013575155, 6122713.063484313897789 ], [ 284902.988959026813973, 6122711.298554196953773 ], [ 284903.828957491379697, 6122709.438322740606964 ], [ 284904.47498370037647, 6122707.502164526842535 ], [ 284904.920309196400922, 6122705.510244925506413 ], [ 284905.160295849316753, 6122703.483310072682798 ], [ 284905.192444162967149, 6122701.442470789887011 ], [ 284905.016419308027253, 6122699.408982716500759 ], [ 284887.882849243353121, 6122575.493707748129964 ], [ 284887.525525636912789, 6122573.59250109270215 ], [ 284886.9861950725317, 6122571.734709542244673 ], [ 284886.269903347652871, 6122569.937713974155486 ], [ 284885.383351849159226, 6122568.218326482921839 ], [ 284884.334834857785609, 6122566.59263308532536 ], [ 284626.396852639154531, 6122206.211417362093925 ], [ 284625.252506960590836, 6122204.759393027052283 ], [ 284623.978971803328022, 6122203.419240085408092 ], [ 284622.587129212683067, 6122202.202409815974534 ], [ 284621.088872141437605, 6122201.11929973307997 ], [ 284619.497002828109544, 6122200.179164747707546 ], [ 284617.825123404792976, 6122199.390038080513477 ], [ 284616.087519670254551, 6122198.75866262614727 ], [ 284117.871799623942934, 6122043.390749702230096 ], [ 284115.830899422289804, 6122042.870464301668108 ], [ 283944.723814291355666, 6122008.731185437180102 ], [ 283734.284194030740764, 6121925.160641239956021 ], [ 283738.122152773838025, 6121864.504859333857894 ], [ 283738.151646695099771, 6121862.596294769085944 ], [ 283737.999061124981381, 6121860.693610813468695 ], [ 283737.665785922843497, 6121858.814138486050069 ], [ 283737.154856799810659, 6121856.974997377023101 ], [ 283736.47092766687274, 6121855.192939708940685 ], [ 283735.62022824404994, 6121853.484197750687599 ], [ 283734.610507315432187, 6121851.864335955120623 ], [ 283733.450962147733662, 6121850.348109193146229 ], [ 283732.152154714858625, 6121848.949328351765871 ], [ 283730.725915492104832, 6121847.680734535679221 ], [ 283729.185235695156734, 6121846.553883013315499 ], [ 283727.544148947228678, 6121845.579037961550057 ], [ 283656.781483541475609, 6121807.991637466475368 ], [ 283655.709894080122467, 6121807.462856650352478 ], [ 283555.057249148958363, 6121761.481690875254571 ], [ 283586.856560331129003, 6121691.914578646421432 ], [ 283587.605034389067441, 6121690.029845431447029 ], [ 283588.158802851627115, 6121688.079006330110133 ], [ 283588.512172380054835, 6121686.082118079066277 ], [ 283588.66150995332282, 6121684.059710850939155 ], [ 283588.605280219693668, 6121682.032577178440988 ], [ 283588.344061281532049, 6121680.021558189764619 ], [ 283587.88053875224432, 6121678.047329333610833 ], [ 283587.219478144776076, 6121676.130187820643187 ], [ 283586.367675877176225, 6121674.289843938313425 ], [ 283534.21277374267811, 6121575.130507624708116 ], [ 283953.925899907597341, 6121184.146946013905108 ], [ 283955.309096398937982, 6121182.72386833652854 ], [ 283956.544449906796217, 6121181.170715311542153 ], [ 283957.619797194143757, 6121179.502779215574265 ], [ 283958.524550438392907, 6121177.736482474952936 ], [ 283959.249801478523295, 6121175.889215970411897 ], [ 283959.788409524189774, 6121173.979167808778584 ], [ 283960.135071464057546, 6121172.025144238956273 ], [ 283960.286374079762027, 6121170.046384494751692 ], [ 283960.240827652334701, 6121168.062371356412768 ], [ 283959.998880629835185, 6121166.092639332637191 ], [ 283959.562915212183725, 6121164.156582318246365 ], [ 283958.937223895976786, 6121162.273262646049261 ], [ 283958.127967210602947, 6121160.461223401129246 ], [ 283957.143113062251359, 6121158.738305841572583 ], [ 283955.992358282092027, 6121157.121473739854991 ], [ 283954.68703315150924, 6121155.626646354794502 ], [ 283819.748487551580183, 6121015.757835073396564 ], [ 283818.111049889121205, 6121014.240059572272003 ], [ 283816.31464424933074, 6121012.9142498774454 ], [ 283814.381657639401965, 6121011.796928376890719 ], [ 283547.867316396383103, 6120876.999134266749024 ], [ 283745.329018847260159, 6120739.809394462034106 ], [ 283746.937070539803244, 6120738.566426379606128 ], [ 283748.410669505014084, 6120737.166674261912704 ], [ 283749.734597886505071, 6120735.624593349173665 ], [ 283750.895183476328384, 6120733.956108710728586 ], [ 283751.880440907320008, 6120732.178450787439942 ], [ 283752.680195426335558, 6120730.309977450408041 ], [ 283753.286187968507875, 6120728.369984424673021 ], [ 283753.692160449165385, 6120726.378506017848849 ], [ 283753.893920390459243, 6120724.356108226813376 ], [ 283753.889384217618499, 6120722.323676352389157 ], [ 283745.721750222321134, 6120568.549777519889176 ], [ 283745.516766780463513, 6120566.565730991773307 ], [ 283745.115179196291137, 6120564.611968915909529 ], [ 283617.542062050371896, 6120070.376293934881687 ], [ 283704.037429198680911, 6120024.120339972898364 ], [ 283705.699667594977655, 6120023.124988356605172 ], [ 283707.257796782243531, 6120021.973469897173345 ], [ 283708.697194647800643, 6120020.676590909250081 ], [ 283710.004353301483206, 6120019.246521826833487 ], [ 283711.167005839408375, 6120017.696682996116579 ], [ 283712.174241461150814, 6120016.041618729010224 ], [ 283713.016607861442026, 6120014.296860815957189 ], [ 283713.686199934221804, 6120012.478782770223916 ], [ 283714.176733957370743, 6120010.604446168057621 ], [ 283814.362461714539677, 6119534.764862842857838 ], [ 283814.659895307559054, 6119532.93525464553386 ], [ 283814.786663065082394, 6119531.085967530496418 ], [ 283814.741676073346753, 6119529.23288656398654 ], [ 283814.525320763117634, 6119527.391929401084781 ], [ 283791.095451737288386, 6119385.231034556403756 ], [ 283790.737583220936358, 6119383.526183892972767 ], [ 283790.232720044150483, 6119381.858941009268165 ], [ 283789.584692333417479, 6119380.241954384371638 ], [ 283643.542371031478979, 6119057.321583691984415 ], [ 283642.602410887309816, 6119055.498452346771955 ], [ 283641.48066176410066, 6119053.781183619983494 ], [ 283640.188922592147719, 6119052.18784031458199 ], [ 283638.740780313382857, 6119050.735181746073067 ], [ 283637.151466969691683, 6119049.438487460836768 ], [ 283635.437699487258215, 6119048.311396518722177 ], [ 283633.617503842106089, 6119047.365764037705958 ], [ 283631.710025457141455, 6119046.611536494456232 ], [ 283511.160746591747738, 6119005.960854659788311 ], [ 283509.249259565549437, 6119005.420383027754724 ], [ 283507.293586553016212, 6119005.072194423526525 ], [ 283505.313019741675816, 6119004.919723631814122 ], [ 283345.72294778941432, 6119000.585666639730334 ], [ 283278.018513079441618, 6118911.724390584975481 ], [ 283276.880555950338021, 6118910.360938553698361 ], [ 283275.626134368067142, 6118909.103809140622616 ], [ 283230.425475675205234, 6118867.660217548720539 ], [ 283188.359067513141781, 6118427.091635193675756 ], [ 283188.08945232903352, 6118425.214156091213226 ], [ 283187.643195478827693, 6118423.370660782791674 ], [ 283187.024310619104654, 6118421.577729757875204 ], [ 283186.238364031363744, 6118419.851488729007542 ], [ 283185.292424558836501, 6118418.207463594153523 ], [ 283184.195000028528739, 6118416.660440798848867 ], [ 283078.05814804736292, 6118281.147986401803792 ], [ 283077.94229705282487, 6118281.001485556364059 ], [ 283069.54986440972425, 6118270.48998299986124 ], [ 283068.170874306058977, 6118268.935782117769122 ], [ 283066.638079740630928, 6118267.533036627806723 ], [ 283064.968023989000358, 6118266.296886201947927 ], [ 283063.178731771127786, 6118265.240672470070422 ], [ 282957.392674108559731, 6118209.994199843145907 ], [ 282955.555796968110371, 6118209.150152365677059 ], [ 282953.643099075590726, 6118208.495843153446913 ], [ 282951.674121192307211, 6118208.037956847809255 ], [ 282949.668979054898955, 6118207.781171369366348 ], [ 282947.648157865973189, 6118207.728110123425722 ], [ 282945.632303010672331, 6118207.879315201193094 ], [ 282943.642009136325214, 6118208.233241842128336 ], [ 282941.697609750786796, 6118208.786274213343859 ], [ 282939.818969488434959, 6118209.532762349583209 ], [ 282526.966126864426769, 6118398.268512948416173 ], [ 282525.189183279930148, 6118399.191032538190484 ], [ 282523.51337843388319, 6118400.286591306328773 ], [ 282521.955506282509305, 6118401.544210189022124 ], [ 282520.531178928387817, 6118402.95128605235368 ], [ 282519.25467016431503, 6118404.493717986159027 ], [ 282518.138772430014797, 6118406.156048621982336 ], [ 282517.194668613548856, 6118407.92161903437227 ], [ 282516.431819982477464, 6118409.772735686972737 ], [ 282515.857871368993074, 6118411.690847749821842 ], [ 282515.478574557229877, 6118413.656733001582325 ], [ 282515.297730642661918, 6118415.650690467096865 ], [ 282508.317530718457419, 6118588.445018135942519 ], [ 282508.30165583913913, 6118589.382439834997058 ], [ 282508.836647855816409, 6118671.585949814878404 ], [ 282508.955023693619296, 6118673.632452806457877 ], [ 282509.282260854844935, 6118675.656088932417333 ], [ 282509.814921559765935, 6118677.635598949156702 ], [ 282595.780887204047758, 6118942.236755315214396 ], [ 282438.514685564325191, 6119080.436690328642726 ], [ 282437.127228736761026, 6119081.780066951178014 ], [ 282435.875808415876236, 6119083.251000117510557 ], [ 282434.772093148960266, 6119084.835774489678442 ], [ 282433.826374245400075, 6119086.519613244570792 ], [ 282433.04746981797507, 6119088.286815862171352 ], [ 282432.442642560927197, 6119090.120904515497386 ], [ 282432.017532030527946, 6119092.004777716472745 ], [ 282431.776102060684934, 6119093.920869773253798 ], [ 282431.7206038031145, 6119095.851314577274024 ], [ 282431.851554737018887, 6119097.778112192638218 ], [ 282432.167733844078612, 6119099.683296690694988 ], [ 282432.666192993463483, 6119101.549103667959571 ], [ 282433.342284430982545, 6119103.358135886490345 ], [ 282434.189704115735367, 6119105.093525489792228 ], [ 282435.200550500652753, 6119106.739091284573078 ], [ 282436.365398208494298, 6119108.279489615932107 ], [ 282437.673385916103143, 6119109.700357433408499 ], [ 282439.11231762834359, 6119110.9884462216869 ], [ 282952.795510236115661, 6119527.950176993384957 ], [ 283153.685667364858091, 6119979.122779672965407 ], [ 282840.172216186532751, 6120048.799036914482713 ], [ 282838.280880521051586, 6120049.317878346890211 ], [ 282836.449454947025515, 6120050.019467541016638 ], [ 282834.695550210250076, 6120050.897058109752834 ], [ 282833.036031626397744, 6120051.94221125729382 ], [ 282831.486856906558387, 6120053.14487692900002 ], [ 282823.332154988311231, 6120060.14257594384253 ], [ 282821.998338619363494, 6120061.397647310979664 ], [ 282820.784925261454191, 6120062.769470281898975 ], [ 282819.702090205333661, 6120064.246541195549071 ], [ 282693.737573324178811, 6120253.689852015115321 ], [ 282692.750069847446866, 6120255.342323035001755 ], [ 282691.926011057337746, 6120257.082078965380788 ], [ 282691.273031494871248, 6120258.893001735210419 ], [ 282690.797180727706291, 6120260.75831394456327 ], [ 282690.502867303439416, 6120262.660734295845032 ], [ 282690.392817906045821, 6120264.582637706771493 ], [ 282690.468052094685845, 6120266.506218587048352 ], [ 282690.72787285776576, 6120268.413655810058117 ], [ 282691.169873070437461, 6120270.287277810275555 ], [ 282724.167826672899537, 6120385.120619639754295 ], [ 282724.566327327396721, 6120386.355086681433022 ], [ 282824.340267937921453, 6120664.26200932636857 ], [ 282817.661245474067982, 6120664.282517836429179 ], [ 282815.733274946629535, 6120664.381610517390072 ], [ 282813.823839936929289, 6120664.666123536415398 ], [ 282811.950731079326943, 6120665.133406021632254 ], [ 282810.131400549144018, 6120665.779104199260473 ], [ 282808.38279945688555, 6120666.597201952710748 ], [ 282806.721219911181834, 6120667.580076882615685 ], [ 282805.162143221357837, 6120668.71857132203877 ], [ 282803.720095654542092, 6120670.002077664248645 ], [ 282802.408513091446366, 6120671.418637190945446 ], [ 282801.239615840837359, 6120672.955051501281559 ], [ 282800.224294780695345, 6120674.597005477175117 ], [ 282799.372009884973522, 6120676.329200665466487 ], [ 282798.690702083229553, 6120678.135497814975679 ], [ 282798.186719273042399, 6120679.9990672506392 ], [ 282797.864757175382692, 6120681.902545677497983 ], [ 282755.447702968725935, 6121035.83398802485317 ], [ 282726.523639882856514, 6121072.883246295154095 ], [ 282488.866383898304775, 6120826.620540114119649 ], [ 282487.453032542602159, 6120825.291515528224409 ], [ 282485.917562517279293, 6120824.105682400986552 ], [ 282484.274422089802101, 6120823.07419903203845 ], [ 282482.53907267114846, 6120822.206771341152489 ], [ 282480.727843328379095, 6120821.511561536230147 ], [ 282478.857777133700438, 6120820.995111314579844 ], [ 282476.946470794791821, 6120820.662280301563442 ], [ 282475.011909075488802, 6120820.516200327314436 ], [ 282473.072295565216336, 6120820.558245957829058 ], [ 282471.145881388860289, 6120820.788021556101739 ], [ 282469.250793470186181, 6120821.203365010209382 ], [ 282467.404863962903619, 6120821.800368074327707 ], [ 282465.625462456489913, 6120822.573413146659732 ], [ 282463.929332533851266, 6120823.515226126648486 ], [ 281940.884562405175529, 6121148.09749523177743 ], [ 281941.27299017761834, 6121143.640773905441165 ], [ 281941.346330638334621, 6121141.608260501176119 ], [ 281941.212869271461386, 6121139.578807957470417 ], [ 281940.873986230872106, 6121137.573403297923505 ], [ 281940.333185982017312, 6121135.612784861586988 ], [ 281939.596061061311048, 6121133.717227842658758 ], [ 281938.670234242687002, 6121131.906334619037807 ], [ 281937.565279708476737, 6121130.198832045309246 ], [ 281936.292624040972441, 6121128.612377787008882 ], [ 281934.865428057441022, 6121127.163377722725272 ], [ 281933.298450711008627, 6121125.866816285997629 ], [ 281931.607896465226077, 6121124.736101510003209 ], [ 281277.699460705218371, 6120733.972156947478652 ], [ 281276.084108913666569, 6120733.104758096858859 ], [ 281274.396109674242325, 6120732.388936370611191 ], [ 281272.649649532686453, 6120731.830707788467407 ], [ 281270.859406360774301, 6120731.434763901866972 ], [ 281269.040425998391584, 6120731.204432363621891 ], [ 281267.2079958030954, 6120731.141648962162435 ], [ 281123.988396141736303, 6120732.803748375736177 ], [ 281121.943151745537762, 6120732.932480938732624 ], [ 281119.921817058115266, 6120733.269827635958791 ], [ 281117.945614055672195, 6120733.812246667221189 ], [ 281116.035290877218358, 6120734.554043180309236 ], [ 281003.37394792138366, 6120785.087630725465715 ], [ 281001.819574462191667, 6120785.867709045298398 ], [ 281000.338846723723691, 6120786.779873724095523 ], [ 280998.942961225344334, 6120787.817227430641651 ], [ 280997.642472951847594, 6120788.971926216967404 ], [ 280932.946637002169155, 6120851.652699324302375 ], [ 280885.605838291987311, 6120840.011710501275957 ], [ 280532.352519496402238, 6120641.415866296738386 ], [ 280530.677669762109872, 6120640.575009276159108 ], [ 280528.931467970192898, 6120639.89461125805974 ], [ 280527.12924648023909, 6120639.380646413192153 ], [ 280525.286829527467489, 6120639.037627561017871 ], [ 280523.420394279703032, 6120638.868566545657814 ], [ 280521.546328795084264, 6120638.874947791919112 ], [ 280519.681088128301781, 6120639.056715269573033 ], [ 280517.841049848531839, 6120639.412272986024618 ], [ 280374.595702773716766, 6120674.125438611954451 ], [ 280152.226873358362354, 6120566.822053757496178 ], [ 280150.53321799589321, 6120566.098925231024623 ], [ 280148.780228408635594, 6120565.534646168351173 ], [ 280146.982767245906871, 6120565.134000786580145 ], [ 280145.156074207217898, 6120564.900385942310095 ], [ 280143.31563683366403, 6120564.835782326757908 ], [ 280141.4770591967972, 6120564.940737681463361 ], [ 280139.655929600528907, 6120565.214362144470215 ], [ 279850.867037410207558, 6120622.309967998415232 ], [ 279849.005102641880512, 6120622.771870432421565 ], [ 279847.195987209386658, 6120623.410036783665419 ], [ 279845.456335675611626, 6120624.218595675192773 ], [ 279843.802153508469928, 6120625.190108051523566 ], [ 279842.248659824661445, 6120626.315635622479022 ], [ 279840.810147367767058, 6120627.584823099896312 ], [ 279839.499851009692065, 6120628.985993465408683 ], [ 279838.329825984430499, 6120630.506255409680307 ], [ 279837.310836975462735, 6120632.131621934473515 ], [ 279763.80044048622949, 6120762.933714263141155 ], [ 279345.280057906114962, 6121236.962302479892969 ], [ 279344.099164717248641, 6121238.434341259300709 ], [ 279343.062273205723614, 6121240.01113004796207 ], [ 279342.178615353070199, 6121241.678629880771041 ], [ 279341.456058822222985, 6121243.421994143165648 ], [ 279340.901036907627713, 6121245.225700761191547 ], [ 279340.518491256574634, 6121247.07369040325284 ], [ 279340.311827870784327, 6121248.949509460479021 ], [ 279340.282886781322304, 6121250.83645654655993 ], [ 279350.126341870462056, 6121559.687434616498649 ], [ 279068.493932843324728, 6121572.089423558674753 ], [ 279066.679709828516934, 6121572.252343931235373 ], [ 279064.887833958142437, 6121572.579649691469967 ], [ 279063.133168610627763, 6121573.068625880405307 ], [ 279061.430268507800065, 6121573.715216504409909 ], [ 278981.541326263104565, 6121608.289223052561283 ], [ 278990.598588297434617, 6121513.162310555577278 ], [ 278990.673971584823448, 6121510.501034733839333 ], [ 278981.638026247208472, 6121274.625589273869991 ], [ 278981.476081764674746, 6121272.739219169132411 ], [ 278981.467039780633058, 6121272.689625535160303 ], [ 278981.462834251404274, 6121272.64200918097049 ], [ 278981.351166258449666, 6121272.054080385714769 ], [ 278981.136489012918901, 6121270.876614823937416 ], [ 278981.109070239472203, 6121270.779451757669449 ], [ 278981.091260176326614, 6121270.685682283714414 ], [ 278980.898872600693721, 6121270.034580834209919 ], [ 278980.62229126773309, 6121269.054468049667776 ], [ 278980.567482861573808, 6121268.913051343522966 ], [ 278980.526987512072083, 6121268.776002053171396 ], [ 278881.611851396446582, 6120986.553614777512848 ], [ 278888.586169145710301, 6120934.172073762863874 ], [ 278888.749764631385915, 6120932.206371439620852 ], [ 278888.718933125899639, 6120930.234114224091172 ], [ 278888.493974523327779, 6120928.274486010894179 ], [ 278888.07707696739817, 6120926.346547855064273 ], [ 278887.472295567626134, 6120924.469052564352751 ], [ 278886.685512955649756, 6120922.660262297838926 ], [ 278885.724382065876853, 6120920.937770928256214 ], [ 278884.598251696210355, 6120919.318332909606397 ], [ 278883.318075573421083, 6120917.81770030874759 ], [ 278881.896305807807948, 6120916.450469589792192 ], [ 278880.346771773009095, 6120915.229939630255103 ], [ 278878.684545589378104, 6120914.167982370592654 ], [ 278876.925795519549865, 6120913.274927334859967 ], [ 278875.087628701643553, 6120912.559461154043674 ], [ 278873.187924750382081, 6120912.028543077409267 ], [ 278871.24516184447566, 6120911.687337277457118 ], [ 278746.015430180472322, 6120896.012176705524325 ], [ 278743.245028384786565, 6120895.859365885145962 ], [ 278725.003614715475123, 6120896.120574292726815 ], [ 278704.201962180261035, 6120886.440249353647232 ], [ 278702.321372961450834, 6120885.678608420304954 ], [ 278700.373293247073889, 6120885.111424017697573 ], [ 278698.377772248466499, 6120884.744533482939005 ], [ 278696.355347432254348, 6120884.581712773069739 ], [ 278633.239390195638407, 6120882.713666141964495 ], [ 278632.328023196198046, 6120882.707467159256339 ], [ 278551.934371713083237, 6120883.992663335055113 ], [ 278551.730263495934196, 6120883.99696836899966 ], [ 278466.072540559747722, 6120886.241084576584399 ], [ 278464.33337272296194, 6120886.362661632709205 ], [ 278464.290711220586672, 6120886.369414631277323 ], [ 278464.249709510942921, 6120886.372367636300623 ], [ 278463.703977150493301, 6120886.462290265597403 ], [ 278462.611400480382144, 6120886.635237018577754 ], [ 278462.527479929965921, 6120886.656146690249443 ], [ 278462.44647247082321, 6120886.669494631700218 ], [ 278461.836748129921034, 6120886.828249648213387 ], [ 278460.91970860719448, 6120887.056739510968328 ], [ 278460.796877111424692, 6120887.099002723582089 ], [ 278460.677886235469487, 6120887.129984590224922 ], [ 278460.076786736899521, 6120887.346767615526915 ], [ 278459.271151786786504, 6120887.623966233804822 ], [ 278205.551240643137135, 6120987.490636007860303 ], [ 278202.983364094921853, 6120988.719082033261657 ], [ 278166.254508029960562, 6121009.623733261600137 ], [ 278164.628570243017748, 6121010.655844352208078 ], [ 278163.109440246538725, 6121011.839555061422288 ], [ 278161.711203896033112, 6121013.163889648392797 ], [ 278160.44682608282892, 6121014.616568461991847 ], [ 278159.328030519478489, 6121016.184121803380549 ], [ 278158.365191033575684, 6121017.852014819160104 ], [ 278157.567235378548503, 6121019.604782277718186 ], [ 278156.94156245252816, 6121021.42617196124047 ], [ 278156.493973693577573, 6121023.299295366741717 ], [ 278156.228619286674075, 6121025.206784299574792 ], [ 278156.147959682217333, 6121027.130951916798949 ], [ 278156.252742781594861, 6121029.053956724703312 ], [ 278180.613875205570366, 6121265.657042445614934 ], [ 278043.180340545950457, 6121258.420765697024763 ], [ 277776.064524225192145, 6121042.314150570891798 ], [ 277774.315452316193841, 6121041.048939555883408 ], [ 277772.440206860133912, 6121039.979609889909625 ], [ 277770.46063452004455, 6121039.118619294837117 ], [ 277755.435576419753488, 6121033.527143716812134 ], [ 277724.137203229067381, 6120764.840670035220683 ], [ 278190.048581984359771, 6120465.81679870467633 ], [ 278496.817645333649125, 6120374.80656895507127 ], [ 278498.708608120854478, 6120374.140766241587698 ], [ 278500.523416486917995, 6120373.289000951685011 ], [ 278502.24383599270368, 6120372.259831266477704 ], [ 278503.852580579055939, 6120371.063597856089473 ], [ 278505.333486249961425, 6120369.712319976650178 ], [ 278506.671673481585458, 6120368.219574703834951 ], [ 278507.853696725680493, 6120366.600360522046685 ], [ 278508.867679504561238, 6120364.870946621522307 ], [ 278509.703433741349727, 6120363.048709432594478 ], [ 278510.352562125248369, 6120361.151958037167788 ], [ 278510.808542484533973, 6120359.199750202707946 ], [ 278511.066793318314012, 6120357.211700902320445 ], [ 278555.838115290564019, 6119791.941759705543518 ], [ 278729.897094100771938, 6119151.447806641459465 ], [ 278864.101680306484923, 6119141.757392431609333 ], [ 278898.824156795162708, 6119195.214634202420712 ], [ 278899.964293196739163, 6119196.79557010345161 ], [ 278901.252907709102146, 6119198.258013939484954 ], [ 278902.677760848368052, 6119199.58807516656816 ], [ 278904.225319112418219, 6119200.773120632395148 ], [ 278905.880883524601813, 6119201.801894568838179 ], [ 278907.628729247197043, 6119202.664625504054129 ], [ 278909.452254938543774, 6119203.353119069710374 ], [ 278911.334140435501467, 6119203.860835833474994 ], [ 278913.256511263432913, 6119204.18295341450721 ], [ 278915.201108411012683, 6119204.316412284038961 ], [ 279186.024821337079629, 6119209.672529749572277 ], [ 279492.616832675179467, 6119541.210860003717244 ], [ 279494.035504785890225, 6119542.599818898364902 ], [ 279495.584899099194445, 6119543.841275555081666 ], [ 279497.249746964371298, 6119544.922995922155678 ], [ 279499.013641982630361, 6119545.834320086985826 ], [ 279500.859201685641892, 6119546.566267319023609 ], [ 279502.768238832999486, 6119547.111624577082694 ], [ 279504.721940639719833, 6119547.465017586015165 ], [ 279506.701054168865085, 6119547.622963801026344 ], [ 279508.686076061276253, 6119547.583906727842987 ], [ 279770.339009994000662, 6119529.414675206877291 ], [ 279772.347643332788721, 6119529.172618914395571 ], [ 279772.352318614895921, 6119529.171567876823246 ], [ 279772.357053596177138, 6119529.170996126718819 ], [ 279773.011813393735792, 6119529.023308579809964 ], [ 279774.321544843434822, 6119528.728871277533472 ], [ 279774.330635188729502, 6119528.725835282355547 ], [ 279774.339939952536952, 6119528.723736501298845 ], [ 279775.09998795192223, 6119528.468886743299663 ], [ 279776.240515596000478, 6119528.087973166257143 ], [ 279776.253621248120908, 6119528.082064901478589 ], [ 279776.267186444543768, 6119528.077516390010715 ], [ 279777.045878473669291, 6119527.724901027977467 ], [ 279778.084918766980991, 6119527.256482888944447 ], [ 279778.101507686835248, 6119527.246880112215877 ], [ 279778.118885196687188, 6119527.23901104927063 ], [ 279778.88146569248056, 6119526.795388254337013 ], [ 279779.835880582628306, 6119526.242909083142877 ], [ 279779.85529792541638, 6119526.228872090578079 ], [ 279779.875908718910068, 6119526.216881988570094 ], [ 279958.235567142430227, 6119409.940720502287149 ], [ 279975.868361710978206, 6119415.570312702096999 ], [ 279977.305523051589262, 6119415.970741182565689 ], [ 280037.914737177372444, 6119430.445282449014485 ], [ 280039.888029523775913, 6119430.812979511916637 ], [ 280041.888240315834992, 6119430.981028913520277 ], [ 280043.895222011196893, 6119430.947737942449749 ], [ 280045.888758866174612, 6119430.713441928848624 ], [ 280047.848770563141443, 6119430.280500868335366 ], [ 280049.755514473479707, 6119429.653275649994612 ], [ 280051.589784519688692, 6119428.838084131479263 ], [ 280053.333104632270988, 6119427.84313749987632 ], [ 280381.052399791486096, 6119218.333371419459581 ], [ 280382.739833201922011, 6119217.126923524774611 ], [ 280384.293228759372141, 6119215.75218344759196 ], [ 280385.695876013080124, 6119214.223939776420593 ], [ 280386.932686167478096, 6119212.558632393367589 ], [ 280387.990354397974443, 6119210.774175627157092 ], [ 280388.857502975792158, 6119208.889765538275242 ], [ 280463.051588178670499, 6119022.805998079478741 ], [ 280724.888178177701775, 6118871.714169231243432 ], [ 280726.486363720323425, 6118870.687813385389745 ], [ 280727.97998075344367, 6118869.514479882083833 ], [ 280729.355558332579676, 6118868.204751026816666 ], [ 280730.600690112041775, 6118866.770439274609089 ], [ 280731.704146237811074, 6118865.224480695091188 ], [ 280732.655974629917182, 6118863.580818301998079 ], [ 280733.44759074022295, 6118861.854276299476624 ], [ 280744.109233096707612, 6118835.345567655749619 ], [ 281005.527568863122724, 6118789.10129411984235 ], [ 281007.401445186638739, 6118788.676071112975478 ], [ 281009.225866545049939, 6118788.072984230704606 ], [ 281010.983992493420374, 6118787.297600305639207 ], [ 281012.659594531229232, 6118786.3570765722543 ], [ 281014.237205900310073, 6118785.260094599798322 ], [ 281015.702264352235943, 6118784.016780152916908 ], [ 281017.041246565699112, 6118782.638609730638564 ], [ 281018.241792974702548, 6118781.138304627500474 ], [ 281050.730133768112864, 6118736.279542715288699 ], [ 281051.884493576711975, 6118734.49277903791517 ], [ 281052.8425507619977, 6118732.593516698107123 ], [ 281070.260965971334372, 6118692.950082370080054 ], [ 281084.58195662900107, 6118688.717796592973173 ], [ 281246.448211406241171, 6118762.732883685268462 ], [ 281248.278381922165863, 6118763.463017102330923 ], [ 281250.171516854490619, 6118764.009514176286757 ], [ 281252.10924039944075, 6118764.367070307023823 ], [ 281254.072743951925077, 6118764.53221486043185 ], [ 281256.042968671652488, 6118764.50334485154599 ], [ 281258.000790479301941, 6118764.280740508809686 ], [ 281259.927205684769433, 6118763.866562551818788 ], [ 281261.803515447827522, 6118763.264831218868494 ], [ 281263.611507278925274, 6118762.48138724360615 ], [ 281265.333631819812581, 6118761.523835161700845 ], [ 281266.953173187212087, 6118760.401469497941434 ], [ 281268.454411226150114, 6118759.125184548087418 ], [ 281269.822774098662194, 6118757.707368631847203 ], [ 281271.044979725731537, 6118756.161783846095204 ], [ 281272.109164710622281, 6118754.503432483412325 ], [ 281448.771778205467854, 6118446.845670058391988 ], [ 281516.838845617312472, 6118398.197576478123665 ], [ 281561.857541963923723, 6118403.564534490928054 ], [ 281732.892678252479527, 6118457.227243538014591 ], [ 281734.951402115868405, 6118457.754828744567931 ], [ 281737.054486059583724, 6118458.060979069210589 ], [ 281739.178182637610007, 6118458.142237545922399 ], [ 281741.298511651635636, 6118457.997686628252268 ], [ 281870.699250750418287, 6118442.233814847655594 ], [ 281872.510140982689336, 6118441.928267955780029 ], [ 281874.285369718505535, 6118441.457900788635015 ], [ 281876.009968751459382, 6118440.826679344289005 ], [ 281877.669396769837476, 6118440.039925895631313 ], [ 281879.249661964655388, 6118439.104274117387831 ], [ 281880.737440004653763, 6118438.027613149024546 ], [ 282087.217983587586787, 6118273.646398925222456 ], [ 282374.19480152183678, 6118468.954474980011582 ], [ 282375.848167411342729, 6118469.966094522736967 ], [ 282377.591694447328337, 6118470.812915836460888 ], [ 282379.40900658321334, 6118471.486985168419778 ], [ 282381.283034747291822, 6118471.981971333734691 ], [ 282383.196177163452376, 6118472.293225183151662 ], [ 282385.130464675603434, 6118472.41782327182591 ], [ 282387.067729522939771, 6118472.354595312848687 ], [ 282388.989775979833212, 6118472.104135174304247 ], [ 282390.878551259287633, 6118471.668795298784971 ], [ 282392.716315073135775, 6118471.05266460776329 ], [ 282394.485806257580407, 6118470.261530099436641 ], [ 282396.170404898293782, 6118469.302822488360107 ], [ 282397.75428843247937, 6118468.185546419583261 ], [ 282399.222580262285192, 6118466.920195888727903 ], [ 282628.17567938141292, 6118249.410694716498256 ], [ 282629.787853333284147, 6118247.687025202438235 ], [ 282631.185753715748433, 6118245.785442712716758 ], [ 282892.180932526069228, 6117842.933609577827156 ], [ 282893.131983177561779, 6117841.301590763032436 ], [ 282893.924827250186354, 6117839.587128448300064 ], [ 282894.552392609009985, 6117837.805515563115478 ], [ 282895.009081398136914, 6117835.972644017077982 ], [ 282895.290819973335601, 6117834.104862946085632 ], [ 282895.395095238578506, 6117832.21883287653327 ], [ 282895.320977062976453, 6117830.331377116031945 ], [ 282891.571512329566758, 6117787.087596929632127 ], [ 282891.290151843219064, 6117785.057845143601298 ], [ 282890.802576946618501, 6117783.067536938004196 ], [ 282890.113906025595497, 6117781.137565850280225 ], [ 282889.231368499516975, 6117779.288192023523152 ], [ 282888.164228929730598, 6117777.538829518482089 ], [ 282886.923689763236325, 6117775.907842513173819 ], [ 282695.25157601054525, 6117549.041054988279939 ], [ 282693.989515146124177, 6117547.680648397654295 ], [ 282692.606799423345365, 6117546.44306973554194 ], [ 282691.115332309040241, 6117545.338973017409444 ], [ 282689.52795348467771, 6117544.377863146364689 ], [ 282687.858328312460799, 6117543.568014086224139 ], [ 282560.430572662269697, 6117488.908627117983997 ], [ 282558.213261819037143, 6117488.108674414455891 ], [ 282555.917232712556142, 6117487.575155862607062 ], [ 282268.538165554171428, 6117438.436868351884186 ], [ 282150.32101021107519, 6117304.715427424758673 ], [ 282148.497692270844709, 6117005.631185370497406 ], [ 282148.473349185776897, 6117005.202358128502965 ], [ 282148.471617258328479, 6117004.724923656322062 ], [ 282148.467623622971587, 6117004.684812195599079 ], [ 282148.467316764697898, 6117004.644533900544047 ], [ 282148.410656300897244, 6117004.097961672581732 ], [ 282148.383008620177861, 6117003.610920747742057 ], [ 282148.323496250028256, 6117003.237218985334039 ], [ 282148.282243131892756, 6117002.822878998704255 ], [ 282148.274304839607794, 6117002.78265436552465 ], [ 282148.270080360292923, 6117002.741903144866228 ], [ 282148.148957207624335, 6117002.141219151206315 ], [ 282148.064771665027365, 6117001.612584758549929 ], [ 282147.981123599631246, 6117001.297056790441275 ], [ 282147.912158510123845, 6117000.947599336504936 ], [ 282147.900218697090168, 6117000.907654480077326 ], [ 282147.891984082292765, 6117000.866816694848239 ], [ 282147.694941346824635, 6117000.217551792040467 ], [ 282147.54623905493645, 6116999.656633476726711 ], [ 282147.449701980862301, 6116999.400442813523114 ], [ 282147.36474377970444, 6116999.116213643923402 ], [ 282147.348785159934778, 6116999.076951188966632 ], [ 282147.336486477637663, 6116999.036426463164389 ], [ 282147.05185224825982, 6116998.344626817852259 ], [ 282146.832718776888214, 6116997.763089102692902 ], [ 282146.734470809344202, 6116997.565574260428548 ], [ 282146.644999076670501, 6116997.34544996637851 ], [ 282146.625045257736929, 6116997.307278199121356 ], [ 282146.608668830012903, 6116997.267475512810051 ], [ 282146.223748860124033, 6116996.538833779282868 ], [ 282145.931514819501899, 6116995.951335004530847 ], [ 282145.842406012001447, 6116995.8100849352777 ], [ 282145.759498614585027, 6116995.651482619345188 ], [ 282145.735614989884198, 6116995.614811289124191 ], [ 282145.715188680391293, 6116995.576144909486175 ], [ 282145.217989499797113, 6116994.820040156133473 ], [ 282145.212836084479932, 6116994.81212751287967 ], [ 282144.851852405525278, 6116994.239917300641537 ], [ 282144.782164339732844, 6116994.150866664946079 ], [ 282144.716330635477789, 6116994.049784456379712 ], [ 282144.688624867005274, 6116994.015020496211946 ], [ 282144.664218928373884, 6116993.977905699983239 ], [ 282144.097421032201964, 6116993.2732043415308 ], [ 282143.981980456970632, 6116993.128354665823281 ], [ 282143.604783557297196, 6116992.646355009637773 ], [ 282143.564007574110292, 6116992.60390096809715 ], [ 282143.52502353064483, 6116992.554985532537103 ], [ 282143.493645561742596, 6116992.522528664208949 ], [ 282143.465373072773218, 6116992.487377402372658 ], [ 282142.834249040926807, 6116991.840459472499788 ], [ 282142.294868384022266, 6116991.282532766461372 ], [ 282142.203073961951304, 6116991.186960719525814 ], [ 282142.199708896514494, 6116991.184101318009198 ], [ 282142.196458807680756, 6116991.180739478208125 ], [ 282142.16160044138087, 6116991.150977821089327 ], [ 282142.129617274389602, 6116991.118194274604321 ], [ 282141.440021578629967, 6116990.534902404993773 ], [ 282140.742771697870921, 6116989.939598782919347 ], [ 282140.704665716155432, 6116989.912904473952949 ], [ 282140.669170045352075, 6116989.882880597375333 ], [ 282140.664854474016465, 6116989.87988743185997 ], [ 282140.661072295100894, 6116989.87667359597981 ], [ 282140.539243903534953, 6116989.792767282575369 ], [ 282139.927484836953226, 6116989.368467470631003 ], [ 282139.177240311633795, 6116988.842900137417018 ], [ 282139.136159111920279, 6116988.819625001400709 ], [ 282139.097390483424533, 6116988.792736112140119 ], [ 282139.042958894162439, 6116988.762237715534866 ], [ 282138.994563339685556, 6116988.728906465694308 ], [ 282138.455773325578775, 6116988.433233572170138 ], [ 282138.310466490278486, 6116988.351817145943642 ], [ 282137.514164355408866, 6116987.900660887360573 ], [ 281975.376158151193522, 6116906.015393770299852 ], [ 281951.811048430972733, 6116859.50947555154562 ], [ 281951.082667799375486, 6116858.196678536944091 ], [ 281950.926324077590834, 6116857.958892904222012 ], [ 281950.83020208257949, 6116857.790427893400192 ], [ 281950.632677715911996, 6116857.51228151936084 ], [ 281950.257862098282203, 6116856.942218533717096 ], [ 281852.131615374819376, 6116719.251609544269741 ], [ 281850.912295895337593, 6116717.707423035986722 ], [ 281849.54714748513652, 6116716.290517329238355 ], [ 281731.865406376833562, 6116605.600673973560333 ], [ 281754.504323545610532, 6116566.297180469147861 ], [ 281755.411757832916919, 6116564.522847795858979 ], [ 281756.138102297962178, 6116562.667014521546662 ], [ 281756.676144896831829, 6116560.748107649385929 ], [ 281757.020543278893456, 6116558.785180453211069 ], [ 281757.167877832252998, 6116556.797723296098411 ], [ 281757.11668563762214, 6116554.805470104329288 ], [ 281756.867474994272925, 6116552.828202424570918 ], [ 281732.570756450935733, 6116415.586286704055965 ], [ 281739.052389694144949, 6116369.666669306345284 ], [ 281739.172586077649612, 6116368.614539911970496 ], [ 281743.587742840056308, 6116318.15142550971359 ], [ 281743.663061354833189, 6116316.229951307177544 ], [ 281741.867638848954812, 6116114.820232282392681 ], [ 281741.712452982028481, 6116112.505542951636016 ], [ 281741.290272313810419, 6116110.224395689554513 ], [ 281729.694385476934258, 6116063.050533923320472 ], [ 281729.158708038565237, 6116061.243394852615893 ], [ 281728.455288344295695, 6116059.494708866812289 ], [ 281727.590373995422851, 6116057.820007368922234 ], [ 281726.571646949101705, 6116056.234164644032717 ], [ 281725.408155289303977, 6116054.751265761442482 ], [ 281724.110232863633428, 6116053.384481462650001 ], [ 281722.689407500962261, 6116052.145951192826033 ], [ 281721.158298623631708, 6116051.046675274148583 ], [ 281409.38327427720651, 6115848.763273793272674 ], [ 281389.807799954200163, 6115796.229151322506368 ], [ 281374.46847861079732, 6115574.13134400267154 ], [ 281374.236268702894449, 6115572.1760019576177 ], [ 281373.812906180915888, 6115570.252970983274281 ], [ 281373.20249478664482, 6115568.380891421809793 ], [ 281372.410951365833171, 6115566.577909734100103 ], [ 281371.445948514912743, 6115564.861502599902451 ], [ 281370.316840209183283, 6115563.248307513073087 ], [ 281369.034571132331621, 6115561.753961512818933 ], [ 281367.611570587672759, 6115560.392949608154595 ], [ 281366.061632018187083, 6115559.178464373573661 ], [ 281364.3997793039307, 6115558.122278069145977 ], [ 281157.670377396396361, 6115440.606050013564527 ], [ 281156.119948833016679, 6115439.811962381005287 ], [ 281154.50630345987156, 6115439.155797380022705 ], [ 281152.841682406258769, 6115438.642532684840262 ], [ 281151.138713503838517, 6115438.276061927899718 ], [ 281034.183744131587446, 6115418.392519053071737 ], [ 281038.972838910238352, 6115365.442959977313876 ], [ 281039.052353764942382, 6115363.373656315729022 ], [ 281038.917470819491427, 6115361.307222952134907 ], [ 281038.569636133674067, 6115359.265813810750842 ], [ 281038.01257879124023, 6115357.271314531564713 ], [ 281037.25227092084242, 6115355.345107845962048 ], [ 281036.29686366947135, 6115353.507844327017665 ], [ 281035.156599815643858, 6115351.779221002012491 ], [ 281033.843703957798425, 6115350.177770184352994 ], [ 281032.372251456428785, 6115348.720660788938403 ], [ 280750.588527675427031, 6115097.203046277165413 ], [ 280741.776039602351375, 6114945.767716936767101 ], [ 280741.702787904941943, 6114945.065685072913766 ], [ 280741.659124820143916, 6114944.479097405448556 ], [ 280741.614947374502663, 6114944.223836303688586 ], [ 280741.585822565713897, 6114943.944709068164229 ], [ 280741.434426820895169, 6114943.180772932246327 ], [ 280741.328177944815252, 6114942.566857736557722 ], [ 280741.273034992220346, 6114942.366397004574537 ], [ 280741.229509824188426, 6114942.146770959720016 ], [ 280740.985054158023559, 6114941.319502596743405 ], [ 280740.813456617237534, 6114940.695695438422263 ], [ 280740.75756859453395, 6114940.549663171172142 ], [ 280740.710093995265197, 6114940.38900322560221 ], [ 280740.351046748401131, 6114939.487444398924708 ], [ 280740.119807178678457, 6114938.883228378370404 ], [ 280740.073175687750336, 6114938.789716983214021 ], [ 280740.031937574851327, 6114938.686169093474746 ], [ 280739.510383366025053, 6114937.661134255118668 ], [ 280739.253760661755223, 6114937.146521776914597 ], [ 280739.225963726115879, 6114937.102151057682931 ], [ 280739.200736297294497, 6114937.052570413798094 ], [ 280738.22347129782429, 6114935.501927536912262 ], [ 280599.218640756094828, 6114735.848453489132226 ], [ 280598.991786223486997, 6114735.529328517615795 ], [ 280417.502310891635716, 6114485.441558730788529 ], [ 280417.239301303226966, 6114485.087420941330492 ], [ 280325.725222185545135, 6114364.662898918613791 ], [ 280324.427403018402401, 6114363.122695761732757 ], [ 280322.981256027705967, 6114361.720832988619804 ], [ 280321.401447169948369, 6114360.471527449786663 ], [ 280319.703997920150869, 6114359.387448855675757 ], [ 280317.906122791522648, 6114358.479591280221939 ], [ 280316.026054756599478, 6114357.757161672227085 ], [ 280314.082860339025501, 6114357.227486479096115 ], [ 280312.09624625230208, 6114356.895937350578606 ], [ 280310.086359546286985, 6114356.7658766573295 ], [ 280308.073583287885413, 6114356.838623397983611 ], [ 280097.73156219359953, 6114375.078792129643261 ], [ 280095.784600726794451, 6114375.344520258717239 ], [ 280093.873112860717811, 6114375.800024956464767 ], [ 280092.015550524229184, 6114376.440909156575799 ], [ 280090.229845093446784, 6114377.260986290872097 ], [ 280088.533234297297895, 6114378.252340010367334 ], [ 279790.447850242548157, 6114572.676704650744796 ], [ 279789.880003131343983, 6114573.061114500276744 ], [ 279563.627208295220044, 6114731.948694317601621 ], [ 279445.797836690908298, 6114802.523918274790049 ], [ 279444.081216365098953, 6114803.676707427017391 ], [ 279442.492797026003245, 6114805.000577578321099 ], [ 279441.049557717517018, 6114806.481377521529794 ], [ 279439.766925614792854, 6114808.103278585709631 ], [ 279438.658611119317356, 6114809.848943831399083 ], [ 279437.736461304419208, 6114811.699713371694088 ], [ 279437.010333278856706, 6114813.635803830809891 ], [ 279436.487988821463659, 6114815.636519812978804 ], [ 279436.175011413462926, 6114817.680475124157965 ], [ 279420.94684263545787, 6114969.110139491036534 ], [ 279420.94331101764692, 6114969.191369051113725 ], [ 279420.930177707283292, 6114969.283428686670959 ], [ 279420.847257244167849, 6114971.288211671635509 ], [ 279420.85007420781767, 6114971.335877740755677 ], [ 279420.848250688752159, 6114971.377819892950356 ], [ 279420.875417926174123, 6114971.764720845967531 ], [ 279420.965630436432548, 6114973.291214019060135 ], [ 279420.995768307766411, 6114973.478685231879354 ], [ 279421.007240606762934, 6114973.642067446373403 ], [ 279421.117205544142053, 6114974.234079855494201 ], [ 279421.284105848753825, 6114975.272275358438492 ], [ 279421.370266283804085, 6114975.596469555050135 ], [ 279421.421764561731834, 6114975.87371810618788 ], [ 279493.624357098480687, 6115270.369958651252091 ], [ 279494.227659107011277, 6115272.371753984130919 ], [ 279495.036639481957536, 6115274.299630696885288 ], [ 279496.042457770963665, 6115276.132521156221628 ], [ 279497.234122497553471, 6115277.850395728833973 ], [ 279585.13613398122834, 6115391.399511498399079 ], [ 279687.784846414171625, 6115594.361102644354105 ], [ 279616.978315621789079, 6116117.75091115385294 ], [ 279616.922443654912058, 6116118.39514235034585 ], [ 279616.850662260432728, 6116118.978612631559372 ], [ 279616.84856000484433, 6116119.069702596403658 ], [ 279616.838767719746102, 6116119.152261269278824 ], [ 279589.703410720394459, 6116542.301174441352487 ], [ 279589.7019551130943, 6116542.402864400297403 ], [ 279589.691095345362555, 6116542.510376802645624 ], [ 279589.690023648028728, 6116542.676413642242551 ], [ 279589.675290171348024, 6116542.863541197031736 ], [ 279589.681755872268695, 6116543.814000464044511 ], [ 279589.674953725654632, 6116544.289204184897244 ], [ 279589.679286117432639, 6116544.339966999366879 ], [ 279589.678937931545079, 6116544.393911040388048 ], [ 279589.686267538170796, 6116544.477216204628348 ], [ 279589.686902067915071, 6116544.570492199622095 ], [ 279589.844026409322396, 6116546.270235857926309 ], [ 279595.86718461610144, 6116590.659521737135947 ], [ 279596.170465100731235, 6116592.34765646327287 ], [ 279765.995668487390503, 6117349.474517488852143 ], [ 279766.519937181612477, 6117351.370038948953152 ], [ 279767.227840603212826, 6117353.204904616810381 ], [ 279768.112533575156704, 6117354.961371985264122 ], [ 279769.165461427590344, 6117356.622456632554531 ], [ 279770.376442718668841, 6117358.17209645640105 ], [ 279771.733767685364, 6117359.59530698414892 ], [ 279773.22431147278985, 6117360.878326270729303 ], [ 279774.833661046868656, 6117362.00874796975404 ], [ 279776.546254563494585, 6117362.975641302764416 ], [ 279778.345531845872756, 6117363.769656751304865 ], [ 279780.214094515831675, 6117364.38311646413058 ], [ 279882.143707501410972, 6117392.377103031612933 ], [ 279921.528493743448053, 6117502.497081324458122 ], [ 279922.321346611774061, 6117504.39876592811197 ], [ 279923.305638612189796, 6117506.208790584467351 ], [ 279924.470923896646127, 6117507.907946318387985 ], [ 279925.80483581678709, 6117509.478200754150748 ], [ 279927.293218165577855, 6117510.902889486402273 ], [ 279928.920275410986505, 6117512.166892936453223 ], [ 280166.823614138993435, 6117678.06786563899368 ], [ 280168.469488486996852, 6117679.100543866865337 ], [ 280168.498950671346392, 6117679.115256959572434 ], [ 280168.525945717061404, 6117679.132133794017136 ], [ 280169.087465858610813, 6117679.409155017696321 ], [ 280170.20780298236059, 6117679.968639142811298 ], [ 280170.269335817196406, 6117679.992220588959754 ], [ 280170.326398992212489, 6117680.020372224971652 ], [ 280171.005947038822342, 6117680.274514717049897 ], [ 280172.022150862263516, 6117680.663958108052611 ], [ 280172.117499320360366, 6117680.690221403725445 ], [ 280172.206831699237227, 6117680.72363059874624 ], [ 280172.931769739603624, 6117680.914508455432951 ], [ 280173.895407736767083, 6117681.179938121698797 ], [ 280174.025414766918402, 6117681.202467711642385 ], [ 280174.14829566021217, 6117681.234822534024715 ], [ 280174.887775395647623, 6117681.351910640485585 ], [ 280175.809893214143813, 6117681.511709201149642 ], [ 280175.974475059192628, 6117681.523977026343346 ], [ 280176.131227715988643, 6117681.548797005787492 ], [ 280176.866383768385276, 6117681.590459330007434 ], [ 280177.747537774092052, 6117681.656139985658228 ], [ 280177.945673465088475, 6117681.651624191552401 ], [ 280178.135646854178049, 6117681.662390249781311 ], [ 280178.852796843100805, 6117681.63094955869019 ], [ 280179.690053313504905, 6117681.611867292784154 ], [ 280179.919788492843509, 6117681.584171402268112 ], [ 280180.141355547762942, 6117681.574457644484937 ], [ 280180.829789109353442, 6117681.474465620703995 ], [ 280181.619105755526107, 6117681.379308981820941 ], [ 280181.87757078447612, 6117681.32227982301265 ], [ 280182.128143275564071, 6117681.28588524274528 ], [ 280182.779248963866848, 6117681.123328544199467 ], [ 280183.516488092194777, 6117680.960660010576248 ], [ 280286.516966975585092, 6117652.923998368903995 ], [ 280549.982668895856477, 6117690.502447951585054 ], [ 280494.625571073265746, 6117760.167890524491668 ], [ 280400.109580404881854, 6117808.529424054548144 ], [ 280016.108364500280004, 6117936.431523204781115 ], [ 280015.819907077704556, 6117936.543790273368359 ], [ 280015.518098581756931, 6117936.638436342589557 ], [ 280014.877333818178158, 6117936.910637955181301 ], [ 280014.258741025114432, 6117937.151393068023026 ], [ 280013.995601773494855, 6117937.285204250365496 ], [ 280013.718081648577936, 6117937.403096852824092 ], [ 280013.093173145316541, 6117937.74410592019558 ], [ 280012.489576249208767, 6117938.051046120002866 ], [ 280012.253067815152463, 6117938.202546689659357 ], [ 280012.001353465719149, 6117938.339905799366534 ], [ 280011.399644783639815, 6117938.749225188046694 ], [ 280010.818293436488602, 6117939.121622310951352 ], [ 280010.609219557605684, 6117939.28692121990025 ], [ 280010.384329244960099, 6117939.439905492588878 ], [ 280009.813203198078554, 6117939.916271170601249 ], [ 280009.261351879744325, 6117940.352578284218907 ], [ 280009.080014279694296, 6117940.527810493484139 ], [ 280008.882470837037545, 6117940.692577827721834 ], [ 280008.349268963735085, 6117941.233952608890831 ], [ 280007.834084805159364, 6117941.731791217811406 ], [ 280007.680297435028479, 6117941.913178120739758 ], [ 280007.510138886922505, 6117942.085944855585694 ], [ 280007.02208055369556, 6117942.689522245898843 ], [ 280006.550548365572467, 6117943.245678210631013 ], [ 280006.423658550484106, 6117943.429585403762758 ], [ 280006.280455518339295, 6117943.606683317571878 ], [ 280005.844558160111774, 6117944.268901999108493 ], [ 280005.423383211775217, 6117944.879330051131546 ], [ 280005.322299368330278, 6117945.062321646139026 ], [ 280005.205178861040622, 6117945.24025203846395 ], [ 280004.828181036922615, 6117945.956821682862937 ], [ 280004.463690003263764, 6117946.616658046841621 ], [ 280004.386915405688342, 6117946.79554683342576 ], [ 280004.294590621022508, 6117946.971030971035361 ], [ 279965.797075809969101, 6118029.728752923198044 ], [ 279586.799726399127394, 6118220.528520124033093 ], [ 279586.342654488107655, 6118220.78772940300405 ], [ 279585.843205915705767, 6118221.043083295226097 ], [ 279496.628770811599679, 6118272.207300148904324 ], [ 279195.611695894855075, 6118094.446298838593066 ], [ 279195.098881473997608, 6118094.174498370848596 ], [ 279194.698782191087957, 6118093.938864612951875 ], [ 279194.36771193909226, 6118093.78696593362838 ], [ 279193.984438827086706, 6118093.583824588917196 ], [ 279193.328394710086286, 6118093.310115739703178 ], [ 279192.843810533464421, 6118093.087783181108534 ], [ 279192.581476658873726, 6118092.9984932821244 ], [ 279192.284744631848298, 6118092.874693403951824 ], [ 279191.458281363884453, 6118092.616194218397141 ], [ 279190.911761577590369, 6118092.430176698602736 ], [ 279190.729813935584389, 6118092.388345934450626 ], [ 279190.527025982504711, 6118092.324918407946825 ], [ 279189.456332303700037, 6118092.095565498806536 ], [ 279188.922754036379047, 6118091.972892918623984 ], [ 279188.829369270824827, 6118091.961263972334564 ], [ 279188.726187574677169, 6118091.939161458052695 ], [ 279186.897499740996864, 6118091.720693605951965 ], [ 279087.0316840839223, 6118084.433084258809686 ], [ 279086.857841296296101, 6118084.421159359626472 ], [ 278638.674396789749153, 6118055.638653661124408 ], [ 278636.659749952843413, 6118055.610970573499799 ], [ 278634.652541056042537, 6118055.786129574291408 ], [ 278632.673141103121452, 6118056.162352988496423 ], [ 278630.741638866835274, 6118056.735822553746402 ], [ 278218.50734804617241, 6118202.097284314222634 ], [ 278216.725005739019252, 6118202.82398168835789 ], [ 278215.02077366434969, 6118203.718647105619311 ], [ 278213.410436561098322, 6118204.772994101047516 ], [ 278211.908909505116753, 6118205.97725722566247 ], [ 278210.530099764408078, 6118207.320282494649291 ], [ 278209.286777989240363, 6118208.789630696177483 ], [ 278208.190459928999189, 6118210.371692605316639 ], [ 278207.251299772411585, 6118212.051815032958984 ], [ 278206.477996098808944, 6118213.814436547458172 ], [ 278205.877711310924497, 6118215.643231600522995 ], [ 278205.456005296262447, 6118217.521261741407216 ], [ 278205.216783930896781, 6118219.43113249912858 ], [ 278205.162262902886141, 6118221.355154492892325 ], [ 278205.29294719058089, 6118223.275507270358503 ], [ 278245.820842014218215, 6118570.825684289447963 ], [ 278228.941303909523413, 6118583.535800450481474 ], [ 278227.586584165459499, 6118584.652338776737452 ], [ 278226.334995342069305, 6118585.883374453522265 ], [ 278225.196180691418704, 6118587.219422585330904 ], [ 277996.539542484446429, 6118880.645605683326721 ], [ 277995.361745507572778, 6118882.328658064827323 ], [ 277994.362802147632465, 6118884.123646422289312 ], [ 277993.553250935219694, 6118886.011634206399322 ], [ 277992.941632374655455, 6118887.972703755833209 ], [ 277992.534398844465613, 6118889.986166417598724 ], [ 277992.335846527188551, 6118892.03078081086278 ], [ 277992.348070085747167, 6118894.0849769115448 ], [ 277992.570940565434285, 6118896.127083615399897 ], [ 278057.826481879747007, 6119300.267756282351911 ], [ 278045.696879284863826, 6119328.632998386397958 ], [ 277826.081695863045752, 6119658.834546143189073 ], [ 277825.106518242042512, 6119660.463485360145569 ], [ 277824.290189491410274, 6119662.177551208995283 ], [ 277823.640065579151269, 6119663.961298181675375 ], [ 277823.162004795100074, 6119665.798652870580554 ], [ 277822.86031496222131, 6119667.673058805055916 ], [ 277822.737714618328027, 6119669.56762564741075 ], [ 277822.795308519620448, 6119671.465281386859715 ], [ 277823.032577685371507, 6119673.348926180973649 ], [ 277823.447384074563161, 6119675.201586436480284 ], [ 277824.035989851981867, 6119677.00656776688993 ], [ 277902.003164945519529, 6119882.454770068638027 ], [ 277752.944135917001404, 6120265.735442207194865 ], [ 277646.219641881471034, 6120532.477671126835048 ], [ 277352.332089341944084, 6120625.560149277560413 ], [ 277212.204936614667531, 6120539.26233063172549 ], [ 277210.549394006724469, 6120538.347787850536406 ], [ 277210.467977918568067, 6120538.312393083237112 ], [ 277210.397058830829337, 6120538.273607645183802 ], [ 277209.86774713313207, 6120538.051449216902256 ], [ 277208.814864827727433, 6120537.59371997974813 ], [ 277208.645323993114289, 6120537.538383656181395 ], [ 277208.497044398041908, 6120537.476148942485452 ], [ 277207.902596161467955, 6120537.295965194702148 ], [ 277207.902596145810094, 6120537.295965190045536 ], [ 277207.016861014999449, 6120537.00687066745013 ], [ 277206.754411342262756, 6120536.947937844321132 ], [ 277206.525061946944334, 6120536.878419539891183 ], [ 277205.942885140655562, 6120536.765710413455963 ], [ 277205.17146216070978, 6120536.592488121241331 ], [ 277204.813199123193044, 6120536.547003787942231 ], [ 277204.502044047752861, 6120536.48676432762295 ], [ 277203.964425129932351, 6120536.439245200715959 ], [ 277203.964425127429422, 6120536.439245200715959 ], [ 277203.295171712175943, 6120536.354278173297644 ], [ 277202.83990060549695, 6120536.339850588701665 ], [ 277202.449465011362918, 6120536.305340719409287 ], [ 277201.974493648856878, 6120536.312425759620965 ], [ 277201.404769380926155, 6120536.294371143914759 ], [ 277200.852612948860042, 6120536.32916060090065 ], [ 277200.389112939708866, 6120536.336074526421726 ], [ 277199.987747626379132, 6120536.38365275785327 ], [ 277199.517161081545055, 6120536.413302780129015 ], [ 277198.868700982071459, 6120536.516305627301335 ], [ 277198.342858445364982, 6120536.578639509156346 ], [ 277198.021257808490191, 6120536.650915389880538 ], [ 277197.649227741349023, 6120536.710009474307299 ], [ 277196.903472877165768, 6120536.902124128304422 ], [ 277196.33242249552859, 6120537.030460842885077 ], [ 277196.092918050533626, 6120537.110931963659823 ], [ 277195.817674334044568, 6120537.181837772019207 ], [ 277194.966291774821002, 6120537.489467233419418 ], [ 277194.966291773947887, 6120537.489467233419418 ], [ 277194.37914584367536, 6120537.686742450110614 ], [ 277194.220744115067646, 6120537.758855444379151 ], [ 277194.038880486856215, 6120537.824568101204932 ], [ 277193.043355607427657, 6120538.294866076670587 ], [ 277192.50376249832334, 6120538.540517908520997 ], [ 277064.257219908526167, 6120605.103720545768738 ], [ 277000.015056528907735, 6120486.756674167700112 ], [ 276999.080997414886951, 6120485.207441733218729 ], [ 276998.010772315727081, 6120483.748947372660041 ], [ 276996.813137244957034, 6120482.393123710528016 ], [ 276995.497890616650693, 6120481.151063377968967 ], [ 276994.075793080090079, 6120480.03292825166136 ], [ 276780.607384446426295, 6120327.292767539620399 ], [ 276779.023611328273546, 6120326.268885605037212 ], [ 276777.35043911729008, 6120325.398732596077025 ], [ 276775.602745123207569, 6120324.690045634284616 ], [ 276773.796069279778749, 6120324.149126136675477 ], [ 276771.946475968055893, 6120323.780783785507083 ], [ 276770.070411177759524, 6120323.588293761946261 ], [ 276768.184556274325587, 6120323.573367626406252 ], [ 276766.305679673678242, 6120323.736138097010553 ], [ 276764.450487743073609, 6120324.075157870538533 ], [ 276498.779695336241275, 6120385.695378174073994 ], [ 276497.004930077993777, 6120386.194242790341377 ], [ 276495.283639694331214, 6120386.854407195933163 ], [ 276493.630449376825709, 6120387.670262208208442 ], [ 276492.059405695297755, 6120388.634875797666609 ], [ 276490.583857248653658, 6120389.740051986649632 ], [ 276489.216341246792581, 6120390.976400486193597 ], [ 276219.551844303321559, 6120658.37091379519552 ], [ 276128.328722629870754, 6120543.741106207482517 ], [ 276264.336411417403724, 6120462.757923395372927 ], [ 276266.050674116879236, 6120461.613592389039695 ], [ 276267.638060515921097, 6120460.298908215947449 ], [ 276269.081711816950701, 6120458.827833446674049 ], [ 276270.366295757237822, 6120457.215991594828665 ], [ 276388.58342507656198, 6120292.092266459017992 ], [ 276389.666780878091231, 6120290.406621464528143 ], [ 276390.576030038122553, 6120288.621033380739391 ], [ 276391.302045834425371, 6120286.753425310365856 ], [ 276391.837540776701644, 6120284.822543644346297 ], [ 276392.177139755629469, 6120282.8477698918432 ], [ 276392.317433996533509, 6120280.848926135338843 ], [ 276392.257015275361482, 6120278.846076061017811 ], [ 276391.996490053890739, 6120276.859323573298752 ], [ 276391.538473392371088, 6120274.908610991202295 ], [ 276390.887562700430863, 6120273.013518879190087 ], [ 276130.625774362648372, 6119623.218265167437494 ], [ 276129.662241620593704, 6119621.159912428818643 ], [ 276128.471405838208739, 6119619.22416412923485 ], [ 276127.068644311570097, 6119617.436016640625894 ], [ 275843.141360525798518, 6119295.049934349954128 ], [ 275841.771466611186042, 6119293.640598693862557 ], [ 275840.269858458894305, 6119292.372525632381439 ], [ 275838.651037235453259, 6119291.257961064577103 ], [ 275836.930636044533458, 6119290.307668440043926 ], [ 275835.125268956588116, 6119289.530824821442366 ], [ 275833.252370565605816, 6119288.934932257980108 ], [ 275831.330027621414047, 6119288.525745337828994 ], [ 275829.376804364495911, 6119288.307215617969632 ], [ 275827.411563249246683, 6119288.281453457660973 ], [ 275825.453282787522767, 6119288.448707645758986 ], [ 275823.520874271634966, 6119288.807362992316484 ], [ 275821.632999146182556, 6119289.353955931030214 ], [ 275819.807888792653102, 6119290.083207963965833 ], [ 275818.063168467546348, 6119290.988076638430357 ], [ 275627.217167220776901, 6119402.192897238768637 ], [ 275613.571910089754965, 6119303.393698553554714 ], [ 275613.054113203717861, 6119300.863442410714924 ], [ 275473.785769274632912, 6118790.645706272684038 ], [ 275473.171966910595074, 6118788.767639246769249 ], [ 275472.375849603617098, 6118786.959301244467497 ], [ 275471.405187237949576, 6118785.238341144286096 ], [ 275470.269453209068161, 6118783.62155503872782 ], [ 275468.979731966275722, 6118782.12472231220454 ], [ 275467.54861083131982, 6118780.762451636604965 ], [ 275465.990057149669155, 6118779.548038396053016 ], [ 275464.319281973061152, 6118778.493334928527474 ], [ 275462.552591604064219, 6118777.608634846284986 ], [ 275460.707228450803086, 6118776.902572576887906 ], [ 275458.801202746049967, 6118776.382039091549814 ], [ 275456.85311677219579, 6118776.052114654332399 ], [ 275454.881983308237977, 6118775.916019235737622 ], [ 275452.907040070160292, 6118775.97508108895272 ], [ 275450.947561956534628, 6118776.228723786771297 ], [ 275449.022672930441331, 6118776.674471846781671 ], [ 275447.151159374974668, 6118777.307974890805781 ], [ 275445.351286743709352, 6118778.123050106689334 ], [ 275074.523887860879768, 6118968.659790235571563 ], [ 275072.725493890116923, 6118969.705470092594624 ], [ 275071.045447918528225, 6118970.932300467975438 ], [ 275069.501926645811182, 6118972.327008078806102 ], [ 275068.111629688122775, 6118973.874503347091377 ], [ 275066.889598901907448, 6118975.558043663389981 ], [ 275065.849055643891916, 6118977.359414520673454 ], [ 274988.898341052234173, 6119128.180134418420494 ], [ 274953.967489556176588, 6118887.042900931090117 ], [ 274953.894987895095255, 6118886.673205473460257 ], [ 274953.840215224947315, 6118886.271015027537942 ], [ 274953.693862847052515, 6118885.647642535157502 ], [ 274953.584325879754033, 6118885.089099205099046 ], [ 274953.487257813685574, 6118884.767630220390856 ], [ 274953.404991716204677, 6118884.417226469144225 ], [ 274953.183672716899309, 6118883.762220339849591 ], [ 274953.008799161470961, 6118883.183075967244804 ], [ 274952.89604634931311, 6118882.91097379475832 ], [ 274952.896046348847449, 6118882.910973793826997 ], [ 274952.795442364469636, 6118882.613230596296489 ], [ 274952.49100209219614, 6118881.933495536446571 ], [ 274952.246613094874192, 6118881.343720648437738 ], [ 274952.127003083121963, 6118881.120781481266022 ], [ 274952.017092660651542, 6118880.875380413606763 ], [ 274951.621227520285174, 6118880.178074584342539 ], [ 274951.305321240448393, 6118879.589261976070702 ], [ 274951.187445412040688, 6118879.41397903393954 ], [ 274951.187445411342196, 6118879.413979033008218 ], [ 274951.076998250558972, 6118879.219429320655763 ], [ 274950.580387569789309, 6118878.511275856755674 ], [ 274950.194252166547813, 6118877.937087318859994 ], [ 274950.086293405445758, 6118877.806710877455771 ], [ 274949.983680976030882, 6118877.660388315096498 ], [ 274949.373702026263345, 6118876.94614961091429 ], [ 274948.924416999798268, 6118876.403570367954671 ], [ 274948.833988421596587, 6118876.314186253584921 ], [ 274948.747051625687163, 6118876.212389913387597 ], [ 274948.000706887629349, 6118875.490529246628284 ], [ 274947.508400300750509, 6118875.003908875398338 ], [ 274947.442396602360532, 6118874.950534504838288 ], [ 274947.37832009466365, 6118874.888560046441853 ], [ 274946.431282036064658, 6118874.132889359258115 ], [ 274945.960235345643014, 6118873.751974028535187 ], [ 274945.924698346178047, 6118873.728670709766448 ], [ 274945.889893768471666, 6118873.700899071060121 ], [ 274944.295265051478054, 6118872.660172990523279 ], [ 274930.429797259741463, 6118864.524805434979498 ], [ 274928.718284309492446, 6118863.628777554258704 ], [ 274928.65852305869339, 6118863.604514884762466 ], [ 274928.604978954070248, 6118863.576695288531482 ], [ 274928.04468946083216, 6118863.355302537791431 ], [ 274926.928306163928937, 6118862.902058364823461 ], [ 274926.804392375808675, 6118862.865211635828018 ], [ 274926.692449957772624, 6118862.820978716947138 ], [ 274926.044345142145175, 6118862.639205679297447 ], [ 274925.076563956972677, 6118862.351428415626287 ], [ 274924.885749141336419, 6118862.314255903474987 ], [ 274924.712429884297308, 6118862.265645297244191 ], [ 274924.054310490202624, 6118862.15228386875242 ], [ 274923.180335103184916, 6118861.982025280594826 ], [ 274922.921557690366171, 6118861.957166574895382 ], [ 274922.685851875692606, 6118861.916566118597984 ], [ 274922.050129231880419, 6118861.873455313965678 ], [ 274922.05012922862079, 6118861.873455313965678 ], [ 274921.25731209362857, 6118861.797295622527599 ], [ 274920.931209977774415, 6118861.797577083110809 ], [ 274920.634141293121502, 6118861.777431709691882 ], [ 274920.039470537565649, 6118861.798346748575568 ], [ 274919.325437418126967, 6118861.798963034525514 ], [ 274918.934325313253794, 6118861.837215576320887 ], [ 274918.578989204019308, 6118861.849713027477264 ], [ 274918.037498575169593, 6118861.924929309636354 ], [ 274917.40273615589831, 6118861.987011959776282 ], [ 274916.950542457401752, 6118862.075914004817605 ], [ 274916.542123060033191, 6118862.132645898498595 ], [ 274916.061790112347808, 6118862.250644218176603 ], [ 274915.507147794880439, 6118862.359687834978104 ], [ 274914.999300900788512, 6118862.51165471598506 ], [ 274914.545076990441885, 6118862.623239104636014 ], [ 274914.130702503665816, 6118862.771572007797658 ], [ 274913.65635885001393, 6118862.913513460196555 ], [ 274913.099603508133441, 6118863.140672694891691 ], [ 274912.608964139129966, 6118863.316306003369391 ], [ 274912.262651534983888, 6118863.482153692282736 ], [ 274911.867637841613032, 6118863.643321446143091 ], [ 274911.269738673581742, 6118863.957655597478151 ], [ 274910.754253452818375, 6118864.204519360326231 ], [ 274266.800288979313336, 6119214.37401308119297 ], [ 274053.325027821119875, 6119310.573497940786183 ], [ 274019.667652114003431, 6119143.25654926430434 ], [ 274019.163369334419258, 6119141.278108423575759 ], [ 274018.460008570691571, 6119139.361389111727476 ], [ 274017.564899772638455, 6119137.526366080157459 ], [ 274016.487371158436872, 6119135.792162698693573 ], [ 274015.238652001891751, 6119134.176851660013199 ], [ 274013.831755609076936, 6119132.697266642935574 ], [ 274012.281343702110462, 6119131.368826880119741 ], [ 273761.147495032753795, 6118937.514214084483683 ], [ 273549.585748971963767, 6118737.48872797191143 ], [ 273547.730716773134191, 6118735.936171762645245 ], [ 273148.959547744074371, 6118441.288089432753623 ], [ 273147.331650459207594, 6118440.204148360528052 ], [ 273147.279704231885262, 6118440.176466698758304 ], [ 273147.23347926227143, 6118440.14587770216167 ], [ 273146.689238977152854, 6118439.861813249066472 ], [ 273145.605667125433683, 6118439.28438787534833 ], [ 273145.496675675851293, 6118439.23935869988054 ], [ 273145.398606197035406, 6118439.188171653077006 ], [ 273144.756181706383359, 6118438.933427976444364 ], [ 273143.798102362605277, 6118438.537603136152029 ], [ 273143.628463318513241, 6118438.486248373053968 ], [ 273143.474579855450429, 6118438.42522822227329 ], [ 273142.808790422859602, 6118438.238109108991921 ], [ 273141.926240908505861, 6118437.970935231074691 ], [ 273141.693916452408303, 6118437.924775466322899 ], [ 273141.482006367470603, 6118437.865218457765877 ], [ 273140.825146582559682, 6118437.752162504009902 ], [ 273140.007982334471308, 6118437.589802889153361 ], [ 273139.712539989559446, 6118437.560665319673717 ], [ 273139.44222599605564, 6118437.514140008017421 ], [ 273138.81380546715809, 6118437.472028941847384 ], [ 273138.061669881804846, 6118437.397850668989122 ], [ 273137.704294348368421, 6118437.397679530084133 ], [ 273137.377084585314151, 6118437.375752887688577 ], [ 272940.585298112651799, 6118434.395410748198628 ], [ 272938.660909734317102, 6118434.458959922194481 ], [ 272936.751550139975734, 6118434.70726430695504 ], [ 272934.874915795284323, 6118435.13802255038172 ], [ 272933.048399859282654, 6118435.747242268174887 ], [ 272931.288930979964789, 6118436.529277043417096 ], [ 272929.612816394888796, 6118437.476878766901791 ], [ 272762.832967388618272, 6118542.670368967577815 ], [ 272762.462240811495576, 6118542.90995729714632 ], [ 272675.714189009857364, 6118600.339287264272571 ], [ 272571.176314951560926, 6118637.543554175645113 ], [ 272569.416044807177968, 6118638.266098489053547 ], [ 272567.732406043563969, 6118639.152654623612761 ], [ 272566.140638206328731, 6118640.195197869092226 ], [ 272564.655149266822264, 6118641.384291590191424 ], [ 272563.289385206997395, 6118642.709172640927136 ], [ 272562.055708313011564, 6118644.157848791219294 ], [ 272560.965285276703071, 6118645.717207270674407 ], [ 272560.027986120257992, 6118647.373133463785052 ], [ 272559.252294856822118, 6118649.110638666898012 ], [ 272558.645232697075699, 6118650.913995758630335 ], [ 272558.212294496421237, 6118652.766881556250155 ], [ 272557.957399017992429, 6118654.652524566277862 ], [ 272557.88285346183693, 6118656.553856790065765 ], [ 272557.989332580938935, 6118658.453668219037354 ], [ 272558.275872573954985, 6118660.334762607701123 ], [ 272558.739879808854312, 6118662.180113130249083 ], [ 272716.068987065693364, 6119181.941063900478184 ], [ 272716.292362178966869, 6119182.591116170398891 ], [ 272716.392993603891227, 6119182.919756481423974 ], [ 272716.464066381566226, 6119183.090798991732299 ], [ 272716.550593720807228, 6119183.342605437152088 ], [ 272717.134659706032835, 6119184.704637218266726 ], [ 272750.675188923429232, 6119255.551749336533248 ], [ 272751.645969853561837, 6119257.356873265467584 ], [ 272752.796399809943978, 6119259.053163019940257 ], [ 272754.114396723918617, 6119260.6228037904948 ], [ 273059.101465694606304, 6119588.177795848809183 ], [ 273060.423642850189935, 6119589.472206609323621 ], [ 273060.460834373254329, 6119589.502419889904559 ], [ 273060.493423475767486, 6119589.534176034852862 ], [ 273060.950594470195938, 6119589.900286340154707 ], [ 273061.859786610177252, 6119590.63888683449477 ], [ 273061.939536943100393, 6119590.69224828761071 ], [ 273062.010461613652296, 6119590.74904596991837 ], [ 273062.567888324381784, 6119591.112682180479169 ], [ 273063.397604834579397, 6119591.667850757017732 ], [ 273063.524296591524035, 6119591.736593218520284 ], [ 273063.638254285964649, 6119591.810933294706047 ], [ 273064.23507046472514, 6119592.122256396338344 ], [ 273065.023935138713568, 6119592.550291343592107 ], [ 273065.200891228800174, 6119592.626066994853318 ], [ 273065.361429783981293, 6119592.709810302592814 ], [ 273065.970341606240254, 6119592.955558923073113 ], [ 273066.724857551511377, 6119593.278655670583248 ], [ 273066.954281851532869, 6119593.352663971483707 ], [ 273067.163715671689715, 6119593.437188643962145 ], [ 273067.767268708674237, 6119593.614919433370233 ], [ 273068.485813658451661, 6119593.846709573641419 ], [ 273068.768748721398879, 6119593.909829445183277 ], [ 273069.028092451393604, 6119593.986199478618801 ], [ 273069.613288480963092, 6119594.09823748562485 ], [ 273070.291731208795682, 6119594.249591005034745 ], [ 273070.628034105815459, 6119594.292514396831393 ], [ 273070.936954283213709, 6119594.351658340543509 ], [ 273071.493523922632448, 6119594.402979572303593 ], [ 273072.127153121109586, 6119594.483851651661098 ], [ 273157.238682298455387, 6119601.364943534135818 ], [ 273359.987904834386427, 6119935.079855447635055 ], [ 273361.123018771584611, 6119936.751597606576979 ], [ 273362.421027413278352, 6119938.300267701037228 ], [ 273363.868680669576861, 6119939.710056886076927 ], [ 273365.451200876093935, 6119940.966574013233185 ], [ 273487.280967074970249, 6120028.03969556465745 ], [ 273488.509493752324488, 6120028.851126849651337 ], [ 273601.616349105606787, 6120097.715875847265124 ], [ 273597.799388896964956, 6120101.862957804463804 ], [ 273596.397604788304307, 6120103.565529361367226 ], [ 273471.393892464693636, 6120273.705243387259543 ], [ 273470.999543221318163, 6120274.301788969896734 ], [ 273470.627175016270485, 6120274.826732708141208 ], [ 273470.539224691630807, 6120274.982341907918453 ], [ 273470.435638842522167, 6120275.134529265575111 ], [ 273470.373853179335129, 6120275.248291688971221 ], [ 273470.301630105241202, 6120275.357546002604067 ], [ 273469.949198740359861, 6120276.026266036555171 ], [ 273469.618582139490172, 6120276.611221064813435 ], [ 273469.556682426249608, 6120276.752901666797698 ], [ 273469.480746755492873, 6120276.892717693932354 ], [ 273469.434502441785298, 6120277.002875274047256 ], [ 273469.378158515784889, 6120277.109784918837249 ], [ 273469.077616222260986, 6120277.849423521198332 ], [ 273468.797937905997969, 6120278.489571757614613 ], [ 273468.758220205490943, 6120278.613832567818463 ], [ 273468.706298362580128, 6120278.73751446697861 ], [ 273468.674218613945413, 6120278.842190427705646 ], [ 273468.632534969423432, 6120278.944774433970451 ], [ 273468.393923843628727, 6120279.75357027631253 ], [ 273468.1738624824211, 6120280.442054318264127 ], [ 273468.152038372936659, 6120280.546060334891081 ], [ 273468.120044044044334, 6120280.650457571260631 ], [ 273468.100541776919272, 6120280.748017601668835 ], [ 273468.072072431852575, 6120280.84451724216342 ], [ 273467.905549109971616, 6120281.720741314813495 ], [ 273467.752911247953307, 6120282.448159584775567 ], [ 273467.744367387495004, 6120282.529778867959976 ], [ 273467.72785080660833, 6120282.612403011880815 ], [ 273467.719163613975979, 6120282.701477565802634 ], [ 273467.702267837012187, 6120282.790380947291851 ], [ 273467.618365281145088, 6120283.733473802916706 ], [ 273467.539505935681518, 6120284.486815135926008 ], [ 273467.539403855567798, 6120284.544653013348579 ], [ 273467.533643568633124, 6120284.603716396726668 ], [ 273467.533870950690471, 6120284.683218403719366 ], [ 273467.526748173870146, 6120284.763280803337693 ], [ 273467.536909592570737, 6120285.745651116594672 ], [ 273467.537141229782719, 6120285.826640891842544 ], [ 273467.535888186073862, 6120286.536606635898352 ], [ 273467.539267372456379, 6120286.570026803761721 ], [ 273467.539365881122649, 6120286.604469430632889 ], [ 273503.851751890091691, 6120972.398785025812685 ], [ 273494.230637662520166, 6121081.644535816274583 ], [ 273494.15394186321646, 6121083.52820511162281 ], [ 273494.318186985270586, 6121108.974362630397081 ], [ 273485.535082617716398, 6121136.528162412345409 ], [ 273485.232333515537903, 6121137.575822649523616 ], [ 273447.703151082096156, 6121282.109692855738103 ], [ 273205.175914949155413, 6122121.381428023800254 ], [ 273204.920766625669785, 6122122.368389628827572 ], [ 273204.907233362318948, 6122122.413660096004605 ], [ 273111.502934900170658, 6122525.008342497982085 ], [ 273111.173188258253504, 6122526.794611803255975 ], [ 273111.006867698277347, 6122528.603431404568255 ], [ 273111.005345153273083, 6122530.419880842790008 ], [ 273111.168633182300255, 6122532.228976720944047 ], [ 273111.495384866953827, 6122534.015796301886439 ], [ 273111.982904921635054, 6122535.765600598417222 ], [ 273116.218367114721332, 6122548.669573748484254 ], [ 273116.929275026544929, 6122550.520354044623673 ], [ 273117.819934006314725, 6122552.291654229164124 ], [ 273118.881591597979423, 6122553.966067834757268 ], [ 273120.103814951318782, 6122555.527140490710735 ], [ 273121.474593345599715, 6122556.959531623870134 ], [ 273241.765842812601477, 6122670.785248398780823 ], [ 273015.608909669972491, 6122900.940631999634206 ], [ 273014.295942464377731, 6122902.415937063284218 ], [ 273013.13488128723111, 6122904.013543039560318 ], [ 273012.137047668918967, 6122905.717871641740203 ], [ 273011.312171504774597, 6122907.512303926981986 ], [ 273010.668296178570017, 6122909.379342351108789 ], [ 273010.211700131359976, 6122911.300781385973096 ], [ 273004.981105140584987, 6122939.420248609036207 ], [ 273004.809513510146644, 6122940.508700932376087 ], [ 273002.841815232299268, 6122955.700137336738408 ], [ 273002.684532407089137, 6122957.689371528103948 ], [ 273002.726255420828238, 6122959.684377728961408 ], [ 273002.96656894282205, 6122961.665296698920429 ], [ 273003.403080777614377, 6122963.612409425899386 ], [ 273004.031445678614546, 6122965.506333422847092 ], [ 273004.84540860215202, 6122967.328215667046607 ], [ 273005.836866973608267, 6122969.059920275583863 ], [ 273006.995951343793422, 6122970.6842090357095 ], [ 273026.942769627668895, 6122995.87709344457835 ], [ 273000.337317637051456, 6123026.975140762515366 ], [ 272999.12590235855896, 6123028.5419587707147 ], [ 272998.075391864113044, 6123030.220908844843507 ], [ 272997.196087579708546, 6123031.995527007617056 ], [ 272996.496612063434441, 6123033.848411151207983 ], [ 272982.033897809393238, 6123078.776466363109648 ], [ 272981.469069051556289, 6123080.938482357189059 ], [ 272976.094507572008297, 6123107.50033257715404 ], [ 272976.04645748261828, 6123107.745682234875858 ], [ 272948.62793959712144, 6123252.540540276095271 ], [ 272948.489053081138991, 6123253.368747404776514 ], [ 272927.183595907641575, 6123399.115151792764664 ], [ 272926.999626248434652, 6123400.981610207818449 ], [ 272926.991300410183612, 6123402.857094819657505 ], [ 272927.158691608346999, 6123404.725113031454384 ], [ 272927.500327841669787, 6123406.569237900897861 ], [ 272928.01320483640302, 6123408.373252601362765 ], [ 272928.692812465247698, 6123410.121293024159968 ], [ 272929.533174408541527, 6123411.797987288795412 ], [ 272930.526900708558969, 6123413.388590913265944 ], [ 272951.359165625181049, 6123443.493910303339362 ], [ 272953.146702314086724, 6123552.046710388734937 ], [ 272880.265874702017754, 6123871.906355431303382 ], [ 272880.249580788367894, 6123872.003232480026782 ], [ 272880.022654121683445, 6123873.156266301870346 ], [ 272849.474812859552912, 6124062.028749518096447 ], [ 272785.963772098883055, 6124409.954915011301637 ], [ 272785.697126433195081, 6124412.018254294060171 ], [ 272785.646271537814755, 6124414.098129936493933 ], [ 272785.811757722345646, 6124416.172035246156156 ], [ 272786.191794232290704, 6124418.217528135515749 ], [ 272786.782268627081066, 6124420.212473973631859 ], [ 272787.576791281520855, 6124422.135285108350217 ], [ 272788.56676452915417, 6124423.965154469013214 ], [ 272794.709655001759529, 6124434.030735114589334 ], [ 272795.914672932471149, 6124435.787458747625351 ], [ 272797.299706385761965, 6124437.406047166325152 ], [ 273054.869395066460129, 6124707.818318740464747 ], [ 273056.511236312158871, 6124709.358345455490053 ], [ 273093.381796569447033, 6124740.231914660893381 ], [ 273172.609852150664665, 6124890.539822766557336 ], [ 273026.90659708698513, 6125010.607901241630316 ], [ 273026.830094107135665, 6125010.677707521244884 ], [ 273026.744990679202601, 6125010.742507454007864 ], [ 272674.159305788052734, 6125307.574320070445538 ], [ 272672.776165149582084, 6125308.854852693155408 ], [ 272671.519716737908311, 6125310.259907571598887 ], [ 272670.401120459078811, 6125311.777004861272871 ], [ 272669.430311802192591, 6125313.392669546417892 ], [ 272668.615913591231219, 6125315.092551124282181 ], [ 272667.965159396349918, 6125316.861551067791879 ], [ 272667.483829284319654, 6125318.683956935070455 ], [ 272649.122738334932365, 6125404.374010817147791 ], [ 272649.090248764259741, 6125404.578815506771207 ], [ 272649.035288789717015, 6125404.805233030579984 ], [ 272648.883512091997545, 6125405.88202262762934 ], [ 272648.786008440016303, 6125406.496656945906579 ], [ 272648.780059959506616, 6125406.615970471873879 ], [ 272648.761552731972188, 6125406.747271194122732 ], [ 272648.69804702809779, 6125408.260970734059811 ], [ 272648.678991652152035, 6125408.643179952166975 ], [ 272648.680741122283507, 6125408.673468195833266 ], [ 272648.679343447147403, 6125408.706782686524093 ], [ 272648.789451468677726, 6125410.66492463182658 ], [ 272737.158676019345876, 6126247.397081477567554 ], [ 272683.632100331771653, 6126861.922760767862201 ], [ 272683.625842978886794, 6126862.081948800012469 ], [ 272683.606944777420722, 6126862.240909596905112 ], [ 272683.604248683375772, 6126862.35551380366087 ], [ 272683.591617815487552, 6126862.476270821876824 ], [ 272683.591249187884387, 6126862.502511686645448 ], [ 272683.588630037673283, 6126862.527868612669408 ], [ 272683.586256983457133, 6126862.761185376904905 ], [ 272683.569502321013715, 6126862.941662140190601 ], [ 272683.577329261985142, 6126863.316145315766335 ], [ 272683.557351432042196, 6126863.824384422041476 ], [ 272683.559653121628799, 6126863.865514560602605 ], [ 272683.558182917709928, 6126863.904939739964902 ], [ 272683.565153968695085, 6126864.017332242801785 ], [ 272683.562365403748117, 6126864.135867157019675 ], [ 272683.567327842349187, 6126864.205359671264887 ], [ 272683.566294592397753, 6126864.278911870904267 ], [ 272683.570287762384396, 6126864.331266237422824 ], [ 272683.569769495632499, 6126864.38222180493176 ], [ 272683.609691416204441, 6126864.864525753073394 ], [ 272683.616897557862103, 6126865.209306533448398 ], [ 272683.647537385753822, 6126865.435966102406383 ], [ 272683.663684279308654, 6126865.724503693170846 ], [ 272683.676096096634865, 6126865.806024289689958 ], [ 272683.680975399620365, 6126865.884692065417767 ], [ 272683.692162196501158, 6126865.95350284408778 ], [ 272683.69737736863317, 6126866.026534563861787 ], [ 272683.701435522525571, 6126866.050741711631417 ], [ 272683.703400895814411, 6126866.076509678736329 ], [ 272683.716443236917257, 6126866.154213821515441 ], [ 272683.722745330480393, 6126866.230350554920733 ], [ 272683.845947128138505, 6126866.925776903517544 ], [ 272683.852788193151355, 6126866.96653485391289 ], [ 272683.867514289857354, 6126867.063255596905947 ], [ 272683.920740957488306, 6126867.457002374343574 ], [ 272710.732642816321459, 6127006.048373024910688 ], [ 272707.195393532630987, 6127257.790683432482183 ], [ 272665.616806072881445, 6127510.37969361897558 ], [ 272489.952314719557762, 6128112.962507942691445 ], [ 272489.864344955130946, 6128113.32833197247237 ], [ 272489.753614299756009, 6128113.695651179179549 ], [ 272489.744454375526402, 6128113.741174980998039 ], [ 272489.731790980382357, 6128113.783529102802277 ], [ 272489.634984897391405, 6128114.282130371779203 ], [ 272489.506675483949948, 6128114.815707640722394 ], [ 272489.455454089678824, 6128115.17747416254133 ], [ 272489.381991855392698, 6128115.54257327131927 ], [ 272489.372309141035657, 6128115.635046030394733 ], [ 272489.355481667560525, 6128115.721716200001538 ], [ 272489.311234149208758, 6128116.19607091974467 ], [ 272489.23947189777391, 6128116.702913430519402 ], [ 272489.223413871368393, 6128117.057039481587708 ], [ 272489.185799444036093, 6128117.416268283501267 ], [ 272489.18438948423136, 6128117.555906855501235 ], [ 272489.172108711674809, 6128117.68756265565753 ], [ 272489.174664381251205, 6128118.132107114419341 ], [ 272489.153130799881183, 6128118.606985032558441 ], [ 272489.170311481284443, 6128118.950153850018978 ], [ 272489.166777892853133, 6128119.300110802985728 ], [ 272489.182447362865787, 6128119.485913309268653 ], [ 272489.183459163701627, 6128119.661910419352353 ], [ 272489.226479192846455, 6128120.072053894400597 ], [ 272489.248436371097341, 6128120.510628985241055 ], [ 272489.296627847419586, 6128120.839821273460984 ], [ 272489.325095981359482, 6128121.177385380491614 ], [ 272489.366516468813643, 6128121.40713841561228 ], [ 272489.389422408421524, 6128121.625518594868481 ], [ 272493.384937502618413, 6128147.384090311825275 ], [ 272273.528387072845362, 6128725.422962641343474 ], [ 272273.491830994782504, 6128725.535124808549881 ], [ 272273.443910151778255, 6128725.649166443385184 ], [ 272273.395127827476244, 6128725.804142020642757 ], [ 272273.395127827185206, 6128725.80414202157408 ], [ 272273.333357312134467, 6128725.958577104844153 ], [ 272273.116893320868257, 6128726.685516870580614 ], [ 272272.928860688058194, 6128727.262442752718925 ], [ 272272.911601986270398, 6128727.340245462022722 ], [ 272272.886565183114726, 6128727.419784374535084 ], [ 272272.856044252635911, 6128727.561512731947005 ], [ 272272.813709349895362, 6128727.703683834522963 ], [ 272272.649753683421295, 6128728.519452844746411 ], [ 272272.649753682955634, 6128728.519452846609056 ], [ 272272.642373328853864, 6128728.553724588826299 ], [ 272272.640816191385966, 6128728.560955381952226 ], [ 272272.509874572686385, 6128729.151243853382766 ], [ 272272.504865324590355, 6128729.192262906581163 ], [ 272272.495780573342927, 6128729.2344492636621 ], [ 272242.161258668114897, 6128910.640959417447448 ], [ 272242.123662682599388, 6128911.004168547689915 ], [ 272242.12366268254118, 6128911.004168548621237 ], [ 272241.975017518561799, 6128912.069167899899185 ], [ 272206.313076873484533, 6129291.735330653376877 ], [ 271859.206821187806781, 6129859.372755775228143 ], [ 271859.156053425220307, 6129859.46734313853085 ], [ 271859.089597774785943, 6129859.566921295598149 ], [ 271858.844158411433455, 6129860.030995760113001 ], [ 271858.531979293562472, 6129860.566461931914091 ], [ 271858.332248917373363, 6129860.998909468762577 ], [ 271858.213076287473086, 6129861.224239968694746 ], [ 271858.143695552891586, 6129861.353505873121321 ], [ 271858.140560123720206, 6129861.361352856270969 ], [ 271858.136201497283764, 6129861.369594106450677 ], [ 271857.960620707774069, 6129861.803542729467154 ], [ 271857.734305079968181, 6129862.293551498092711 ], [ 271857.550859031151049, 6129862.816270349547267 ], [ 271857.371328383276705, 6129863.259981063194573 ], [ 271748.472925799142104, 6130177.62362159229815 ], [ 271747.995533596957102, 6130179.211787281557918 ], [ 271747.964879707666114, 6130179.356272704899311 ], [ 271747.93010909401346, 6130179.47485513985157 ], [ 271747.843335722282063, 6130179.929163604974747 ], [ 271747.651357207098044, 6130180.834043792448938 ], [ 271747.61355276388349, 6130181.132209436036646 ], [ 271747.568177509703673, 6130181.3697749665007 ], [ 271730.705917328072246, 6130300.612472055479884 ], [ 271636.669121240731329, 6130557.721970185637474 ], [ 271636.533820929878857, 6130558.103845848701894 ], [ 271500.370418474252801, 6130955.145403617992997 ], [ 271500.269641937629785, 6130955.479900115169585 ], [ 271500.190490714216139, 6130955.69590865354985 ], [ 271500.154455003561452, 6130955.836099477484822 ], [ 271500.110359359474387, 6130955.960074788890779 ], [ 271500.060063400596846, 6130956.171544724144042 ] ], [ [ 281172.560448925069068, 6140490.58854397572577 ], [ 281227.072897103964351, 6140305.624672966077924 ], [ 281227.530969476618338, 6140303.736601060256362 ], [ 281227.555831430247054, 6140303.561236648820341 ], [ 281227.589461808791384, 6140303.417543933726847 ], [ 281227.652191493543796, 6140302.881558532826602 ], [ 281227.803685467049945, 6140301.812992002815008 ], [ 281227.819426066183951, 6140301.452645095996559 ], [ 281227.852957733615767, 6140301.166138248518109 ], [ 281227.854566954309121, 6140300.648170614615083 ], [ 281227.888471559563186, 6140299.871998148970306 ], [ 281227.858704465616029, 6140299.316409843042493 ], [ 281227.860000103362836, 6140298.899376668035984 ], [ 281218.73028694675304, 6140128.709470958448946 ], [ 281411.364034738566261, 6139908.676940638571978 ], [ 281412.582596715074033, 6139907.138925718143582 ], [ 281413.644577786442824, 6139905.488901661708951 ], [ 281414.539755367441103, 6139903.742751529440284 ], [ 281415.259512516320683, 6139901.917283690534532 ], [ 281415.796920880966354, 6139900.03007002081722 ], [ 281416.146807391080074, 6139898.099276759661734 ], [ 281416.305804053787142, 6139896.143489643000066 ], [ 281416.272380373964552, 6139894.181534994393587 ], [ 281416.046858086483553, 6139892.232298507355154 ], [ 281415.631408059445675, 6139890.314543450251222 ], [ 281369.219342224823777, 6139717.526290868408978 ], [ 281368.515327829285525, 6139715.392044670879841 ], [ 281368.176735167624429, 6139714.531453289091587 ], [ 281354.996014622040093, 6139630.419970341026783 ], [ 281354.635864117881283, 6139628.649071494117379 ], [ 281354.117333229165524, 6139626.917910951189697 ], [ 281353.444655489758588, 6139625.240622731857002 ], [ 281313.407931502268184, 6139537.154809500090778 ], [ 281336.72686082625296, 6139312.883636858314276 ], [ 281336.77319793071365, 6139312.374904965981841 ], [ 281339.183093483326957, 6139281.565927757881582 ], [ 281339.242030263354536, 6139279.725685025565326 ], [ 281339.131485382793471, 6139277.887820315547287 ], [ 281338.852395700349007, 6139276.067909381352365 ], [ 281338.624726321606431, 6139275.154441828839481 ], [ 281339.74271614535246, 6139252.580302204936743 ], [ 281505.566048147447873, 6139065.79463423229754 ], [ 281700.779531880049035, 6139088.322510766796768 ], [ 281685.285261479206383, 6139218.125023119151592 ], [ 281564.694821143639274, 6139345.127336190082133 ], [ 281563.474847286182921, 6139346.538518459536135 ], [ 281562.391658759210259, 6139348.057226536795497 ], [ 281561.45467868441483, 6139349.670248529873788 ], [ 281553.295382782933302, 6139365.358362292870879 ], [ 281552.499228907865472, 6139367.085026165470481 ], [ 281551.870639150729403, 6139368.879490998573601 ], [ 281551.415294751641341, 6139370.725538289174438 ], [ 281551.137311146478169, 6139372.606483327224851 ], [ 281551.03920077130897, 6139374.505325994454324 ], [ 281551.121850354829803, 6139376.404904413037002 ], [ 281551.477242529275827, 6139380.298050357028842 ], [ 281551.772624302946497, 6139382.350904441438615 ], [ 281552.27901209203992, 6139384.362130856141448 ], [ 281552.990960379247554, 6139386.310101575218141 ], [ 281553.900813121173996, 6139388.173868801444769 ], [ 281651.75647908722749, 6139564.762565966695547 ], [ 281652.786000785650685, 6139566.423470688983798 ], [ 281653.972693626070395, 6139567.975978185422719 ], [ 281675.586960099462885, 6139593.558953898027539 ], [ 281528.189752585312817, 6139779.076182241551578 ], [ 281527.057424628175795, 6139780.652775039896369 ], [ 281526.083264437911566, 6139782.331710231490433 ], [ 281525.27644814416999, 6139784.097173038870096 ], [ 281524.644575576123316, 6139785.932533632963896 ], [ 281524.193598675483372, 6139787.820503783412278 ], [ 281523.927765432163142, 6139789.74329970125109 ], [ 281523.849579870002344, 6139791.682809554971755 ], [ 281523.959778460091911, 6139793.620764075778425 ], [ 281524.257323183701374, 6139795.538908645510674 ], [ 281524.739411309710704, 6139797.419175247661769 ], [ 281525.401501795276999, 6139799.243852655403316 ], [ 281526.23735806014156, 6139800.995753268711269 ], [ 281527.239106732187793, 6139802.658375008963048 ], [ 281528.397311811044347, 6139804.216056764125824 ], [ 281695.407488074561115, 6140007.436877419240773 ], [ 281649.15031588729471, 6140036.900732986629009 ], [ 281647.618211316934321, 6140037.980770891532302 ], [ 281646.19395261479076, 6140039.199505251832306 ], [ 281644.890051275200676, 6140040.546230014413595 ], [ 281643.717961505230051, 6140042.009114788845181 ], [ 281642.687979604525026, 6140043.57530876621604 ], [ 281476.161520083958749, 6140324.660713043995202 ], [ 281475.181985239963979, 6140326.533119977451861 ], [ 281474.405475340317935, 6140328.498426215723157 ], [ 281473.840658945846371, 6140330.534692080691457 ], [ 281473.493841379065998, 6140332.619185739196837 ], [ 281473.368894334591459, 6140334.728636964224279 ], [ 281473.467212657560594, 6140336.83949691709131 ], [ 281486.2253387880628, 6140464.771684963256121 ], [ 281486.521651649207342, 6140466.742407360114157 ], [ 281487.012619719665963, 6140468.673857185989618 ], [ 281487.693368241132703, 6140470.546857326291502 ], [ 281488.557138149975799, 6140472.34281100705266 ], [ 281489.595353186829016, 6140474.043886435218155 ], [ 281490.797705049626529, 6140475.633193855173886 ], [ 281573.674901907390449, 6140574.527797259390354 ], [ 281385.150148010230623, 6140529.245619626715779 ], [ 281383.188758129021153, 6140528.876915944740176 ], [ 281381.200387421180494, 6140528.705525748431683 ], [ 281379.204835051670671, 6140528.733155652880669 ], [ 281377.221971696591936, 6140528.959530532360077 ], [ 281375.271541681548115, 6140529.38239626493305 ], [ 281373.372966377588455, 6140529.997542171739042 ], [ 281371.545150813588407, 6140530.798842947930098 ], [ 281369.806295429531019, 6140531.77831965778023 ], [ 281368.173714845965151, 6140532.926219178363681 ], [ 281366.663665454194415, 6140534.231111321598291 ], [ 281303.631965058506466, 6140594.44751017447561 ], [ 281300.637304217147175, 6140593.541497547179461 ], [ 281172.560448925069068, 6140490.58854397572577 ] ], [ [ 280629.904945413640235, 6135449.368299128487706 ], [ 280614.612996895157266, 6135423.99730737414211 ], [ 280718.948350000777282, 6135096.967318780720234 ], [ 280786.329667444748338, 6134968.190012893639505 ], [ 280856.743171339679975, 6134927.080118441022933 ], [ 281052.848640924901702, 6134972.758638255298138 ], [ 280979.26742047292646, 6135381.120195733383298 ], [ 280629.904945413640235, 6135449.368299128487706 ] ], [ [ 281401.362782872107346, 6134094.224125139415264 ], [ 281390.95503138116328, 6134038.44693008530885 ], [ 281399.953463210375048, 6134035.782460743561387 ], [ 281453.973026058578398, 6134119.567424568347633 ], [ 281412.697448497870937, 6134108.257216745056212 ], [ 281401.362782872107346, 6134094.224125139415264 ] ], [ [ 276570.33770812075818, 6136839.228562298230827 ], [ 276559.83041530061746, 6136840.67428161483258 ], [ 276560.354651513916906, 6136836.358102129772305 ], [ 276570.33770812075818, 6136839.228562298230827 ] ], [ [ 276429.678153046988882, 6133783.603996679186821 ], [ 276435.830536953406408, 6133766.793512781150639 ], [ 276495.959419552818872, 6133765.115952031686902 ], [ 276496.600903134676628, 6133765.068862595595419 ], [ 276497.050172989140265, 6133765.055674627423286 ], [ 276804.79173935187282, 6133739.603084557689726 ], [ 277199.804183942032978, 6133953.65769830532372 ], [ 277201.475028045126237, 6133954.465195117518306 ], [ 277201.493261239840649, 6133954.472003399394453 ], [ 277201.510429892805405, 6133954.480280416086316 ], [ 277202.078534542641137, 6133954.690544662997127 ], [ 277203.213524174701888, 6133955.114350204356015 ], [ 277203.251102352980524, 6133955.124529999680817 ], [ 277203.286842024477664, 6133955.137757800519466 ], [ 277203.974519705283456, 6133955.320501198060811 ], [ 277205.004704873834271, 6133955.599574712105095 ], [ 277205.062255626835395, 6133955.609556033276021 ], [ 277205.117486290575471, 6133955.624233024194837 ], [ 277205.853251747961622, 6133955.746742530725896 ], [ 277206.83314910158515, 6133955.916691133752465 ], [ 277206.910802069294732, 6133955.922831210307777 ], [ 277206.985942193947267, 6133955.935342506505549 ], [ 277207.740512889751699, 6133955.988437047228217 ], [ 277208.683114999439567, 6133956.062969280406833 ], [ 277286.429831721354276, 6133958.590346872806549 ], [ 277288.172987329016905, 6133958.570998813025653 ], [ 277289.907836363301612, 6133958.39992967993021 ], [ 277291.621198456909042, 6133958.07843915745616 ], [ 277448.981353779148776, 6133921.386958605609834 ], [ 277449.005200844083447, 6133921.380263602361083 ], [ 277449.027431189548224, 6133921.376157294027507 ], [ 277449.330128987901844, 6133921.289040844887495 ], [ 277450.699371214548592, 6133920.904629541561007 ], [ 277450.804360267007723, 6133920.864756972528994 ], [ 277450.901958559174091, 6133920.836668176576495 ], [ 277451.427492616407108, 6133920.628104796633124 ], [ 277452.36755894246744, 6133920.271087957546115 ], [ 277452.548150639748201, 6133920.183360593393445 ], [ 277452.715016243979335, 6133920.117138330824673 ], [ 277453.227397171431221, 6133919.853397984057665 ], [ 277453.972637249447871, 6133919.491377201862633 ], [ 277454.221612887573428, 6133919.34164045471698 ], [ 277454.449357979756314, 6133919.224412106908858 ], [ 277454.901009404158685, 6133918.933043753728271 ], [ 277455.501828808279242, 6133918.571704210713506 ], [ 277455.810468531155493, 6133918.346335521899164 ], [ 277456.088486268301494, 6133918.166981343179941 ], [ 277456.842396114894655, 6133917.626798120327294 ], [ 277531.796463923761621, 6133927.622989991679788 ], [ 277524.145740572304931, 6133939.17624719440937 ], [ 277523.866153353475966, 6133939.653114598244429 ], [ 277523.279263925971463, 6133940.612040909938514 ], [ 277499.849888039578218, 6133983.393477148376405 ], [ 277498.614122205588501, 6133982.924869561567903 ], [ 277496.629117893404327, 6133982.397427569143474 ], [ 277494.600486833543982, 6133982.076346273534 ], [ 277492.549623157770839, 6133981.965011827647686 ], [ 277274.599773037713021, 6133981.340866179205477 ], [ 277272.649168217380065, 6133981.430603398010135 ], [ 277270.71661115612369, 6133981.710130031220615 ], [ 277268.82052352867322, 6133982.17678155284375 ], [ 277266.978979372943286, 6133982.826109710149467 ], [ 277265.209532803040929, 6133983.65192492492497 ], [ 277263.52905067888787, 6133984.646355296485126 ], [ 277261.953551826358307, 6133985.799921636469662 ], [ 277260.498054341238458, 6133987.101627825759351 ], [ 277055.169184010883328, 6134189.622752813622355 ], [ 277034.942273609805852, 6134182.817441229708493 ], [ 277033.139740103681106, 6134182.303647212684155 ], [ 277031.297024149156641, 6134181.960850999690592 ], [ 277029.430309912131634, 6134181.792063293978572 ], [ 277027.555992329842411, 6134181.798766520805657 ], [ 277025.690533118206076, 6134181.98090180568397 ], [ 277023.850316191965248, 6134182.33686949685216 ], [ 277022.051503768423572, 6134182.863543206825852 ], [ 277020.309894418343902, 6134183.556297278963029 ], [ 277018.64078431064263, 6134184.409047407098114 ], [ 277017.058832869282924, 6134185.41430407576263 ], [ 276905.483804369810969, 6134263.888239154592156 ], [ 276681.967405192088336, 6134131.727249635383487 ], [ 276680.196039589471184, 6134130.7961820140481 ], [ 276680.168824152031448, 6134130.78519063256681 ], [ 276680.143573520996142, 6134130.771964881569147 ], [ 276679.541850523848552, 6134130.531977484934032 ], [ 276678.340497158817016, 6134130.046792060136795 ], [ 276678.284121416101698, 6134130.03035275824368 ], [ 276678.231195889937226, 6134130.009244276210666 ], [ 276677.505554937408306, 6134129.803320907987654 ], [ 276676.419354769692291, 6134129.486582336947322 ], [ 276676.332716229080688, 6134129.470491157844663 ], [ 276676.250538390479051, 6134129.447170619852841 ], [ 276675.478865011304151, 6134129.31190731190145 ], [ 276674.451846049691085, 6134129.121161414310336 ], [ 276674.334712625714019, 6134129.111353760585189 ], [ 276674.222590698453132, 6134129.09170038998127 ], [ 276673.437742243928369, 6134129.036249876953661 ], [ 276672.457668825576548, 6134128.954187724739313 ], [ 276672.31069265230326, 6134128.956622430123389 ], [ 276672.16884363925783, 6134128.946600622497499 ], [ 276671.390800247900188, 6134128.971860732883215 ], [ 276670.456787917355541, 6134128.987332936376333 ], [ 276670.281504742335528, 6134129.0078753400594 ], [ 276670.111061442818027, 6134129.01340898592025 ], [ 276669.35426470451057, 6134129.116543723270297 ], [ 276668.469235259341076, 6134129.220265213400126 ], [ 276668.268049256468657, 6134129.264570979401469 ], [ 276668.071051100501791, 6134129.291417491622269 ], [ 276667.346793214150239, 6134129.46745266020298 ], [ 276666.514909349323716, 6134129.650652540847659 ], [ 276666.291063717100769, 6134129.724053966812789 ], [ 276666.070431269647088, 6134129.777679990045726 ], [ 276665.387800511496607, 6134130.020243831910193 ], [ 276664.613376033608802, 6134130.274186071008444 ], [ 276664.370909582881723, 6134130.381582618691027 ], [ 276664.130403173505329, 6134130.467043400742114 ], [ 276663.496708991471678, 6134130.768795467913151 ], [ 276662.783672622346785, 6134131.084623262286186 ], [ 276655.663026052236091, 6134134.674941142089665 ], [ 276557.796411015384365, 6133999.925053402781487 ], [ 276429.678153046988882, 6133783.603996679186821 ] ], [ [ 277145.457327928510495, 6131149.12508905120194 ], [ 277136.747799426957499, 6131155.901070927269757 ], [ 277138.300122787069995, 6131140.388590031303465 ], [ 277145.457327928510495, 6131149.12508905120194 ] ], [ [ 275926.047408182872459, 6129913.172168170101941 ], [ 275925.737545741198119, 6129913.934365016408265 ], [ 275925.684565289644524, 6129914.115717547945678 ], [ 275925.616571850492619, 6129914.292530070059001 ], [ 275925.397620986390393, 6129915.097930311225355 ], [ 275925.166301457036752, 6129915.889739005826414 ], [ 275925.132442491070833, 6129916.073376674205065 ], [ 275925.083326421387028, 6129916.254047778435051 ], [ 275924.946887649188284, 6129917.079752905294299 ], [ 275924.796927279850934, 6129917.893078763969243 ], [ 275924.782100920157973, 6129918.077015227638185 ], [ 275924.751937207824085, 6129918.25956107955426 ], [ 275924.699874595389701, 6129919.097118590958416 ], [ 275924.633255288936198, 6129919.923600605688989 ], [ 275924.637169219204225, 6129920.105891611427069 ], [ 275924.6258273794665, 6129920.288353509269655 ], [ 275924.659139204537496, 6129921.129142018035054 ], [ 275924.676983502402436, 6129921.960238843224943 ], [ 275924.699149628810119, 6129922.139002778567374 ], [ 275924.706299620040227, 6129922.319468136876822 ], [ 275924.825103334209416, 6129923.154786030761898 ], [ 275924.92765826114919, 6129923.981864336878061 ], [ 275924.967402419133577, 6129924.155301652848721 ], [ 275924.992522671062034, 6129924.331924042664468 ], [ 275925.196048940240871, 6129925.153079461306334 ], [ 275925.382678935129661, 6129925.967503693886101 ], [ 275925.439152491278946, 6129926.133915002457798 ], [ 275925.481539918167982, 6129926.304933050647378 ], [ 275925.768135863472708, 6129927.103334271349013 ], [ 275926.037324903882109, 6129927.896556861698627 ], [ 275926.109518087643664, 6129928.054359534755349 ], [ 275926.168299932498485, 6129928.218114457093179 ], [ 275926.535441556887235, 6129928.985359645448625 ], [ 275926.884804530593101, 6129929.749010843224823 ], [ 275926.971561311744153, 6129929.8967539453879 ], [ 275927.045708650606684, 6129930.051705564372241 ], [ 275927.490022418031003, 6129930.779671123251319 ], [ 275927.916325622063596, 6129931.505647318437696 ], [ 275928.016359917586669, 6129931.642024711705744 ], [ 275928.104702654643916, 6129931.786765825934708 ], [ 275928.621996002038941, 6129932.46769224666059 ], [ 275929.121186643315013, 6129933.148242031224072 ], [ 275969.865806002519093, 6129983.142314955592155 ], [ 275888.654958163271658, 6130047.15571853145957 ], [ 275887.140641542093363, 6130048.478015026077628 ], [ 275885.76672315254109, 6130049.945656367577612 ], [ 275884.547085144673474, 6130051.543813424184918 ], [ 275883.494050810637418, 6130053.256338326260448 ], [ 275882.618260069517419, 6130055.065927624702454 ], [ 275881.928561960929073, 6130056.954297124408185 ], [ 275881.431925233977381, 6130058.902366632595658 ], [ 275881.133367934497073, 6130060.890452744439244 ], [ 275878.922252871969249, 6130083.202134180814028 ], [ 275878.824760551215149, 6130085.179742618463933 ], [ 275878.923290217935573, 6130087.157299644313753 ], [ 275879.2168761731009, 6130089.115423024632037 ], [ 275879.702640951552894, 6130091.03492099698633 ], [ 275880.375823524198495, 6130092.896980370394886 ], [ 275881.229825961519964, 6130094.68335091508925 ], [ 275987.978614982916042, 6130292.20851244032383 ], [ 275805.958384588069748, 6130470.655936228111386 ], [ 275804.604421922645997, 6130472.122838167473674 ], [ 275803.40343645302346, 6130473.717407106421888 ], [ 275802.367393045627978, 6130475.423757086507976 ], [ 275801.506613324978389, 6130477.224888528697193 ], [ 275800.829672843799926, 6130479.102857586927712 ], [ 275800.343315649079159, 6130481.038954918272793 ], [ 275800.052387094125152, 6130483.01389207597822 ], [ 275799.959785566374194, 6130485.00799366645515 ], [ 275800.06643361231545, 6130487.001393374055624 ], [ 275800.371268746443093, 6130488.974231872707605 ], [ 275800.871254036435857, 6130490.906854677945375 ], [ 275801.561408358626068, 6130492.780007957480848 ], [ 275802.434856022533495, 6130494.575030346401036 ], [ 275803.482895270630252, 6130496.274038861505687 ], [ 275949.270559563708957, 6130708.165697855874896 ], [ 275948.75594057602575, 6130858.141886580735445 ], [ 275948.765383223013487, 6130858.352558165788651 ], [ 275948.758820630435366, 6130858.556782744824886 ], [ 275948.80651349585969, 6130859.270201257430017 ], [ 275948.8422777398373, 6130860.068124760873616 ], [ 275948.875454351247754, 6130860.301459959708154 ], [ 275948.890670681546908, 6130860.529074963182211 ], [ 275981.632588561507873, 6131141.057770346291363 ], [ 275938.506907059811056, 6131177.222911048680544 ], [ 275909.937915288086515, 6131027.739707188680768 ], [ 275909.458539001061581, 6131025.775731399655342 ], [ 275908.783343466348015, 6131023.870183313265443 ], [ 275907.919227498583496, 6131022.042532877065241 ], [ 275906.875020208128262, 6131020.311454121023417 ], [ 275905.661390789668076, 6131018.694634354673326 ], [ 275886.767426036763936, 6130996.009273472242057 ], [ 275885.440527445287444, 6130994.566234120167792 ], [ 275883.978728913119994, 6130993.260030654259026 ], [ 275882.39607475156663, 6130992.103212498128414 ], [ 275880.707770399283618, 6130991.106893845833838 ], [ 275878.930036335019395, 6130990.280646884813905 ], [ 275877.079952238593251, 6130989.632409830577672 ], [ 275875.175292896688916, 6130989.168410656042397 ], [ 275873.234357430890668, 6130988.893107258714736 ], [ 275214.908925589174032, 6130928.240716997534037 ], [ 275094.459613271115813, 6130822.934642804786563 ], [ 275093.247161751845852, 6130821.95529040787369 ], [ 275020.007395684428047, 6130767.371356367133558 ], [ 275018.880172047123779, 6130766.589919108897448 ], [ 274750.46125489968108, 6130593.829619591124356 ], [ 274748.257614404777996, 6130592.600589219480753 ], [ 274648.066107910301071, 6130544.740885593928397 ], [ 274646.202127179072704, 6130543.963500284589827 ], [ 274644.269249902979936, 6130543.378062397241592 ], [ 274642.287185399967711, 6130542.990541570819914 ], [ 274640.276144544419367, 6130542.804889309220016 ], [ 274638.256633679033257, 6130542.822998685762286 ], [ 274636.249245514161885, 6130543.04468504153192 ], [ 274634.274449146527331, 6130543.467687868513167 ], [ 274632.35238133801613, 6130544.087693856097758 ], [ 274630.502641183906235, 6130544.898380877450109 ], [ 274628.744090262975078, 6130545.89148245472461 ], [ 274627.094660308328457, 6130547.056872050277889 ], [ 274625.571170359558892, 6130548.382666326127946 ], [ 274624.189155261265114, 6130549.855346316471696 ], [ 274622.962707255792338, 6130551.45989527925849 ], [ 274621.904332286561839, 6130553.179951821453869 ], [ 274621.024822476378176, 6130554.997976733371615 ], [ 274620.333146081364248, 6130556.895431831479073 ], [ 274577.351403862587176, 6130696.313995910808444 ], [ 274576.839482967508957, 6130698.347707010805607 ], [ 274576.543333095847629, 6130700.423842626623809 ], [ 274576.466210447892081, 6130702.519575419835746 ], [ 274576.608962995698676, 6130704.611862577497959 ], [ 274623.674252556811552, 6131093.057947857305408 ], [ 274507.102192848920822, 6131222.55888150818646 ], [ 274403.792009843164124, 6131289.453811747021973 ], [ 274155.910330112616066, 6131128.386637828312814 ], [ 274153.653861654864158, 6131127.12007257156074 ], [ 273756.553670265013352, 6130936.890667918138206 ], [ 273899.995845395664219, 6130920.323953851126134 ], [ 273901.95414867834188, 6130919.998606562614441 ], [ 273903.870552061067428, 6130919.480725611560047 ], [ 273905.726175125280861, 6130918.775413163006306 ], [ 273907.502736260357779, 6130917.889617961831391 ], [ 273909.182732774468604, 6130916.832066867500544 ], [ 273910.749613331048749, 6130915.613178879953921 ], [ 273912.18794101261301, 6130914.244962491095066 ], [ 273913.483545405499171, 6130912.740897378884256 ], [ 273914.62366220675176, 6130911.115801601670682 ], [ 273915.597058978280984, 6130909.385685614310205 ], [ 273916.394145808706526, 6130907.567594530060887 ], [ 273917.007069793413393, 6130905.679440194740891 ], [ 273917.429792401322629, 6130903.739824716933072 ], [ 273917.65814896649681, 6130901.767857201397419 ], [ 273917.689889718545601, 6130899.782965484075248 ], [ 273917.524701947462745, 6130897.804704731330276 ], [ 273917.164213084208313, 6130895.852564780972898 ], [ 273916.611974667408504, 6130893.945778128691018 ], [ 273915.873427353508305, 6130892.103130449540913 ], [ 273637.082593678613193, 6130285.57724944781512 ], [ 273636.147560295765288, 6130283.787175372242928 ], [ 273635.036765781114809, 6130282.100525387562811 ], [ 273633.761536497215275, 6130280.534497642889619 ], [ 273632.334875487198588, 6130279.105060345493257 ], [ 273630.771329887676984, 6130277.826788941398263 ], [ 273629.086842597171199, 6130276.712717493064702 ], [ 273627.298589711834211, 6130275.774205775931478 ], [ 273625.42480538750533, 6130275.020823448896408 ], [ 273623.484595912625082, 6130274.460252474062145 ], [ 273621.497744888300076, 6130274.098208786919713 ], [ 273619.484511502436362, 6130273.938384014181793 ], [ 273617.465423954068683, 6130273.98240782879293 ], [ 273615.461070135061163, 6130274.229831336997449 ], [ 273561.682791808561888, 6130283.645834373310208 ], [ 273610.668796569865663, 6129976.339661911129951 ], [ 273610.888096110837068, 6129974.28738266415894 ], [ 273610.888199663779233, 6129974.255109697580338 ], [ 273610.891474058502354, 6129974.223999622277915 ], [ 273610.890439207316376, 6129973.557140938006341 ], [ 273610.894718628900591, 6129972.223430498503149 ], [ 273584.764121302345302, 6129432.905645348131657 ], [ 273584.569062694208696, 6129430.925320534966886 ], [ 273584.178180305869319, 6129428.974181077443063 ], [ 273583.59534361329861, 6129427.071541959419847 ], [ 273582.8263223124668, 6129425.23623804282397 ], [ 273581.878729203308467, 6129423.486437618732452 ], [ 273580.761944828031119, 6129421.839462547563016 ], [ 273579.487024609814398, 6129420.311616789549589 ], [ 273578.066589411755558, 6129418.918025000952184 ], [ 273576.514700598607305, 6129417.672482814639807 ], [ 273574.846720838337205, 6129416.587320271879435 ], [ 273573.079162022448145, 6129415.673279760405421 ], [ 273571.229521808680147, 6129414.939409673213959 ], [ 273569.316110406245571, 6129414.392974836751819 ], [ 273567.357869316649158, 6129414.039384593255818 ], [ 273565.374183825566433, 6129413.882139251567423 ], [ 273563.384691101324279, 6129413.922795435413718 ], [ 273561.409085799998138, 6129414.160950675606728 ], [ 273559.466925101354718, 6129414.59424739331007 ], [ 273557.57743510598084, 6129415.218396239914 ], [ 273555.759320509270765, 6129416.027218556031585 ], [ 273554.030579437792767, 6129417.012707537040114 ], [ 273552.408325279480778, 6129418.16510749887675 ], [ 273550.908617272565607, 6129419.473010445944965 ], [ 273549.546301530150231, 6129420.923469008877873 ], [ 273411.912303692719433, 6129582.908344794996083 ], [ 273411.536519266199321, 6129583.405083918012679 ], [ 273411.027125832275487, 6129584.028861911967397 ], [ 273153.492009306093678, 6129935.109262763522565 ], [ 272696.091509138641413, 6129950.338890512473881 ], [ 272563.040153643873055, 6129776.980044926516712 ], [ 272579.488191971846391, 6129382.714473200030625 ], [ 272635.079752710007597, 6129280.997139466926455 ], [ 272635.205269572616089, 6129280.737431399524212 ], [ 272635.363659627502784, 6129280.458332024514675 ], [ 272635.686352637247182, 6129279.742018109187484 ], [ 272635.949272920028307, 6129279.198007390834391 ], [ 272636.025813633983489, 6129278.988482617773116 ], [ 272636.126702704641502, 6129278.764529067091644 ], [ 272752.449095494230278, 6128984.805258735083044 ], [ 273020.39407830813434, 6128752.016307967714965 ], [ 273020.828095586562995, 6128751.596075054258108 ], [ 273021.38716515962733, 6128751.092602615244687 ], [ 273021.640610458794981, 6128750.813724084757268 ], [ 273021.877967030915897, 6128750.58648853097111 ], [ 273021.908859404851682, 6128750.549636234529316 ], [ 273021.9439469637, 6128750.515663054771721 ], [ 273022.292744710517582, 6128750.096148173324764 ], [ 273022.731963341357186, 6128749.612853961065412 ], [ 273023.019673506787512, 6128749.224517922848463 ], [ 273023.284562901942991, 6128748.908524645492435 ], [ 273023.302351675461978, 6128748.881848052144051 ], [ 273023.323166257701814, 6128748.856813409365714 ], [ 273023.588951371668372, 6128748.45613662339747 ], [ 273023.922285192471463, 6128748.006220175884664 ], [ 273024.226478775555734, 6128747.495998554863036 ], [ 273024.499306781683117, 6128747.086857262998819 ], [ 273024.506690997630358, 6128747.072624362073839 ], [ 273024.515688877028879, 6128747.059059864841402 ], [ 273024.705265858967323, 6128746.692932561039925 ], [ 273024.94623303465778, 6128746.288760120049119 ], [ 273025.243145973712672, 6128745.654132417403162 ], [ 273025.507639737625141, 6128745.143319408409297 ], [ 273063.739513601583894, 6128660.402182390913367 ], [ 273064.419584651477635, 6128658.688070726580918 ], [ 273064.43937461450696, 6128658.620638253167272 ], [ 273064.463187370449305, 6128658.560021252371371 ], [ 273064.618051073979586, 6128658.011814702302217 ], [ 273064.938883891562, 6128656.918606476858258 ], [ 273064.965951132704504, 6128656.780273118056357 ], [ 273065.001239979348611, 6128656.65535309817642 ], [ 273065.111665142700076, 6128656.035568166524172 ], [ 273065.292996401549317, 6128655.108833076432347 ], [ 273065.314385271572974, 6128654.897757930681109 ], [ 273065.348402196599636, 6128654.706830637529492 ], [ 273065.396027849055827, 6128654.092071659862995 ], [ 273065.478911627142224, 6128653.274136654101312 ], [ 273065.481397178082261, 6128652.990111713297665 ], [ 273065.501274209294934, 6128652.733536049723625 ], [ 273065.488711547048297, 6128652.154295735061169 ], [ 273065.495048974873498, 6128651.430115228518844 ], [ 273065.465293441549875, 6128651.074531705118716 ], [ 273065.458358918316662, 6128650.754794109612703 ], [ 273065.39441697060829, 6128650.227546205744147 ], [ 273065.34127125015948, 6128649.592446095310152 ], [ 273065.265946134168189, 6128649.168210643343627 ], [ 273065.220076599740423, 6128648.789982942864299 ], [ 272982.668871641741134, 6128168.417327751405537 ], [ 272984.988894261477981, 6128150.331706101074815 ], [ 273250.716577225306537, 6128296.661347294226289 ], [ 273251.46675932087237, 6128297.030642992816865 ], [ 273251.95988969982136, 6128297.290590577758849 ], [ 273252.119075268041342, 6128297.354582538828254 ], [ 273252.291059069393668, 6128297.440307683311403 ], [ 273252.327680050919298, 6128297.454452523961663 ], [ 273252.363695870270021, 6128297.472182202152908 ], [ 273253.369036614836659, 6128297.857061991468072 ], [ 273253.86845029698452, 6128298.05782429035753 ], [ 273253.951429787965026, 6128298.081625262275338 ], [ 273254.040587188617792, 6128298.116062275134027 ], [ 273254.059485169360414, 6128298.121389976702631 ], [ 273254.07822641346138, 6128298.128564784303308 ], [ 273255.8457219931297, 6128298.62496427539736 ], [ 273270.909566033631563, 6128302.118437674827874 ], [ 273272.739910540811252, 6128302.454047601670027 ], [ 273272.751108373806346, 6128302.455038586631417 ], [ 273272.762034226499964, 6128302.457035636529326 ], [ 273272.8092575991177, 6128302.461135131306946 ], [ 273272.853619638073724, 6128302.469137881882489 ], [ 273273.265946802450344, 6128302.502055592834949 ], [ 273273.533025499491487, 6128302.545535906217992 ], [ 273670.879284031165298, 6128340.361237523145974 ], [ 273672.802914042433258, 6128340.451180669479072 ], [ 273674.726277241192292, 6128340.355701899155974 ], [ 273676.631541924318299, 6128340.07568640448153 ], [ 273678.501044182048645, 6128339.6137302396819 ], [ 273680.317451661627274, 6128338.974116248078644 ], [ 273682.063924257876351, 6128338.162774359807372 ], [ 273683.724270239064936, 6128337.187226609326899 ], [ 273685.283096362487413, 6128336.05651740450412 ], [ 273686.725950586784165, 6128334.781129667535424 ], [ 273688.039456058177166, 6128333.372887655161321 ], [ 273689.211435128934681, 6128331.844847326166928 ], [ 273690.231022257474251, 6128330.211175303906202 ], [ 273691.08876474405406, 6128328.487017532810569 ], [ 273691.776710367528722, 6128326.688358863815665 ], [ 273693.181028265622444, 6128322.409862353466451 ], [ 273847.542806333163753, 6128335.894626337103546 ], [ 273849.542324676702265, 6128335.968829938210547 ], [ 273851.539250867208466, 6128335.842871333472431 ], [ 273853.513597771467175, 6128335.518011236563325 ], [ 273855.445604250999168, 6128334.997501156292856 ], [ 273857.31593295064522, 6128334.286550851538777 ], [ 273859.105863845092244, 6128333.392276188358665 ], [ 273984.426170974038541, 6128262.735758197493851 ], [ 274359.349121766048484, 6128348.331209247000515 ], [ 274430.916988761920948, 6128364.670256624929607 ], [ 274593.973455873609055, 6128479.21569440420717 ], [ 274918.977061419805977, 6129216.607229526154697 ], [ 274919.840755902288947, 6129218.335460427217185 ], [ 274920.867175509221852, 6129219.9722905959934 ], [ 274922.046741820755415, 6129221.50244533456862 ], [ 274923.368447270826437, 6129222.91164543107152 ], [ 274924.819957868836354, 6129224.186740403994918 ], [ 274926.387728298432194, 6129225.315831228159368 ], [ 274928.057128321146592, 6129226.288381366990507 ], [ 274929.812579303863458, 6129227.095315103419125 ], [ 274931.637699596467428, 6129227.72910223249346 ], [ 274933.515457403555047, 6129228.183828332461417 ], [ 274935.428329723014031, 6129228.455249955877662 ], [ 274937.358465868572239, 6129228.540834228508174 ], [ 274939.287854049878661, 6129228.43978249002248 ], [ 274941.198489456612151, 6129228.153037741780281 ], [ 274943.072542276990134, 6129227.683275850489736 ], [ 274944.892524083436001, 6129227.034880575723946 ], [ 274946.641451032133773, 6129226.213902661576867 ], [ 275225.899575097428169, 6129078.26247227191925 ], [ 275433.88274969405029, 6129215.248682789504528 ], [ 275435.511006942484528, 6129216.213866787962615 ], [ 275437.223216121434234, 6129217.020800207741559 ], [ 275439.004040965694003, 6129217.662255343981087 ], [ 275440.837530619057361, 6129218.132486678659916 ], [ 275442.707262506417464, 6129218.427282348275185 ], [ 275444.59648943063803, 6129218.544001866132021 ], [ 275446.488289577711839, 6129218.48159977607429 ], [ 275448.365718085085973, 6129218.240635013207793 ], [ 275450.2119588170317, 6129217.82326589897275 ], [ 275452.010474986978807, 6129217.233230812475085 ], [ 275453.74515727738617, 6129216.475814699195325 ], [ 275628.117614539165515, 6129130.29608747176826 ], [ 275831.626668767363299, 6129322.571727409958839 ], [ 275833.15942563227145, 6129323.880192081443965 ], [ 275834.816080852120649, 6129325.027762073092163 ], [ 275836.579813480959274, 6129326.002785466611385 ], [ 275838.432715356408153, 6129326.795362304896116 ], [ 275840.355972930730786, 6129327.39744511153549 ], [ 275842.330058295687195, 6129327.802920605055988 ], [ 275844.334927460062318, 6129328.007671765051782 ], [ 275846.350223867455497, 6129328.009619639255106 ], [ 275848.355485087900888, 6129327.808744450099766 ], [ 275850.330350584175903, 6129327.407085794955492 ], [ 275852.254768444050569, 6129326.808721939101815 ], [ 275854.109198978112545, 6129326.019728403538465 ], [ 275855.874813117436133, 6129325.048116281628609 ], [ 275857.533683595713228, 6129323.903750894591212 ], [ 275956.642440294090193, 6129247.888927719555795 ], [ 275962.518132640107069, 6129381.067924928851426 ], [ 275962.680058233090676, 6129382.873707503080368 ], [ 275963.004846982948948, 6129384.657406711950898 ], [ 275963.489829880767502, 6129386.404364693909883 ], [ 275964.131021494045854, 6129388.100225512869656 ], [ 275964.923152717470657, 6129389.731053132563829 ], [ 276001.463433730823454, 6129457.016451574862003 ], [ 275996.173684715933632, 6129464.843179661780596 ], [ 275995.270750141993631, 6129466.311867108568549 ], [ 275995.260085451300256, 6129466.333124851807952 ], [ 275995.248926998872776, 6129466.351159219630063 ], [ 275995.135516182286665, 6129466.581426619552076 ], [ 275994.49765691079665, 6129467.8528604619205 ], [ 275994.448589530133177, 6129467.976150849834085 ], [ 275994.397081968723796, 6129468.080730929039419 ], [ 275994.212175440101419, 6129468.57018265593797 ], [ 275993.860149749787524, 6129469.454708856530488 ], [ 275928.408027557015885, 6129657.076498685404658 ], [ 275927.867793350305874, 6129658.899495892226696 ], [ 275927.503113283717539, 6129660.765555983409286 ], [ 275927.31728330993792, 6129662.657813638448715 ], [ 275927.311982947285287, 6129664.559166766703129 ], [ 275927.487260099966079, 6129666.452431073412299 ], [ 275927.841530625475571, 6129668.320495367981493 ], [ 275928.37159265181981, 6129670.146476217545569 ], [ 275929.072655515628867, 6129671.913870534859598 ], [ 275929.938383060449269, 6129673.606704736128449 ], [ 275941.935716487816535, 6129694.546709472313523 ], [ 275942.196820583485533, 6129694.936514664441347 ], [ 275942.668142078502569, 6129695.727931504137814 ], [ 275943.22848606709158, 6129696.476699474267662 ], [ 275943.490643032127991, 6129696.868076507002115 ], [ 275993.471486983355135, 6129761.254596348851919 ], [ 275926.346165199822281, 6129912.395269951783121 ], [ 275926.047408182872459, 6129913.172168170101941 ] ], [ [ 276181.429080385831185, 6124022.872530015185475 ], [ 276179.394908398098778, 6124023.075851467438042 ], [ 276177.392118337040301, 6124023.485762750729918 ], [ 276155.515669681306463, 6124029.141978839412332 ], [ 276153.559821308299433, 6124029.756188704632223 ], [ 276151.677121985645499, 6124030.56738527584821 ], [ 276149.887352277699392, 6124031.567045723088086 ], [ 276067.487434128124733, 6124083.302311941049993 ], [ 276077.057651715120301, 6123985.339665067382157 ], [ 276077.071418713894673, 6123985.011623848229647 ], [ 276077.11466531775659, 6123984.623262805864215 ], [ 276077.125452771433629, 6123983.7240957217291 ], [ 276077.15059027337702, 6123983.125117182731628 ], [ 276077.135296165943146, 6123982.9036188358441 ], [ 276077.138385100057349, 6123982.646146779879928 ], [ 276077.03781596297631, 6123981.491852646693587 ], [ 276076.99790821399074, 6123980.913884925656021 ], [ 276076.977842958120164, 6123980.803505409508944 ], [ 276076.966764461540151, 6123980.676350657828152 ], [ 276076.601480801065918, 6123978.733126981183887 ], [ 276005.215404378366657, 6123680.919091274961829 ], [ 276051.556736225553323, 6123690.297456321306527 ], [ 276053.613678436435293, 6123690.60342422220856 ], [ 276055.691272379888687, 6123690.694149200804532 ], [ 276057.767056005599443, 6123690.568650376982987 ], [ 276211.848338677256834, 6123673.176949873566628 ], [ 276213.724093304073904, 6123672.87440397311002 ], [ 276215.562674237007741, 6123672.395228018984199 ], [ 276217.347488331666682, 6123671.743746561929584 ], [ 276219.062427687866148, 6123670.925839204341173 ], [ 276220.692015023319982, 6123669.948887538164854 ], [ 276222.221543355262838, 6123668.821708526462317 ], [ 276223.637208730855491, 6123667.554474930278957 ], [ 276224.926234807469882, 6123666.158623500727117 ], [ 276226.076988158805761, 6123664.646751757711172 ], [ 276227.079083266085945, 6123663.032504305243492 ], [ 276343.135019271925557, 6123454.595448298379779 ], [ 276434.305111047287937, 6123525.482261976227164 ], [ 276583.597911513701547, 6123697.560024183243513 ], [ 276555.900089523871429, 6123781.568682446144521 ], [ 276555.378578569099773, 6123783.456791486591101 ], [ 276555.044269173115026, 6123785.386860566213727 ], [ 276552.600677686568815, 6123805.231458430178463 ], [ 276215.657613432384096, 6124024.61007006559521 ], [ 276183.473381295159925, 6124022.877922692336142 ], [ 276181.429080385831185, 6124022.872530015185475 ] ], [ [ 273379.87193001358537, 6135696.576476527377963 ], [ 273377.819634499028325, 6135696.969930593855679 ], [ 273375.819594574335497, 6135697.575375291518867 ], [ 273375.557579067419283, 6135697.66989535279572 ], [ 273176.113734962826129, 6135676.442587229423225 ], [ 272888.297548700473271, 6135431.976908621378243 ], [ 272886.791148909192998, 6135430.816037526354194 ], [ 272885.18129698705161, 6135429.80349675193429 ], [ 272883.482549464970361, 6135428.948441849090159 ], [ 272881.710266681446228, 6135428.258604356087744 ], [ 272879.880473892262671, 6135427.74022189155221 ], [ 272878.009716367581859, 6135427.397981749847531 ], [ 272876.114909787080251, 6135427.234978519380093 ], [ 272874.213187285640743, 6135427.252686100080609 ], [ 272872.321744533081073, 6135427.450944377109408 ], [ 272870.457684248045553, 6135427.827960669994354 ], [ 272868.637861552764662, 6135428.380325936712325 ], [ 272866.878731566190254, 6135429.103045606985688 ], [ 272834.170903719379567, 6135444.396638063713908 ], [ 272832.208695423381869, 6135445.451075037010014 ], [ 272830.375917683821172, 6135446.717181069776416 ], [ 272828.695306561014149, 6135448.17924980353564 ], [ 272418.668789480638225, 6135847.114114562049508 ], [ 272248.856503482791595, 6135547.478444932959974 ], [ 272252.4665529911872, 6135506.029465422034264 ], [ 272598.160937919921707, 6135222.515471052378416 ], [ 272598.816754228028003, 6135221.924424210563302 ], [ 272599.38499288004823, 6135221.424673831090331 ], [ 272599.460944523161743, 6135221.343855177983642 ], [ 272599.545205675822217, 6135221.267915791831911 ], [ 272600.164716870058328, 6135220.594984837807715 ], [ 272600.686710752022918, 6135220.039541393518448 ], [ 272600.743340832996182, 6135219.966466775164008 ], [ 272600.80735062045278, 6135219.896937495097518 ], [ 272601.384364768862724, 6135219.139298975467682 ], [ 272601.851054998114705, 6135218.537088811397552 ], [ 272601.890615839802194, 6135218.474574700929224 ], [ 272601.936415469564963, 6135218.414438283070922 ], [ 272602.466093851893675, 6135217.565203343518078 ], [ 272602.8675085005234, 6135216.930887216702104 ], [ 272602.89260096650105, 6135216.881383206695318 ], [ 272602.922598271106835, 6135216.833288438618183 ], [ 272603.403382817923557, 6135215.87368034850806 ], [ 272603.726889987243339, 6135215.235444870777428 ], [ 272603.740413263323717, 6135215.200994123704731 ], [ 272603.757337500399444, 6135215.167214679531753 ], [ 272604.19901142193703, 6135214.032708493061364 ], [ 272604.421436963311862, 6135213.466076117940247 ], [ 272604.426534105965402, 6135213.448282109573483 ], [ 272604.433386386896018, 6135213.430680991150439 ], [ 272604.944875826709904, 6135211.638763051480055 ], [ 272656.219492992793676, 6134994.066695501096547 ], [ 272797.593171680520754, 6135174.884627817198634 ], [ 272798.612305389717221, 6135176.087247935123742 ], [ 272872.994734181091189, 6135257.155035833828151 ], [ 272874.431831923662685, 6135258.570808091200888 ], [ 272876.004242016468197, 6135259.834606930613518 ], [ 272877.69596651912434, 6135260.933574270457029 ], [ 272879.489793568616733, 6135261.856529048644006 ], [ 272881.367472494952381, 6135262.594080982729793 ], [ 272883.309899506275542, 6135263.138726107776165 ], [ 272885.297312054084614, 6135263.484923119656742 ], [ 272972.019557758350857, 6135274.118672128766775 ], [ 272972.997384349524509, 6135274.214258947409689 ], [ 272985.667542629118543, 6135275.139299765229225 ], [ 272987.568163973919582, 6135275.187455477192998 ], [ 272989.464770228601992, 6135275.054921769537032 ], [ 272991.340222329250537, 6135274.742896310985088 ], [ 272993.17757237557089, 6135274.254198780283332 ], [ 272994.960216784325894, 6135273.593245392665267 ], [ 272996.672046330699231, 6135272.766008985228837 ], [ 273090.16325959621463, 6135221.969864524900913 ], [ 273173.28510297840694, 6135284.332702592946589 ], [ 273173.417208278202452, 6135284.422163569368422 ], [ 273173.542394803196657, 6135284.522542531602085 ], [ 273174.228482943435665, 6135284.971554275602102 ], [ 273174.887845267192461, 6135285.418070785701275 ], [ 273175.02394502889365, 6135285.492146014235914 ], [ 273175.154338212683797, 6135285.577482092194259 ], [ 273175.8848957256414, 6135285.96073698811233 ], [ 273176.588003603625111, 6135286.343418605625629 ], [ 273176.72639813600108, 6135286.40219424944371 ], [ 273176.860300871834625, 6135286.472440435551107 ], [ 273177.62902342347661, 6135286.785535855218768 ], [ 273178.36965257517295, 6135287.100078304298222 ], [ 273178.508698058372829, 6135287.143821297213435 ], [ 273178.644454607332591, 6135287.199114007875323 ], [ 273179.444604426098522, 6135287.438252619467676 ], [ 273180.216103444923647, 6135287.680962237529457 ], [ 273180.354230625845958, 6135287.710110141895711 ], [ 273180.490245777589735, 6135287.750760622322559 ], [ 273181.314710238773841, 6135287.912792681716383 ], [ 273182.110060475417413, 6135288.08062925375998 ], [ 273182.245791825989727, 6135288.095778211951256 ], [ 273182.380548859655391, 6135288.122262021526694 ], [ 273183.221903162542731, 6135288.204721870832145 ], [ 273184.03378293820424, 6135288.295335667207837 ], [ 273184.165748278028332, 6135288.297226688824594 ], [ 273184.297825342626311, 6135288.31017136014998 ], [ 273185.148398722056299, 6135288.311307759024203 ], [ 273185.969251291535329, 6135288.32307031750679 ], [ 273186.096201515989378, 6135288.312574060633779 ], [ 273186.224286452285014, 6135288.312745187431574 ], [ 273187.07623144320678, 6135288.231545094400644 ], [ 273187.898335969657637, 6135288.163573414087296 ], [ 273188.019154887937475, 6135288.141673713922501 ], [ 273188.142058198165614, 6135288.129959624260664 ], [ 273188.987421960453503, 6135287.966165121644735 ], [ 273189.802967202907894, 6135287.818338967859745 ], [ 273189.91668135416694, 6135287.786115317605436 ], [ 273190.033347210963257, 6135287.763510580174625 ], [ 273190.864144601568114, 6135287.517628732137382 ], [ 273191.665304277266841, 6135287.290600795298815 ], [ 273191.771090525668114, 6135287.249210050329566 ], [ 273191.880605832207948, 6135287.21679802518338 ], [ 273192.688893403450493, 6135286.890103405341506 ], [ 273193.467902649135794, 6135286.585302229039371 ], [ 273193.565093665674794, 6135286.535959754139185 ], [ 273193.666694923711475, 6135286.494894438423216 ], [ 273194.444644859351683, 6135286.089424321427941 ], [ 273195.19387734803604, 6135285.70904981251806 ], [ 273195.281964833149686, 6135285.653010341338813 ], [ 273195.375042887288146, 6135285.60449774749577 ], [ 273196.115016365947668, 6135285.1230398574844 ], [ 273196.827061139105354, 6135284.670051419176161 ], [ 273310.525584967166651, 6135204.353326446376741 ], [ 273379.630228586378507, 6135221.636453067883849 ], [ 273381.715302979107946, 6135222.041664423421025 ], [ 273383.831592674658168, 6135222.223459336906672 ], [ 273385.95522734610131, 6135222.179787282831967 ], [ 273424.342182775260881, 6135219.345961711369455 ], [ 273426.253864572616294, 6135219.111850627698004 ], [ 273428.134164212271571, 6135218.694947090931237 ], [ 273429.965645039628725, 6135218.099117188714445 ], [ 273431.731323113490362, 6135217.329886252060533 ], [ 273433.414824704115745, 6135216.394387621432543 ], [ 273466.263226242968813, 6135196.011534033343196 ], [ 273688.786927245964762, 6135290.207155129872262 ], [ 273690.835315321164671, 6135290.945540431886911 ], [ 273692.951832983584609, 6135291.456871582195163 ], [ 273695.11139364389237, 6135291.73508789204061 ], [ 273700.542658454331104, 6135292.135892015881836 ], [ 273702.446495226526167, 6135292.185464166104794 ], [ 273704.346415465406608, 6135292.053726020269096 ], [ 273706.225191397941671, 6135291.741872130893171 ], [ 273708.065786979801487, 6135291.252730272710323 ], [ 273709.851512371969875, 6135290.590735804289579 ], [ 273711.566175277926959, 6135289.761891444213688 ], [ 273713.194227769388817, 6135288.773712848313153 ], [ 273809.037780466664117, 6135224.161741258576512 ], [ 273849.732196456461679, 6135225.13360648136586 ], [ 273851.871531320095528, 6135225.070145962759852 ], [ 273853.991834980901331, 6135224.778438434004784 ], [ 273856.068825822789222, 6135224.261824517510831 ], [ 274054.586409423616715, 6135163.436184912919998 ], [ 274056.203407351626083, 6135162.863805063068867 ], [ 274056.307994737639092, 6135162.816343842074275 ], [ 274056.402514137269463, 6135162.782312995754182 ], [ 274056.854555479367264, 6135162.56831737421453 ], [ 274057.76541277038632, 6135162.154974996112287 ], [ 274057.967580780561548, 6135162.041413043625653 ], [ 274058.147128215816338, 6135161.956415585242212 ], [ 274058.588497794349678, 6135161.692631113342941 ], [ 274059.260935954458546, 6135161.314908690750599 ], [ 274106.246854716795497, 6135132.203310317359865 ], [ 274232.645917261834256, 6135221.580509576946497 ], [ 274232.540412145026494, 6135221.735949309542775 ], [ 274222.59112189814914, 6135237.985942086204886 ], [ 274156.480723333719652, 6135288.904830487444997 ], [ 274154.777800498181023, 6135290.37627109605819 ], [ 274153.250976482057013, 6135292.029719634912908 ], [ 274014.681910799292382, 6135460.160173847340047 ], [ 273904.636038796976209, 6135570.493800986558199 ], [ 273903.205115654622205, 6135572.091296611353755 ], [ 273901.953476714377757, 6135573.832828486338258 ], [ 273827.450041292991955, 6135690.190330050885677 ], [ 273803.192171239294112, 6135710.060383251868188 ], [ 273472.483898967970163, 6135702.811277895234525 ], [ 273384.043343873985577, 6135696.440360181964934 ], [ 273381.954076603055, 6135696.399308352731168 ], [ 273379.87193001358537, 6135696.576476527377963 ] ], [ [ 273492.327236786659341, 6133112.450523397885263 ], [ 273492.606922711071093, 6133110.49930960405618 ], [ 273499.217292695771903, 6133039.679329896345735 ], [ 273499.244827593618538, 6133039.356011840514839 ], [ 273507.416486099071335, 6132933.227582496590912 ], [ 273536.013603750849143, 6132913.169593040831387 ], [ 273610.290445803315379, 6132997.892436943016946 ], [ 273611.588305410055909, 6132999.240070682018995 ], [ 273613.006417602591682, 6133000.460527178831398 ], [ 273614.532371927343775, 6133001.543125743046403 ], [ 273616.152814161905553, 6133002.478392131626606 ], [ 273617.853563183278311, 6133003.258141461759806 ], [ 273619.619735072483309, 6133003.87554984446615 ], [ 273621.435873369278852, 6133004.325214096345007 ], [ 273623.286084338091314, 6133004.603199030272663 ], [ 273625.154176059935708, 6133004.707071891054511 ], [ 273931.747444549575448, 6133007.391371064819396 ], [ 273933.783109960204456, 6133007.305406748317182 ], [ 273935.799465829564724, 6133007.012776374816895 ], [ 273937.775585793831851, 6133006.516516951844096 ], [ 273939.690961069776677, 6133005.821778814308345 ], [ 273941.525713301205542, 6133004.935772168450058 ], [ 273943.260800862917677, 6133003.867692264728248 ], [ 273944.878216480312403, 6133002.628623966127634 ], [ 274025.727892406459432, 6132933.881670383736491 ], [ 274137.563739784876816, 6133045.914246347732842 ], [ 273940.844552704016678, 6133171.001072196289897 ], [ 273721.958704796968959, 6133091.811638135462999 ], [ 273720.133348243660294, 6133091.248272790573537 ], [ 273718.262569408921991, 6133090.861628755927086 ], [ 273716.36343590868637, 6133090.655233488418162 ], [ 273714.453274046245497, 6133090.630969986319542 ], [ 273601.708107314072549, 6133094.587064587511122 ], [ 273599.831706091121305, 6133094.741578729823232 ], [ 273597.978148570400663, 6133095.07185238506645 ], [ 273596.163860775413923, 6133095.574958702549338 ], [ 273594.404920725966804, 6133096.246439210139215 ], [ 273592.716915955941658, 6133097.080343320965767 ], [ 273591.114805378660094, 6133098.069281068630517 ], [ 273589.612786722485907, 6133099.204488594084978 ], [ 273588.224170712113846, 6133100.475905813276768 ], [ 273525.376935400126968, 6133163.70838332362473 ], [ 273482.415941938525066, 6133155.441752273589373 ], [ 273492.181012462242506, 6133113.139041054993868 ], [ 273492.224932676064782, 6133112.866829784587026 ], [ 273492.327236786659341, 6133112.450523397885263 ] ], [ [ 273631.258009918907192, 6130951.361567963846028 ], [ 273501.172298528486863, 6131046.813720373436809 ], [ 273171.869331087975297, 6131144.17299918550998 ], [ 273112.219189389084931, 6131011.307450138032436 ], [ 273631.258009918907192, 6130951.361567963846028 ] ], [ [ 274880.511427381134126, 6120050.986057962290943 ], [ 274881.277717085496988, 6120049.092319760471582 ], [ 274881.846825671324041, 6120047.130290274508297 ], [ 274882.212815281236544, 6120045.120440555736423 ], [ 274882.371867322071921, 6120043.083740592934191 ], [ 274882.32232230680529, 6120041.041440522298217 ], [ 274882.064697168767452, 6120039.014848907478154 ], [ 274881.601679868472274, 6120037.025110415183008 ], [ 274880.938101348059718, 6120035.092985203489661 ], [ 274880.080885127594229, 6120033.238632313907146 ], [ 274879.038975067494903, 6120031.48139934334904 ], [ 274836.266907700512093, 6119967.085587368346751 ], [ 274846.897268677188549, 6119951.696549019776285 ], [ 274983.565062963753007, 6120068.348795002326369 ], [ 274985.225274564349093, 6120069.621986078098416 ], [ 274987.009408537589479, 6120070.714773358777165 ], [ 274988.897940578695852, 6120071.615198149345815 ], [ 274990.870203923957888, 6120072.313406837172806 ], [ 274992.904615513514727, 6120072.801758717745543 ], [ 274994.97891218069708, 6120073.074909611605108 ], [ 275006.277510300453287, 6120073.964827599935234 ], [ 275008.366841836657841, 6120074.019844271242619 ], [ 275010.450506294320803, 6120073.856517818756402 ], [ 275012.505748322466388, 6120073.476631904020905 ], [ 275014.510122966486961, 6120072.884335197508335 ], [ 275016.441740786249284, 6120072.086096072569489 ], [ 275018.279506906575989, 6120071.0906319655478 ], [ 275020.003351391060278, 6120069.908814172260463 ], [ 275370.353150155511685, 6119801.769404400140047 ], [ 275295.280864545376971, 6120114.056152851320803 ], [ 275294.918705294316169, 6120115.967400132678449 ], [ 275294.743932492332533, 6120117.904790119268 ], [ 275294.758199501258787, 6120119.849994978867471 ], [ 275294.961371354234871, 6120121.784612949937582 ], [ 275295.351526032609399, 6120123.690342421643436 ], [ 275349.086378733220045, 6120333.618574903346598 ], [ 275116.403503586596344, 6120292.726065555587411 ], [ 275115.683637315989472, 6120292.613031758926809 ], [ 275079.379079567093868, 6120287.588321454823017 ], [ 275006.466056576464325, 6120214.964207916520536 ], [ 275005.010336757579353, 6120213.649975284934044 ], [ 275003.432896881422494, 6120212.484637977555394 ], [ 275001.748905324435327, 6120211.47940166760236 ], [ 274999.974555044667795, 6120210.643932525999844 ], [ 274998.126907873200253, 6120209.986264271661639 ], [ 274996.223730450961739, 6120209.512720924802125 ], [ 274994.28332338744076, 6120209.227855991572142 ], [ 274984.455958597536664, 6120208.274420447647572 ], [ 274984.449314485536888, 6120208.273778092116117 ], [ 274984.449291695957072, 6120208.273774761706591 ], [ 274847.284105265163817, 6120195.012591312639415 ], [ 274845.402412342955358, 6120194.919816635549068 ], [ 274845.355666468909476, 6120194.92192020919174 ], [ 274845.311185877770185, 6120194.919828825630248 ], [ 274844.71436757966876, 6120194.950778780505061 ], [ 274843.520338387403172, 6120195.004510319791734 ], [ 274843.427549901825842, 6120195.017510897479951 ], [ 274843.338737397396471, 6120195.022116558626294 ], [ 274842.665746730752289, 6120195.124246997758746 ], [ 274841.654583865951281, 6120195.265920839272439 ], [ 274841.517675837909337, 6120195.298473760485649 ], [ 274841.385996205615811, 6120195.318456947803497 ], [ 274840.717088607372716, 6120195.488831135444343 ], [ 274839.821704436675645, 6120195.701728586107492 ], [ 274839.643794220173731, 6120195.762204706668854 ], [ 274839.472006488067564, 6120195.805959921330214 ], [ 274838.837204644281883, 6120196.036384626291692 ], [ 274838.037964042392559, 6120196.308066445402801 ], [ 274788.680507444776595, 6120215.724396215751767 ], [ 274785.414016488823108, 6120210.635119759477675 ], [ 274879.555951726913918, 6120052.791746351867914 ], [ 274880.511427381134126, 6120050.986057962290943 ] ], [ [ 270935.173436599550769, 6136611.299904717132449 ], [ 270900.032578104641289, 6136101.915762212127447 ], [ 270918.564460763009265, 6135961.684732954017818 ], [ 271289.91378428041935, 6136036.492951676249504 ], [ 271529.885044893366285, 6136522.43317876663059 ], [ 271530.892055867007002, 6136524.23234798386693 ], [ 271532.078946871566586, 6136525.918281172402203 ], [ 271533.433103982533794, 6136527.473060736432672 ], [ 271549.178471585910302, 6136543.77255067974329 ], [ 271550.845609546056949, 6136545.312967746518552 ], [ 271552.67655497440137, 6136546.654561036266387 ], [ 271554.64772422373062, 6136547.780050043947995 ], [ 271685.064893096627202, 6136612.724742159247398 ], [ 271721.882192749180831, 6136681.564070783555508 ], [ 271725.647974989260547, 6136697.326211052015424 ], [ 271693.922431045619305, 6136855.972064943052828 ], [ 271244.954240898892749, 6137092.001311989501119 ], [ 271145.594475949474145, 6137002.342572099529207 ], [ 271050.046670854673721, 6136845.514593187719584 ], [ 270935.173436599550769, 6136611.299904717132449 ] ], [ [ 272864.48214225389529, 6131720.845299285836518 ], [ 272621.161784766009077, 6131589.55888226814568 ], [ 272619.556180922314525, 6131588.782896865159273 ], [ 272619.462997788097709, 6131588.747715710662305 ], [ 272619.38260894024279, 6131588.709330235607922 ], [ 272618.882611392531544, 6131588.528591684997082 ], [ 272617.887838099908549, 6131588.153016498312354 ], [ 272617.694709428702481, 6131588.099190219305456 ], [ 272617.528431111772079, 6131588.03908412065357 ], [ 272616.983015341800638, 6131587.900836220011115 ], [ 272616.1700201126514, 6131587.674248901195824 ], [ 272255.71687652595574, 6131504.335829020477831 ], [ 272205.305131810368039, 6131436.451342658139765 ], [ 272548.396028547140304, 6131521.655718373134732 ], [ 272864.891817656811327, 6131720.743452105671167 ], [ 272864.48214225389529, 6131720.845299285836518 ] ], [ [ 271370.307971791015007, 6135035.283837018534541 ], [ 271388.336017894383986, 6135055.461706818081439 ], [ 271386.596423184557352, 6135065.709318744949996 ], [ 271364.085969817824662, 6135067.078874547965825 ], [ 271363.344950072816573, 6135040.745959914289415 ], [ 271370.307971791015007, 6135035.283837018534541 ] ], [ [ 272171.189653035893571, 6133027.934973786585033 ], [ 272250.381095289369114, 6133181.831331776455045 ], [ 272231.923595593660139, 6133209.310768827795982 ], [ 272047.68186819931725, 6133107.430187866091728 ], [ 272046.196713649434969, 6133106.687698777765036 ], [ 272044.655088438652456, 6133106.070960751734674 ], [ 272022.007632862427272, 6133098.084345506504178 ], [ 272171.189653035893571, 6133027.934973786585033 ] ], [ [ 273715.070543681329582, 6139916.657393739558756 ], [ 273717.609120553999674, 6139910.193466256372631 ], [ 273718.196885521057993, 6139908.470109588466585 ], [ 273718.625480194867123, 6139906.700439430773258 ], [ 273718.891352140635718, 6139904.89912380836904 ], [ 273731.740105982345995, 6139778.121925340034068 ], [ 274101.013799156819005, 6139953.516973098739982 ], [ 274102.741168821929023, 6139954.240362228825688 ], [ 274104.528627076884732, 6139954.799013085663319 ], [ 274106.360501944553107, 6139955.188027560710907 ], [ 274108.220732014160603, 6139955.403994875960052 ], [ 274116.760965970461257, 6139955.992014995776117 ], [ 274118.768497843411751, 6139956.029211624525487 ], [ 274120.769642444327474, 6139955.864931083284318 ], [ 274122.744230397802312, 6139955.500829141587019 ], [ 274124.672359990829136, 6139954.940575554035604 ], [ 274231.164958944020327, 6139918.106920841149986 ], [ 274232.845403187442571, 6139917.439193526282907 ], [ 274234.458670099556912, 6139916.622417856939137 ], [ 274235.991572220926173, 6139915.663270470686257 ], [ 274511.705600797838997, 6139725.27972514461726 ], [ 274600.145083440234885, 6139733.723012248985469 ], [ 274602.17676922865212, 6139733.813109843991697 ], [ 274604.207101191976108, 6139733.696418634615839 ], [ 274606.215086384327151, 6139733.374145168811083 ], [ 274608.179962917871308, 6139732.849621644243598 ], [ 274610.081414633837994, 6139732.128271457739174 ], [ 274611.899781164538581, 6139731.217553126625717 ], [ 274613.616261214832775, 6139730.126883168704808 ], [ 275046.968832335667685, 6139422.766594215296209 ], [ 275047.602577114419546, 6139422.266081065870821 ], [ 275048.369391999673098, 6139421.676701847463846 ], [ 275215.098160477937199, 6139279.617160779424012 ], [ 275216.061965137952939, 6139284.548903245478868 ], [ 275132.712866583140567, 6139354.441422770731151 ], [ 275131.040069860464428, 6139356.016374723054469 ], [ 275091.676370926608797, 6139397.594586678780615 ], [ 275090.373745120887179, 6139399.116414270363748 ], [ 275089.229887941502966, 6139400.760915398597717 ], [ 275088.256274544168264, 6139402.511592456139624 ], [ 275087.462672202032991, 6139404.350882680155337 ], [ 275086.857042320189066, 6139406.260334343649447 ], [ 275086.445460567425471, 6139408.220791858620942 ], [ 275086.232055924891029, 6139410.21258794888854 ], [ 275086.21896926430054, 6139412.215740950778127 ], [ 275086.406331870763097, 6139414.210155266337097 ], [ 275086.792264125950169, 6139416.17582296486944 ], [ 275155.152997382159811, 6139690.794163746759295 ], [ 275155.239995729643852, 6139691.080470672808588 ], [ 275155.321305047953501, 6139691.42603513225913 ], [ 275155.584853214386385, 6139692.215378280729055 ], [ 275155.746154298540205, 6139692.746211553923786 ], [ 275155.824361491249874, 6139692.932720464654267 ], [ 275155.898470848507714, 6139693.154682598076761 ], [ 275156.328240655246191, 6139694.134374054148793 ], [ 275156.535092134668957, 6139694.627674512565136 ], [ 275156.583987951045856, 6139694.717368570156395 ], [ 275156.630595981027, 6139694.823614955879748 ], [ 275157.511601349629927, 6139696.418974465690553 ], [ 275162.159506758849602, 6139703.997675279155374 ], [ 275133.59160548489308, 6139739.669149411842227 ], [ 275132.411079692246858, 6139741.306125695817173 ], [ 275131.401545691303909, 6139743.053745105862617 ], [ 275130.573283901205286, 6139744.894211054779589 ], [ 275129.934728786116466, 6139746.808781468309462 ], [ 275129.492382964410353, 6139748.777959641069174 ], [ 275129.250750989944208, 6139750.781692779622972 ], [ 275129.212293481337838, 6139752.79957620613277 ], [ 275129.377402063983027, 6139754.811061144806445 ], [ 275129.744395382585935, 6139756.795663977973163 ], [ 275130.309536222543102, 6139758.733174838125706 ], [ 275200.0871449392871, 6139959.634540346451104 ], [ 275197.488708091317676, 6140009.118709131143987 ], [ 275132.878563262231182, 6140075.727398783899844 ], [ 274978.646619528182782, 6139904.052755698561668 ], [ 274977.301169401733205, 6139902.692115725949407 ], [ 274977.289366776181851, 6139902.682268994860351 ], [ 274977.278722862130962, 6139902.671521296724677 ], [ 274976.79581870516995, 6139902.270510171540082 ], [ 274975.831845489097759, 6139901.466283592395484 ], [ 274975.806463861605152, 6139901.448934516869485 ], [ 274975.783193671901245, 6139901.429610589519143 ], [ 274975.169802412507124, 6139901.0137580325827 ], [ 274974.252097897522617, 6139900.386480497196317 ], [ 274974.211708758375607, 6139900.364212266169488 ], [ 274974.174160781723913, 6139900.338756373152137 ], [ 274973.488257417804562, 6139899.96534311119467 ], [ 274972.57638754643267, 6139899.462590894661844 ], [ 274972.519938546523917, 6139899.438179770484567 ], [ 274972.466825327777769, 6139899.409264355897903 ], [ 274971.733732397959102, 6139899.098188348114491 ], [ 274970.820053792675026, 6139898.703072017990053 ], [ 274970.746891460788902, 6139898.679438520222902 ], [ 274970.6773171472596, 6139898.64991579670459 ], [ 274969.913414394191932, 6139898.41020190436393 ], [ 274968.999174015247263, 6139898.114876459352672 ], [ 274968.909060521516949, 6139898.095034070312977 ], [ 274968.82254239404574, 6139898.067884544841945 ], [ 274968.040665404812898, 6139897.903819267638028 ], [ 274967.130416443746071, 6139897.703388527967036 ], [ 274967.02354015072342, 6139897.690390634350479 ], [ 274966.920023819548078, 6139897.668669269420207 ], [ 274966.131203365803231, 6139897.58186798542738 ], [ 274965.230887578392867, 6139897.472374960780144 ], [ 274965.107867280370556, 6139897.469260756857693 ], [ 274964.987735229195096, 6139897.456041504628956 ], [ 274964.201863864785992, 6139897.446325682103634 ], [ 274963.317975598038174, 6139897.423950442112982 ], [ 274963.179858236922882, 6139897.433690502308309 ], [ 274963.043931676715147, 6139897.432010025717318 ], [ 274962.270038978895172, 6139897.497851113788784 ], [ 274961.409191189799458, 6139897.558558247983456 ], [ 274961.257443172100466, 6139897.584000536240637 ], [ 274961.106977001996711, 6139897.596801866777241 ], [ 274960.353340796893463, 6139897.73558362480253 ], [ 274959.522007257211953, 6139897.874966186471283 ], [ 274959.358499350491911, 6139897.918783215805888 ], [ 274959.195170341117773, 6139897.948860176838934 ], [ 274958.469353753200267, 6139898.157057432457805 ], [ 274957.673698974424042, 6139898.370277876965702 ], [ 274957.50068493001163, 6139898.434915769845247 ], [ 274957.326573247322813, 6139898.484858931042254 ], [ 274956.635426969849505, 6139898.75817537587136 ], [ 274955.881185649894178, 6139899.039959263056517 ], [ 274955.701274896448012, 6139899.127589394338429 ], [ 274955.518839057011064, 6139899.199734346009791 ], [ 274954.868488083244301, 6139899.533219496719539 ], [ 274954.160875848378055, 6139899.877880122512579 ], [ 274953.9770004497841, 6139899.990354029461741 ], [ 274953.789046111982316, 6139900.086732728406787 ], [ 274953.184871538658626, 6139900.474887763150036 ], [ 274952.528517187631223, 6139900.876370172947645 ], [ 274952.34389348316472, 6139901.015178401954472 ], [ 274952.153536413738038, 6139901.137474271468818 ], [ 274951.600157454027794, 6139901.574351890943944 ], [ 274950.999052185623441, 6139902.026289294473827 ], [ 274700.824006929411553, 6140109.57390446588397 ], [ 274658.249489283771254, 6140079.42996911983937 ], [ 274656.613403246039525, 6140078.386897304095328 ], [ 274604.371927942964248, 6140048.541971650905907 ], [ 274602.428922513267025, 6140047.567968255840242 ], [ 274600.391698644380085, 6140046.810557125136256 ], [ 274598.284315709373914, 6140046.278683193959296 ], [ 274596.131661651539616, 6140045.97862783074379 ], [ 274482.748132859531324, 6140036.416783051565289 ], [ 274480.778116572124418, 6140036.348134635947645 ], [ 274478.810911034641322, 6140036.473749726079404 ], [ 274476.86562605923973, 6140036.792408072389662 ], [ 274474.961158517515287, 6140037.301014168187976 ], [ 274473.116008772864006, 6140037.99462731461972 ], [ 274376.351618904562201, 6140079.921502298675478 ], [ 274374.613634865672793, 6140080.776779222302139 ], [ 274372.966539852495771, 6140081.796173725277185 ], [ 274355.506456345086917, 6140093.809275474399328 ], [ 274132.466972800844815, 6139998.362142779864371 ], [ 274131.697137626819313, 6139998.071861900389194 ], [ 274131.12379957921803, 6139997.843715319409966 ], [ 274130.979751585517079, 6139997.801357955671847 ], [ 274130.829156003717799, 6139997.744573050178587 ], [ 274129.937458725005854, 6139997.494871373288333 ], [ 274129.345196662354283, 6139997.3207165049389 ], [ 274129.24672243319219, 6139997.301444730721414 ], [ 274129.143614344880916, 6139997.272571409121156 ], [ 274128.064542346051894, 6139997.070087678730488 ], [ 274127.525807616126258, 6139996.964655282907188 ], [ 274127.475782041496132, 6139996.959609061479568 ], [ 274127.423258383292705, 6139996.949753197841346 ], [ 274125.681265341234393, 6139996.778591070324183 ], [ 274106.154829614621121, 6139995.719835823401809 ], [ 274104.439584075298626, 6139995.700501489453018 ], [ 274104.334911359183025, 6139995.708316430449486 ], [ 274104.242035584000405, 6139995.70772856194526 ], [ 274103.738092427200172, 6139995.752875365316868 ], [ 274102.728990560804959, 6139995.82821564283222 ], [ 274102.520132724603172, 6139995.861988835968077 ], [ 274102.336833388661034, 6139995.878410090692341 ], [ 274101.817691968928557, 6139995.975576468743384 ], [ 274101.035632372717373, 6139996.102038803510368 ], [ 273862.630477945436724, 6140045.227278213948011 ], [ 273720.621733192936517, 6140059.23673702776432 ], [ 273672.762802957673557, 6140001.126787051558495 ], [ 273714.329210197494831, 6139918.318698517978191 ], [ 273715.070543681329582, 6139916.657393739558756 ] ], [ [ 275821.784858535800595, 6126801.399851799942553 ], [ 275684.220032966812141, 6126974.896994339302182 ], [ 275527.695965747232549, 6126771.182215601205826 ], [ 275656.103559403680265, 6126685.891731145791709 ], [ 275690.436038923333399, 6126678.958798262290657 ], [ 275821.784858535800595, 6126801.399851799942553 ] ], [ [ 274558.812428261851892, 6126019.285990853793919 ], [ 274501.85889525123639, 6125982.457411800511181 ], [ 274500.17484420677647, 6125981.481235342100263 ], [ 274498.40387424628716, 6125980.673390185460448 ], [ 274496.562760654487647, 6125980.041528538800776 ], [ 274494.668943142343778, 6125979.591635631397367 ], [ 274492.740360651921947, 6125979.327973013743758 ], [ 274458.982053452171385, 6125976.377153595909476 ], [ 274481.259755667299032, 6125920.59974171128124 ], [ 274600.797543238499202, 6125820.241755627095699 ], [ 274602.943159451766405, 6125821.978371439501643 ], [ 274657.865795771183912, 6125900.151245167478919 ], [ 274583.643520759011153, 6125990.652644006535411 ], [ 274582.436645179986954, 6125992.286943467333913 ], [ 274581.401795875281096, 6125994.035248448140919 ], [ 274580.549651153385639, 6125995.879518700763583 ], [ 274579.889004047261551, 6125997.800723737105727 ], [ 274579.426671581808478, 6125999.779039202257991 ], [ 274579.167424430896062, 6126001.794051436707377 ], [ 274579.113937690388411, 6126003.824968116357923 ], [ 274579.266763274325058, 6126005.850832804106176 ], [ 274579.624324220058043, 6126007.850741191767156 ], [ 274580.182930960436352, 6126009.804056809283793 ], [ 274580.936819395341445, 6126011.690623960457742 ], [ 274581.878210369788576, 6126013.490975710563362 ], [ 274582.997389944677707, 6126015.186534754000604 ], [ 274607.989847801916767, 6126049.161460348404944 ], [ 274587.572854108235333, 6126059.219630278646946 ], [ 274564.558022495184559, 6126024.933788320980966 ], [ 274563.344355663401075, 6126023.310085635632277 ], [ 274561.972558957000729, 6126021.817580565810204 ], [ 274560.456725521362387, 6126020.471606352366507 ], [ 274558.812428261851892, 6126019.285990853793919 ] ], [ [ 274993.15940302942181, 6121474.37841994035989 ], [ 275034.468840797839221, 6121502.414955307729542 ], [ 274985.528021767444443, 6121480.094580477103591 ], [ 274993.15940302942181, 6121474.37841994035989 ] ], [ [ 274429.382788896269631, 6138024.796794322319329 ], [ 274429.126902991498355, 6138022.992911601439118 ], [ 274428.707920965272933, 6138021.219800062477589 ], [ 274428.129319813800976, 6138019.492174183949828 ], [ 274427.39590116078034, 6138017.824370973743498 ], [ 274408.634982791787479, 6137979.944792605936527 ], [ 274407.178969973698258, 6137977.469536538235843 ], [ 274388.775477474846411, 6137950.774414636194706 ], [ 274472.383595374994911, 6137997.922133020125329 ], [ 274510.678371983231045, 6138293.964707296341658 ], [ 274404.119940957054496, 6138364.625532343052328 ], [ 274419.362095945747569, 6138143.623981008306146 ], [ 274429.398149388784077, 6138028.436862827278674 ], [ 274429.473455165396444, 6138026.616478387266397 ], [ 274429.382788896269631, 6138024.796794322319329 ] ], [ [ 275159.776631714717951, 6136282.225520715117455 ], [ 275160.268049489473924, 6136280.405993397347629 ], [ 275160.586010690196417, 6136278.548287349753082 ], [ 275160.727691685489845, 6136276.668899794109166 ], [ 275160.691834287543315, 6136274.7845204975456 ], [ 275160.478756925323978, 6136272.911883553490043 ], [ 275160.090351816965267, 6136271.067618778906763 ], [ 275159.53006816591369, 6136269.268104034475982 ], [ 275158.802881530718878, 6136267.5293197799474 ], [ 275157.915249639889225, 6136265.866707162931561 ], [ 275100.651450209203176, 6136169.795991672202945 ], [ 275151.053204039228149, 6136170.215872973203659 ], [ 275153.05527617741609, 6136170.13216563500464 ], [ 275155.038923468615394, 6136169.848540549166501 ], [ 275156.984233566618059, 6136169.367844816297293 ], [ 275158.871678963419981, 6136168.694903779774904 ], [ 275160.682313011493534, 6136167.8364725895226 ], [ 275162.397960114525631, 6136166.801168391481042 ], [ 275164.00139817915624, 6136165.59938382729888 ], [ 275273.029184178274591, 6136075.008170895278454 ], [ 275274.505735676677432, 6136073.650528184138238 ], [ 275275.838871766813099, 6136072.151813327334821 ], [ 275277.015183105657343, 6136070.52710113953799 ], [ 275278.022837771335617, 6136068.792733781039715 ], [ 275278.851700274331961, 6136066.966156378388405 ], [ 275279.493433505122084, 6136065.065741550177336 ], [ 275323.168058705283329, 6135910.563025535084307 ], [ 275323.992276578734163, 6135910.563284583389759 ], [ 275329.615276683645789, 6135910.246322936378419 ], [ 275331.494030233006924, 6135910.051082454621792 ], [ 275333.345986297819763, 6135909.679474491626024 ], [ 275335.154626199800987, 6135909.134813633747399 ], [ 275336.90381762268953, 6135908.421958031132817 ], [ 275338.577958506066352, 6135907.547266058623791 ], [ 275340.16211620910326, 6135906.518539604730904 ], [ 275341.642160703544505, 6135905.344954482279718 ], [ 275343.004890607553534, 6135904.036978582851589 ], [ 275344.238150936784223, 6135902.606278507970273 ], [ 275625.516239533841144, 6135543.293710893020034 ], [ 275728.115688290214166, 6135518.736075965687633 ], [ 275730.523392846167553, 6135517.99670887272805 ], [ 275890.702147643023636, 6135457.530915467068553 ], [ 276085.951849135104567, 6135432.621647905558348 ], [ 276192.339183047239203, 6135463.145869977772236 ], [ 275959.675360586494207, 6135623.329656188376248 ], [ 275958.09348966361722, 6135624.539085791446269 ], [ 275956.639722877880558, 6135625.899820047430694 ], [ 275955.328470822132658, 6135627.398370556533337 ], [ 275954.172731398895849, 6135629.019882803782821 ], [ 275953.183960978290997, 6135630.74828340485692 ], [ 275842.072604964720085, 6135849.578335489146411 ], [ 275841.31715211388655, 6135850.349078711122274 ], [ 275674.875308185291942, 6135894.239973256364465 ], [ 275672.929000013100449, 6135894.861132846213877 ], [ 275671.056216030905489, 6135895.677609969861805 ], [ 275669.276498527557123, 6135896.680884780362248 ], [ 275667.608418653835543, 6135897.860488219186664 ], [ 275666.069382634188514, 6135899.204111256636679 ], [ 275561.532499364460818, 6136000.329220596700907 ], [ 275560.513997719215695, 6136000.815949876792729 ], [ 275558.72251852741465, 6136001.916738664731383 ], [ 275318.417998866934795, 6136167.581511022523046 ], [ 275318.127044106891844, 6136167.483224681578577 ], [ 275316.172488537966274, 6136167.034921976737678 ], [ 275314.182864952192176, 6136166.7846006359905 ], [ 275312.17817534779897, 6136166.734777177684009 ], [ 275310.178573184064589, 6136166.885952484793961 ], [ 275308.20416077534901, 6136167.236606769263744 ], [ 275306.27478719962528, 6136167.783214848488569 ], [ 275304.409848752140533, 6136168.5202815849334 ], [ 275302.628093952022027, 6136169.440397132188082 ], [ 275300.947435059817508, 6136170.534311422146857 ], [ 275299.384768003306817, 6136171.791027165018022 ], [ 275138.724810791783966, 6136314.834563342854381 ], [ 275157.312734929786529, 6136287.29600035212934 ], [ 275158.292384057829622, 6136285.685888966545463 ], [ 275159.116121366037987, 6136283.990711119957268 ], [ 275159.776631714717951, 6136282.225520715117455 ] ], [ [ 274532.33850393933244, 6133125.320952979847789 ], [ 274534.039765524794348, 6133126.509776712395251 ], [ 274535.855069146142341, 6133127.51589082647115 ], [ 274537.764865831006318, 6133128.328460498712957 ], [ 274546.68986447941279, 6133131.590003873221576 ], [ 274548.572415994654875, 6133132.174536572769284 ], [ 274550.503365680691786, 6133132.57091012597084 ], [ 274552.463955912564415, 6133132.775274083949625 ], [ 274554.435141130990814, 6133132.785643212497234 ], [ 274556.39777285506716, 6133132.601916785351932 ], [ 274558.332785694103222, 6133132.225879557430744 ], [ 274560.221382552757859, 6133131.661184427328408 ], [ 274562.045217229693662, 6133130.913316955789924 ], [ 274563.786572636046913, 6133129.989542073570192 ], [ 274565.42853290279163, 6133128.898833512328565 ], [ 274565.57294285017997, 6133128.780869259499013 ], [ 274565.799918583303224, 6133129.734241572208703 ], [ 274566.405340281431563, 6133131.514620027504861 ], [ 274577.820443769684061, 6133160.530181587673724 ], [ 274507.906911329308059, 6133208.244324778206646 ], [ 274419.541995892126579, 6133167.183320605196059 ], [ 274322.793052039400209, 6133062.864088816568255 ], [ 274406.376692983380053, 6133004.389379522763193 ], [ 274530.769605245033745, 6133123.962222050875425 ], [ 274532.33850393933244, 6133125.320952979847789 ] ], [ [ 274351.280405082448851, 6131779.933143992908299 ], [ 274431.79362857498927, 6131891.953184633515775 ], [ 274312.597408945614006, 6131976.244465680792928 ], [ 274291.0618470038753, 6131973.307848525233567 ], [ 274215.181245916988701, 6131926.245642165653408 ], [ 274202.495393691991922, 6131912.584768540225923 ], [ 274351.280405082448851, 6131779.933143992908299 ] ], [ [ 278217.143258416908793, 6140137.157378382980824 ], [ 278215.994637692288961, 6140135.56864960025996 ], [ 278214.695990704349242, 6140134.100009170360863 ], [ 278213.259795466030482, 6140132.765568482689559 ], [ 278211.699851618730463, 6140131.578149472363293 ], [ 278210.031147838861216, 6140130.549161422066391 ], [ 278208.269717819639482, 6140129.688491334207356 ], [ 278206.432486211706419, 6140129.004408934153616 ], [ 278204.537106003088411, 6140128.503487206064165 ], [ 278202.601788901025429, 6140128.190539244562387 ], [ 278200.645130345365033, 6140128.068571999669075 ], [ 278198.68593083450105, 6140128.138757390901446 ], [ 278196.743015281739645, 6140128.40042104292661 ], [ 278194.835052136331797, 6140128.851048770360649 ], [ 278192.980374008300714, 6140129.486310726962984 ], [ 278191.19680152006913, 6140130.300103017129004 ], [ 278189.50147207750706, 6140131.28460634034127 ], [ 277987.837027089553885, 6140262.015222855843604 ], [ 277905.761832308548037, 6139768.899625831283629 ], [ 277905.4272112075123, 6139767.297220724634826 ], [ 277904.962666306470055, 6139765.727548325434327 ], [ 277904.371309677022509, 6139764.201124156825244 ], [ 277798.119741016649641, 6139520.100967635400593 ], [ 277797.217553628142923, 6139518.285696579143405 ], [ 277796.136249510163907, 6139516.571073442697525 ], [ 277794.886936767667066, 6139514.974712342023849 ], [ 277793.482449437782634, 6139513.513012498617172 ], [ 277791.937215647136327, 6139512.200989775359631 ], [ 277790.267109393549617, 6139511.052122422493994 ], [ 277785.237293526297435, 6139507.955428490415215 ], [ 277783.536931364622433, 6139507.019186128862202 ], [ 277781.753818553755991, 6139506.252185513265431 ], [ 277779.904751040914562, 6139505.661651370115578 ], [ 277778.007146030955482, 6139505.253146207891405 ], [ 277776.078877925232518, 6139505.030517923645675 ], [ 277774.138109954714309, 6139504.995863551273942 ], [ 277772.203123092243914, 6139505.149509518407285 ], [ 277770.292143855942413, 6139505.490008562803268 ], [ 277768.423172625014558, 6139506.014153369702399 ], [ 277766.613814086362254, 6139506.717006782069802 ], [ 277764.88111140782712, 6139507.591948305256665 ], [ 277763.241385701112449, 6139508.630736468359828 ], [ 277761.710082285513636, 6139509.823586455546319 ], [ 277760.301625201827846, 6139511.159262270666659 ], [ 277575.644362822873518, 6139704.137063387781382 ], [ 277933.306575729162432, 6138880.872142348438501 ], [ 277933.312114029889926, 6138880.857435465790331 ], [ 277933.31940729933558, 6138880.842541405931115 ], [ 277933.985151982982643, 6138879.079741816036403 ], [ 277933.994677420414519, 6138879.044897640123963 ], [ 277934.006727625557687, 6138879.012898484244943 ], [ 277934.00831941049546, 6138879.006933497264981 ], [ 277934.010479932941962, 6138879.001190908253193 ], [ 277934.147016027651262, 6138878.487641010433435 ], [ 277934.482041934912559, 6138877.262111833319068 ], [ 277934.497321274771821, 6138877.174468792974949 ], [ 277934.518964549759403, 6138877.093363708816469 ], [ 277934.520948816672899, 6138877.081176689825952 ], [ 277934.524101667571813, 6138877.069317948073149 ], [ 277934.628132639103569, 6138876.424128415994346 ], [ 277934.805666414147709, 6138875.405786006711423 ], [ 277934.81677969393786, 6138875.264235352165997 ], [ 277934.838232003385201, 6138875.132479031570256 ], [ 277934.839380063232966, 6138875.113993319682777 ], [ 277934.84230992855737, 6138875.095822592265904 ], [ 277934.882051531749312, 6138874.432863196358085 ], [ 277934.953152704634704, 6138873.527242375537753 ], [ 277942.529474923212547, 6138630.967386783100665 ], [ 277942.527454523718916, 6138630.831770619377494 ], [ 277942.536048476642463, 6138630.699377331882715 ], [ 277942.51446745620342, 6138629.960033970884979 ], [ 277942.502003111701924, 6138629.123384291306138 ], [ 277942.485592215904035, 6138628.970798209309578 ], [ 277942.481214414117858, 6138628.820819263346493 ], [ 277942.39171797549352, 6138628.097969402559102 ], [ 277942.304792785143945, 6138627.289751836098731 ], [ 277942.270862272183876, 6138627.121835271827877 ], [ 277942.250293214514386, 6138626.955701951868832 ], [ 277942.096042683871929, 6138626.256681695580482 ], [ 277941.939520773594268, 6138625.482080337591469 ], [ 277941.885133948759176, 6138625.300902305170894 ], [ 277941.845323904592078, 6138625.120494320988655 ], [ 277939.17637400503736, 6138615.254143906757236 ], [ 277960.502948195033241, 6138676.239215917885303 ], [ 277960.918318391952198, 6138677.254416489973664 ], [ 277961.245892204635311, 6138678.068493719212711 ], [ 277961.269960137782618, 6138678.113859233446419 ], [ 277961.289661052054726, 6138678.162009966559708 ], [ 277961.829877372831106, 6138679.169244140386581 ], [ 277962.231623233528808, 6138679.926492695696652 ], [ 277962.253150055534206, 6138679.958436717279255 ], [ 277962.271591305325273, 6138679.992820456624031 ], [ 277962.95415315660648, 6138680.998667291365564 ], [ 277963.407028541725595, 6138681.670696875080466 ], [ 277963.423538778035436, 6138681.690370235592127 ], [ 277963.438143794832285, 6138681.711892695166171 ], [ 277964.319462579500396, 6138682.757940166629851 ], [ 277964.759108658181503, 6138683.281816118396819 ], [ 277964.768352208891883, 6138683.290732466615736 ], [ 277964.776731261459645, 6138683.300677660852671 ], [ 277966.272910165484063, 6138684.742032148875296 ], [ 277995.53385879995767, 6138710.136642995290458 ], [ 277997.005219718266744, 6138711.297330854460597 ], [ 277998.57876165601192, 6138712.315203650854528 ], [ 278000.240668524464127, 6138713.181324208155274 ], [ 278001.976348368916661, 6138713.888087773695588 ], [ 278003.770561489684042, 6138714.429288786835968 ], [ 278005.607554250280373, 6138714.800175368785858 ], [ 278007.47119739849586, 6138714.997491043061018 ], [ 278009.345127684937324, 6138715.019503329880536 ], [ 278398.43050769646652, 6138701.348191549070179 ], [ 278400.322116915252991, 6138701.191602765582502 ], [ 278400.385492030705791, 6138701.180231940001249 ], [ 278400.44544191804016, 6138701.175081433728337 ], [ 278401.026417752262205, 6138701.065236419439316 ], [ 278402.190363338508178, 6138700.856400161981583 ], [ 278402.314664679637644, 6138700.821667765267193 ], [ 278402.432592838129494, 6138700.799371105618775 ], [ 278403.065223723184317, 6138700.611945854499936 ], [ 278404.018420112202875, 6138700.345602828077972 ], [ 278404.199565683666151, 6138700.275882075540721 ], [ 278404.371642201032955, 6138700.224902135320008 ], [ 278404.976433666073717, 6138699.976874927058816 ], [ 278405.789822360849939, 6138699.66381139587611 ], [ 278406.022162497974932, 6138699.548017679713666 ], [ 278406.242763580754399, 6138699.457548363134265 ], [ 278406.792039599560667, 6138699.16432620305568 ], [ 278407.488615483045578, 6138698.817166599445045 ], [ 278407.76502169854939, 6138698.644915373064578 ], [ 278408.026825102511793, 6138698.505155840888619 ], [ 278408.508524552511517, 6138698.181578187271953 ], [ 278409.09949885046808, 6138697.813293967396021 ], [ 278409.411474918422755, 6138697.575028685852885 ], [ 278409.705585062736645, 6138697.377462609671056 ], [ 278410.114859109395184, 6138697.037833532318473 ], [ 278410.607963617308997, 6138696.661235144361854 ], [ 278410.945777441142127, 6138696.348310145549476 ], [ 278411.26187844685046, 6138696.08599912468344 ], [ 278517.383229595259763, 6138598.553496052511036 ], [ 278542.422970352636185, 6138636.750078002922237 ], [ 278543.596439893299248, 6138638.359261380508542 ], [ 278544.924135586712509, 6138639.843756599351764 ], [ 278546.392891664174385, 6138641.188843023963273 ], [ 278547.988143566297367, 6138642.381182437762618 ], [ 278549.694072368787602, 6138643.408951296471059 ], [ 278551.493761646910571, 6138644.261957984417677 ], [ 278553.369365223450586, 6138644.931743868626654 ], [ 278555.302284135308582, 6138645.41166718211025 ], [ 278805.499811705725733, 6138694.453188938088715 ], [ 278833.737546905584168, 6138791.609878073446453 ], [ 278868.518661056121346, 6138953.102421691641212 ], [ 278791.457867976394482, 6139329.341337290592492 ], [ 278617.458196995488834, 6139783.45521819870919 ], [ 278617.097659586521331, 6139784.539203249849379 ], [ 278616.914202739833854, 6139785.080126117914915 ], [ 278616.905318415781949, 6139785.117492627352476 ], [ 278616.89264184969943, 6139785.155605754815042 ], [ 278616.849839995789807, 6139785.337208678014576 ], [ 278616.803259378240909, 6139785.481308735907078 ], [ 278616.802585021127015, 6139785.484533720649779 ], [ 278616.801575258316007, 6139785.487659239210188 ], [ 278616.703011689940467, 6139785.960182852111757 ], [ 278616.481556366488803, 6139786.899790146388113 ], [ 278584.963973812467884, 6139953.792951226234436 ], [ 278584.836674727266654, 6139954.672905238345265 ], [ 278584.746174002008047, 6139955.231399952434003 ], [ 278584.737745483813342, 6139955.356752923689783 ], [ 278584.717892682412639, 6139955.493985271081328 ], [ 278584.715444578847382, 6139955.536362370476127 ], [ 278584.709742336592171, 6139955.576363108120859 ], [ 278584.681671050027944, 6139956.120988045819104 ], [ 278584.653065822320059, 6139956.616149527952075 ], [ 278584.620753447758034, 6139957.096714683808386 ], [ 278584.622179914964363, 6139957.150789971463382 ], [ 278584.61876711959485, 6139957.209866055287421 ], [ 278584.621168583631516, 6139957.294826370663941 ], [ 278584.617014772433322, 6139957.375416520051658 ], [ 278584.640995979774743, 6139957.996290895156562 ], [ 278584.667329184361733, 6139958.927921487949789 ], [ 278594.180470636463724, 6140092.238523527048528 ], [ 278594.439201290020719, 6140094.319590993225574 ], [ 278594.46562361222459, 6140094.433156965300441 ], [ 278594.479068321175873, 6140094.53663197811693 ], [ 278594.630896288959775, 6140095.143516639247537 ], [ 278594.630896289250813, 6140095.143516640178859 ], [ 278594.653396014589816, 6140095.240222871303558 ], [ 278626.952528466179501, 6140536.129853146150708 ], [ 278626.992500903899781, 6140536.468084671534598 ], [ 278627.010285897355061, 6140536.774789307266474 ], [ 278627.029573027102742, 6140536.899790124036372 ], [ 278627.037078335299157, 6140537.014031443744898 ], [ 278627.101538054470439, 6140537.390715459361672 ], [ 278627.101538054528646, 6140537.390715459361672 ], [ 278627.161398798460141, 6140537.897234247997403 ], [ 278627.245019840134773, 6140538.296111289411783 ], [ 278627.300417348335031, 6140538.655145206488669 ], [ 278627.354263154498767, 6140538.867568085901439 ], [ 278627.387353660131339, 6140539.060939460992813 ], [ 278627.458719654474407, 6140539.31547134462744 ], [ 278627.526555146323517, 6140539.639050431549549 ], [ 278627.665223924501333, 6140540.09431510232389 ], [ 278627.767912462702952, 6140540.499423624947667 ], [ 278627.873348517285194, 6140540.794274610467255 ], [ 278627.947990958637092, 6140541.060492174699903 ], [ 278627.997806261526421, 6140541.186219065450132 ], [ 278628.045106144389138, 6140541.341509722173214 ], [ 278628.250117143266834, 6140541.847904709167778 ], [ 278628.408540509291925, 6140542.290934237651527 ], [ 278669.225558996258769, 6140641.306193840689957 ], [ 278416.115353197208606, 6140520.176129220984876 ], [ 278218.130816388409585, 6140138.850930261425674 ], [ 278217.143258416908793, 6140137.157378382980824 ] ], [ [ 278395.07214107591426, 6137428.064051424153149 ], [ 278393.292218694288749, 6137426.967192126438022 ], [ 278391.407515822094865, 6137426.062140146270394 ], [ 278389.438628605392296, 6137425.358785945922136 ], [ 278387.407073161855806, 6137424.864815821871161 ], [ 278385.335050451278221, 6137424.585627909749746 ], [ 278379.940132528834511, 6137424.144191786646843 ], [ 278378.236974432424176, 6137424.077703767456114 ], [ 278376.534340140235145, 6137424.156473211012781 ], [ 278374.844595749687869, 6137424.379928022623062 ], [ 278165.906206510670017, 6137461.128829646855593 ], [ 278164.151663783355616, 6137461.519440285861492 ], [ 278162.439277824712917, 6137462.066003349609673 ], [ 278160.782880418817513, 6137462.764103977940977 ], [ 278159.195851102704182, 6137463.608103268779814 ], [ 278157.691009093017783, 6137464.591183824464679 ], [ 278042.153561024169903, 6137547.709021143615246 ], [ 278024.055586977628991, 6137497.908509624190629 ], [ 278023.388947697356343, 6137496.296772641129792 ], [ 278022.584420496423263, 6137494.74924557749182 ], [ 278021.648124013270717, 6137493.277697777375579 ], [ 278020.587179026042577, 6137491.893320745788515 ], [ 277968.184938603430055, 6137429.364329574629664 ], [ 277967.457110855786595, 6137428.542739606462419 ], [ 277904.979638618300669, 6137361.799815974198282 ], [ 278052.726625012641307, 6137323.371025659143925 ], [ 278054.606684659782331, 6137322.781748964451253 ], [ 278056.419641066051554, 6137322.010347403585911 ], [ 278058.14790007279953, 6137321.0643071802333 ], [ 278059.774689482524991, 6137319.952809309586883 ], [ 278061.28422182740178, 6137318.686640521511436 ], [ 278062.661847581795882, 6137317.278088577091694 ], [ 278365.37085998209659, 6136975.617599512450397 ], [ 278366.53490982396761, 6136974.174132906831801 ], [ 278367.560265671170782, 6136972.629059037193656 ], [ 278368.43811303190887, 6136970.995660161599517 ], [ 278369.160905473923776, 6136969.287977825850248 ], [ 278369.722429497924168, 6136967.520692153833807 ], [ 278370.117857951379847, 6136965.708995652385056 ], [ 278389.755192337324843, 6136850.28505657799542 ], [ 278468.23535595764406, 6136889.115244947373867 ], [ 278469.926914340816438, 6136889.857030154205859 ], [ 278471.679691898927558, 6136890.439598510041833 ], [ 278473.478739126236178, 6136890.857981266453862 ], [ 278475.308711881225463, 6136891.108610021881759 ], [ 278482.545664448232856, 6136891.761101862415671 ], [ 278484.608622041181661, 6136891.84011731762439 ], [ 278486.668734513281379, 6136891.706049892120063 ], [ 278488.7040511732921, 6136891.360328087583184 ], [ 278490.69288553140359, 6136890.806635602377355 ], [ 278492.614046371309087, 6136890.050872081890702 ], [ 278494.447063544183038, 6136889.101090256124735 ], [ 278496.172406080644578, 6136887.967410140670836 ], [ 278655.756026069226209, 6136770.885688618756831 ], [ 278669.437805001682136, 6136791.713564051315188 ], [ 278664.618045434472151, 6136888.240220503881574 ], [ 278655.109143106150441, 6136994.660794765688479 ], [ 278655.090776012919378, 6136994.879938362166286 ], [ 278654.587796912936028, 6137001.305396933108568 ], [ 278654.558680622954853, 6137002.294442489743233 ], [ 278654.528002435225062, 6137003.085428299382329 ], [ 278654.532982293341774, 6137003.16738402005285 ], [ 278654.530509988893755, 6137003.251365246251225 ], [ 278654.601219066069461, 6137004.290386678650975 ], [ 278654.648591653094627, 6137005.070018233731389 ], [ 278654.658414157049265, 6137005.130829346366227 ], [ 278654.662691644043662, 6137005.193684086203575 ], [ 278654.846746433759108, 6137006.296794287860394 ], [ 278654.965634180116467, 6137007.032828209921718 ], [ 278654.97617859399179, 6137007.072530342265964 ], [ 278654.983089432644192, 6137007.113949621096253 ], [ 278655.312967102625407, 6137008.340616189874709 ], [ 278655.475996733293869, 6137008.954460076987743 ], [ 278655.483215984306298, 6137008.973695147782564 ], [ 278655.488667525991332, 6137008.993966977111995 ], [ 278656.174635477538686, 6137010.815922639332712 ], [ 278732.14920175622683, 6137186.205506108701229 ], [ 278664.987685362109914, 6137341.367934788577259 ], [ 278664.204568508488592, 6137343.502520033158362 ], [ 278663.668790581810754, 6137345.712196068838239 ], [ 278663.387276144814678, 6137347.968404347077012 ], [ 278662.902092106523924, 6137355.171245219185948 ], [ 278662.868005401513074, 6137357.182639913633466 ], [ 278662.869792861223686, 6137357.20395031850785 ], [ 278662.869460227550007, 6137357.224884126335382 ], [ 278662.926405792997684, 6137357.87889951094985 ], [ 278663.036149584979285, 6137359.18728403467685 ], [ 278663.043989348458126, 6137359.229337488301098 ], [ 278663.047620471334085, 6137359.27104065194726 ], [ 278663.192903090268373, 6137360.028129082173109 ], [ 278663.404823512712028, 6137361.164896245114505 ], [ 278663.422863864863757, 6137361.226487446576357 ], [ 278663.434693916409742, 6137361.288135531358421 ], [ 278663.667511936160736, 6137362.061735484749079 ], [ 278663.97029724548338, 6137363.09546869341284 ], [ 278664.002485407341737, 6137363.174774167127907 ], [ 278664.0265983917634, 6137363.254895987920463 ], [ 278664.341823525377549, 6137364.010838381014764 ], [ 278664.726849785889499, 6137364.959469437599182 ], [ 278664.776850417489186, 6137365.054077750071883 ], [ 278664.817091528384481, 6137365.150580085813999 ], [ 278665.20790914457757, 6137365.869702222757041 ], [ 278665.666826958477031, 6137366.738040053285658 ], [ 278665.73794490279397, 6137366.844992054626346 ], [ 278665.797836592828389, 6137366.955195480026305 ], [ 278666.256451123103034, 6137367.624756969511509 ], [ 278666.780718848633114, 6137368.413186428137124 ], [ 278826.3590444153524, 6137584.033618574030697 ], [ 278829.19224217790179, 6137631.772900840267539 ], [ 278790.49780325347092, 6137644.585575971752405 ], [ 278587.034469222649932, 6137450.625041561201215 ], [ 278585.836055760970339, 6137449.570607949979603 ], [ 278584.557369156857021, 6137448.615105133503675 ], [ 278575.830257264140528, 6137442.621168978512287 ], [ 278574.08358426054474, 6137441.548920618370175 ], [ 278572.236346507619601, 6137440.661060374230146 ], [ 278570.30794269463513, 6137439.966912074945867 ], [ 278568.31862387288129, 6137439.473765288479626 ], [ 278566.289280790020712, 6137439.186798775568604 ], [ 278564.241224506811704, 6137439.109026102349162 ], [ 278562.195962600060739, 6137439.241263994947076 ], [ 278560.174973301240243, 6137439.582123763859272 ], [ 278558.199479944363702, 6137440.128025883808732 ], [ 278556.290228089375887, 6137440.873237586580217 ], [ 278452.127511843456887, 6137487.813767018727958 ], [ 278398.241197583265603, 6137430.78328070230782 ], [ 278396.727831868338399, 6137429.340731495060027 ], [ 278395.07214107591426, 6137428.064051424153149 ] ], [ [ 278921.038562882691622, 6132521.865544024854898 ], [ 278826.114659992104862, 6132369.731489703059196 ], [ 278884.190484214806929, 6132265.195141293108463 ], [ 278915.205074795288965, 6132296.652524640783668 ], [ 278921.038562882691622, 6132521.865544024854898 ] ], [ [ 279029.943913934752345, 6131381.822708658874035 ], [ 279031.819834705616813, 6131382.237209897488356 ], [ 279045.801650822511874, 6131384.628892807289958 ], [ 279047.711131130112335, 6131384.861670987680554 ], [ 279049.634142267750576, 6131384.909929575398564 ], [ 279051.552894936583471, 6131384.773222140967846 ], [ 279053.449639231897891, 6131384.452813331969082 ], [ 279055.306828842905816, 6131383.951667170040309 ], [ 279170.855540622374974, 6131346.725007441826165 ], [ 279120.318662276200484, 6131662.293444499373436 ], [ 278997.571517134900205, 6131634.363241995684803 ], [ 278995.636556819139514, 6131634.021937143988907 ], [ 278993.677444202883635, 6131633.872143345884979 ], [ 278991.713087467767764, 6131633.915306320413947 ], [ 278989.762445408501662, 6131634.151009484194219 ], [ 278987.844344453827944, 6131634.576977972872555 ], [ 278985.977296965545975, 6131635.189100592397153 ], [ 278923.312723731738515, 6131659.203107875771821 ], [ 278783.308649766957387, 6131411.770784331485629 ], [ 278885.846934190078173, 6131342.63802057877183 ], [ 279029.943913934752345, 6131381.822708658874035 ] ], [ [ 279378.413945205044001, 6124499.058306061662734 ], [ 279377.582281397830229, 6124498.65056162327528 ], [ 279376.822908090776764, 6124498.270766736939549 ], [ 279376.75235775479814, 6124498.243670345284045 ], [ 279376.68397340096999, 6124498.21014316752553 ], [ 279375.806744324974716, 6124497.880486926063895 ], [ 279375.011452053789981, 6124497.575037619099021 ], [ 279374.945227068732493, 6124497.556735070422292 ], [ 279374.880416021158453, 6124497.532379554584622 ], [ 279373.964212107472122, 6124497.285612707957625 ], [ 279373.141099622414913, 6124497.058129733428359 ], [ 279373.080178594915196, 6124497.047510513104498 ], [ 279373.020010902313516, 6124497.031305178068578 ], [ 279372.071623497002292, 6124496.871708023361862 ], [ 279371.229457415291108, 6124496.724909008480608 ], [ 279371.174643058329821, 6124496.720761769451201 ], [ 279371.120023453724571, 6124496.711570236831903 ], [ 279370.146250641148072, 6124496.642953879199922 ], [ 279369.294520733645186, 6124496.578512226231396 ], [ 279369.246430110652, 6124496.579548527486622 ], [ 279369.198086426942609, 6124496.576142016798258 ], [ 279368.205437167547643, 6124496.601980807259679 ], [ 279367.354504161863588, 6124496.620317499153316 ], [ 279367.313561923161615, 6124496.625196436420083 ], [ 279367.272036275651772, 6124496.626277354545891 ], [ 279366.266228190390393, 6124496.750003379769623 ], [ 279365.427670103963464, 6124496.849931290373206 ], [ 279365.394104697043076, 6124496.857284654863179 ], [ 279365.359747625072487, 6124496.861510971561074 ], [ 279364.344728292606305, 6124497.087177494540811 ], [ 279363.53215687017655, 6124497.265192124061286 ], [ 279363.505999876942951, 6124497.273649730719626 ], [ 279363.47896738757845, 6124497.279659791849554 ], [ 279362.454648743150756, 6124497.613593799993396 ], [ 279361.685807931004092, 6124497.862190930172801 ], [ 279361.666896421520505, 6124497.870405771769583 ], [ 279361.647150062955916, 6124497.876843202859163 ], [ 279360.602775738341734, 6124498.332641896791756 ], [ 279359.90600394748617, 6124498.635307842865586 ], [ 279359.893985831120517, 6124498.641980710439384 ], [ 279359.881295752828009, 6124498.647519070655107 ], [ 279358.766978149127681, 6124499.267733772285283 ], [ 279358.209499157848768, 6124499.577265101484954 ], [ 279358.203841470647603, 6124499.581168332137167 ], [ 279358.197792391933035, 6124499.584535170346498 ], [ 279356.612263660586905, 6124500.67919556517154 ], [ 279220.621461399947293, 6124604.585625164210796 ], [ 279204.61906192835886, 6124586.073149975389242 ], [ 279277.201028835610487, 6124522.621351050212979 ], [ 279278.721133108541835, 6124521.143176842480898 ], [ 279280.076205849123653, 6124519.512381374835968 ], [ 279281.251017001864966, 6124517.747293630614877 ], [ 279282.232362523500342, 6124515.867751942947507 ], [ 279283.00921278714668, 6124513.894881025888026 ], [ 279283.572836547449697, 6124511.850854546763003 ], [ 279357.588407663221005, 6124174.569341402500868 ], [ 279389.450269802880939, 6124147.60529905743897 ], [ 279394.074054443335626, 6124230.438996495679021 ], [ 279394.101353817037307, 6124230.694304190576077 ], [ 279394.109325677796733, 6124230.952179408632219 ], [ 279394.209831674641464, 6124231.708804819732904 ], [ 279394.289838039432652, 6124232.457035926170647 ], [ 279394.342123669048306, 6124232.704720364883542 ], [ 279394.375616609642748, 6124232.956860642880201 ], [ 279394.55287904717261, 6124233.703098466619849 ], [ 279394.709031750797294, 6124234.44281595852226 ], [ 279394.785047225304879, 6124234.680477986112237 ], [ 279394.842989382334054, 6124234.924402359873056 ], [ 279395.095930038485676, 6124235.652451653964818 ], [ 279395.327318882278632, 6124236.375887796282768 ], [ 279395.425582441908773, 6124236.601303463801742 ], [ 279395.506665509194136, 6124236.834688127040863 ], [ 279395.833411999745294, 6124237.536860574968159 ], [ 279396.13833255157806, 6124238.236345409415662 ], [ 279396.257159543223679, 6124238.447486575692892 ], [ 279396.359859469754156, 6124238.668186907656491 ], [ 279396.757757104758639, 6124239.336987788788974 ], [ 279397.133721252670512, 6124240.005030525848269 ], [ 279397.271248413366266, 6124240.200082738883793 ], [ 279397.393848085775971, 6124240.406152746640146 ], [ 279397.859480007260572, 6124241.034360661171377 ], [ 279398.30323485675035, 6124241.663729906082153 ], [ 279398.45744608505629, 6124241.841107375919819 ], [ 279398.598059708601795, 6124242.030816429294646 ], [ 279399.1272751512588, 6124242.611560902558267 ], [ 279399.634830163791776, 6124243.195362904109061 ], [ 279399.803583466215059, 6124243.353720492683351 ], [ 279399.960182304726914, 6124243.525567159987986 ], [ 279400.548132756433915, 6124244.05240329541266 ], [ 279401.114794919034466, 6124244.584157356061041 ], [ 279401.295850178285036, 6124244.722399476915598 ], [ 279401.466289336036425, 6124244.875122392550111 ], [ 279554.782469336292706, 6124368.869341077283025 ], [ 279554.545999238558579, 6124369.748088247142732 ], [ 279537.479273762786761, 6124448.496878013014793 ], [ 279537.139192278438713, 6124450.603566230274737 ], [ 279537.025506068544928, 6124452.73449703771621 ], [ 279537.139509391097818, 6124454.865410903468728 ], [ 279537.479904377949424, 6124456.97204848844558 ], [ 279538.042815810127649, 6124459.030426826328039 ], [ 279546.402246467827354, 6124484.228767490945756 ], [ 279546.928978860320058, 6124485.637037148699164 ], [ 279547.560018348565791, 6124487.001756756566465 ], [ 279574.562787721573841, 6124540.066867048852146 ], [ 279575.452686561096925, 6124541.636249089613557 ], [ 279576.4803890385665, 6124543.11905303876847 ], [ 279608.933963245828636, 6124585.70476755592972 ], [ 279609.974636659608223, 6124586.960623763501644 ], [ 279693.910641778435092, 6124680.233516262844205 ], [ 279619.079281702812295, 6124631.850458017550409 ], [ 279617.879208873957396, 6124631.132746979594231 ], [ 279378.413945205044001, 6124499.058306061662734 ] ], [ [ 278053.397152670018841, 6123638.187739896588027 ], [ 278052.235862628207542, 6123639.74776008259505 ], [ 278051.231580127729103, 6123641.413195221684873 ], [ 278050.393801306374371, 6123643.168297552503645 ], [ 278049.730447902227752, 6123644.996471450664103 ], [ 278049.247792348905932, 6123646.880430357530713 ], [ 278048.950398465327453, 6123648.802360226400197 ], [ 278017.340336864406709, 6123949.088166134431958 ], [ 278017.231181052862667, 6123951.009625456295907 ], [ 278017.307214414293412, 6123952.932680278085172 ], [ 278017.56773289485136, 6123954.839523491449654 ], [ 278018.010324144910555, 6123956.71249810513109 ], [ 278018.630889856955037, 6123958.534260744228959 ], [ 278019.423683715227526, 6123960.287942248396575 ], [ 278020.381364605331328, 6123961.957303871400654 ], [ 278021.49506459152326, 6123963.526887657120824 ], [ 278022.754471032181755, 6123964.98215956799686 ], [ 278163.833936611714307, 6124112.969675325788558 ], [ 277888.289299719152041, 6124358.653774819336832 ], [ 277886.891714959347155, 6124360.028640395961702 ], [ 277885.635452865390107, 6124361.533733106218278 ], [ 277884.532584540895186, 6124363.154590896330774 ], [ 277883.593707167834509, 6124364.875639353878796 ], [ 277882.827842180558946, 6124366.680341362021863 ], [ 277882.242348581552505, 6124368.55135599616915 ], [ 277881.84285223018378, 6124370.470705151557922 ], [ 277881.633191785600502, 6124372.419946289621294 ], [ 277881.615381821698975, 6124374.380349646322429 ], [ 277881.789593470050022, 6124376.333078202791512 ], [ 277882.154152775066905, 6124378.259368686936796 ], [ 277883.451853917096741, 6124383.653875758871436 ], [ 277692.204943090269808, 6124444.172209449112415 ], [ 277761.299616769654676, 6124332.900972967967391 ], [ 277762.220610477321316, 6124331.248122661374509 ], [ 277762.981287505012006, 6124329.515634854324162 ], [ 277763.574839520442765, 6124327.719015932641923 ], [ 277763.995954020007048, 6124325.874346281401813 ], [ 277764.240861877857242, 6124323.998136355541646 ], [ 277767.272811633010861, 6124287.321076455526054 ], [ 277767.337675221438985, 6124285.319834964349866 ], [ 277767.202111391816288, 6124283.322136978618801 ], [ 277766.867478892032523, 6124281.34800530038774 ], [ 277766.33713172248099, 6124279.417226526886225 ], [ 277765.616385519388132, 6124277.549152731895447 ], [ 277764.712464276584797, 6124275.76250750105828 ], [ 277763.634427939949092, 6124274.075198267586529 ], [ 277671.109753067023121, 6124144.092470401898026 ], [ 277856.249350157449953, 6123863.554069173522294 ], [ 277857.235116289928555, 6123861.890668882057071 ], [ 277858.055649832065683, 6123860.139851900748909 ], [ 277858.703281594789587, 6123858.31798239517957 ], [ 277859.171958430437371, 6123856.442088629119098 ], [ 277859.457299809437245, 6123854.529703810811043 ], [ 277861.196142637985758, 6123837.156720764003694 ], [ 277861.295031968096737, 6123835.312150550074875 ], [ 277861.223315004026517, 6123833.466324163600802 ], [ 277860.981603530759457, 6123831.634987510740757 ], [ 277860.571959479071666, 6123829.83376289345324 ], [ 277859.997877336398233, 6123828.078015740029514 ], [ 277859.264254336827435, 6123826.382723533548415 ], [ 277858.377348684996832, 6123824.762348040938377 ], [ 277857.344726170180365, 6123823.2307119499892 ], [ 277597.919228867685888, 6123474.353930182754993 ], [ 277627.724571938102599, 6123335.668605248443782 ], [ 277628.041467250674032, 6123333.739216034300625 ], [ 277628.168452693556901, 6123331.788103511556983 ], [ 277628.104314614378382, 6123329.833915269002318 ], [ 277627.849666007270571, 6123327.895328292623162 ], [ 277627.406940654327627, 6123325.990870459005237 ], [ 277626.780369864776731, 6123324.13874345831573 ], [ 277625.975942034681793, 6123322.356648835353553 ], [ 277625.001345413445961, 6123320.661618805490434 ], [ 277623.865894623624627, 6123319.069853469729424 ], [ 277350.345593500533141, 6122972.771839471533895 ], [ 277349.806886762089562, 6122971.321311865001917 ], [ 277570.840538842836395, 6123032.802048434503376 ], [ 277571.55068757943809, 6123032.9639558121562 ], [ 277572.084638387314044, 6123033.105542294681072 ], [ 277572.362557316722814, 6123033.149054641835392 ], [ 277572.678050187940244, 6123033.220984113402665 ], [ 277572.688902665686328, 6123033.222401737235487 ], [ 277572.699088683992159, 6123033.224736258387566 ], [ 277573.000571130716708, 6123033.263113960623741 ], [ 277573.546821815602016, 6123033.334468886256218 ], [ 277574.136671062908135, 6123033.426818570122123 ], [ 277574.329907844483387, 6123033.436760831624269 ], [ 277574.546836872934364, 6123033.465097554959357 ], [ 277574.603014634805731, 6123033.467099633067846 ], [ 277574.656138789956458, 6123033.473862159065902 ], [ 277575.288716141483746, 6123033.491536842659116 ], [ 277575.633003602852114, 6123033.503806648775935 ], [ 277576.210958030424081, 6123033.53354308847338 ], [ 277576.31460124719888, 6123033.52809760440141 ], [ 277576.430304282228462, 6123033.532221059314907 ], [ 277576.531713315111119, 6123033.526267112232745 ], [ 277576.628211985633243, 6123033.528963357210159 ], [ 277577.31616293580737, 6123033.48021035362035 ], [ 277578.083473822567612, 6123033.435159848071635 ], [ 277578.285127811774146, 6123033.424564811401069 ], [ 277578.297702947398648, 6123033.422581985592842 ], [ 277578.311727436783258, 6123033.421758577227592 ], [ 277578.457084921188653, 6123033.399356662295759 ], [ 277578.596119462279603, 6123033.389503705315292 ], [ 277579.278779630549252, 6123033.272720358334482 ], [ 277580.174399510433432, 6123033.134691001847386 ], [ 277580.259155770123471, 6123033.11330350022763 ], [ 277580.336810192617122, 6123033.101059085689485 ], [ 277580.43482680193847, 6123033.074954230338335 ], [ 277580.540712944755796, 6123033.056840183213353 ], [ 277581.192230697313789, 6123032.877850199118257 ], [ 277582.001780184567906, 6123032.673567462712526 ], [ 277582.180822347581852, 6123032.609941594302654 ], [ 277582.343877488397993, 6123032.56651496514678 ], [ 277582.391349874087609, 6123032.548418926075101 ], [ 277582.443071009416599, 6123032.534209696575999 ], [ 277583.049153195868712, 6123032.301364533603191 ], [ 277583.77764252416091, 6123032.042482685297728 ], [ 277584.035571951244492, 6123031.92240134999156 ], [ 277584.284683194477111, 6123031.826697583310306 ], [ 277986.240993755869567, 6122854.183592318557203 ], [ 277986.785242480342276, 6122853.91134976875037 ], [ 277987.722624505520798, 6122853.454250367358327 ], [ 278337.439072642417159, 6122662.979344246909022 ], [ 278339.141418562503532, 6122661.938833044841886 ], [ 278345.883013445010874, 6122657.341196771711111 ], [ 278347.393913819571026, 6122656.202475219033659 ], [ 278348.790453717578202, 6122654.926080676726997 ], [ 278350.060135829262435, 6122653.523435300216079 ], [ 278351.191598065488506, 6122652.007091036997736 ], [ 278352.174715234839823, 6122650.390617298893631 ], [ 278363.329601995588746, 6122629.928007300011814 ], [ 278364.116590153134894, 6122628.316327848471701 ], [ 278364.147993728460278, 6122628.234031860716641 ], [ 278364.182730159547646, 6122628.162131499499083 ], [ 278364.369572049705312, 6122627.65336527582258 ], [ 278364.756026869057678, 6122626.640624503605068 ], [ 278375.381334651145153, 6122594.54377815220505 ], [ 278375.89262252964545, 6122592.711385085247457 ], [ 278375.899947877624072, 6122592.670420528389513 ], [ 278375.910576309892349, 6122592.63202803581953 ], [ 278376.013784924754873, 6122592.033824950456619 ], [ 278376.227498534659389, 6122590.838703129440546 ], [ 278376.234304724319372, 6122590.755679472349584 ], [ 278376.247835550631862, 6122590.677254022099078 ], [ 278376.297640296514146, 6122589.983095820061862 ], [ 278376.382932808774058, 6122588.942675747908652 ], [ 278376.3812619408709, 6122588.817611501552165 ], [ 278376.389794682152569, 6122588.698685639537871 ], [ 278376.370180044206791, 6122587.988132955506444 ], [ 278376.357519029465038, 6122587.040457625873387 ], [ 278376.339438228111248, 6122586.874491195194423 ], [ 278376.335057222342584, 6122586.71578648686409 ], [ 278376.246389946085401, 6122586.020386839285493 ], [ 278376.151487132941838, 6122585.149259459227324 ], [ 278376.109226255794056, 6122584.944639552384615 ], [ 278376.084161635197233, 6122584.748062765225768 ], [ 278375.931752648262773, 6122584.085342834703624 ], [ 278375.766701233806089, 6122583.286192242056131 ], [ 278375.692787790496368, 6122583.046252049505711 ], [ 278375.639576034096535, 6122582.814871393144131 ], [ 278375.430911728122737, 6122582.196141570806503 ], [ 278375.206642759090755, 6122581.468112444505095 ], [ 278375.094031896092929, 6122581.197228039614856 ], [ 278375.005673902225681, 6122580.935229584574699 ], [ 278346.371527054638136, 6122508.165108062326908 ], [ 278736.403152630431578, 6122915.901926824823022 ], [ 278739.625331952818669, 6122943.769327100366354 ], [ 278605.473258286481723, 6122914.747849001549184 ], [ 278395.763295988552272, 6122852.39338466245681 ], [ 278393.941655858245213, 6122851.943570263683796 ], [ 278392.085878446232527, 6122851.666449433192611 ], [ 278390.21229786798358, 6122851.564461323432624 ], [ 278388.337404938356485, 6122851.638503609225154 ], [ 278386.477702023112215, 6122851.887924588285387 ], [ 278384.649557789263781, 6122852.310528916306794 ], [ 278382.869063131569419, 6122852.902596929110587 ], [ 278381.151889544504229, 6122853.658917383290827 ], [ 278379.513151185354218, 6122854.57283332478255 ], [ 278335.785764262604062, 6122881.723911620676517 ], [ 278333.991029590542894, 6122882.979469967074692 ], [ 278332.344355106877629, 6122884.423756105825305 ], [ 278330.865490611293353, 6122886.039447631686926 ], [ 278114.683694206178188, 6123149.886387344449759 ], [ 278113.372419945430011, 6123151.681752840057015 ], [ 278112.268514891562518, 6123153.61156399268657 ], [ 278111.385619936918374, 6123155.65197423286736 ], [ 278098.339834194863215, 6123191.086162135004997 ], [ 278097.725251958181616, 6123193.066583531908691 ], [ 278097.319026063021738, 6123195.09999464545399 ], [ 278097.125523214577697, 6123197.164537423290312 ], [ 278097.146823462215252, 6123199.238019164651632 ], [ 278120.466862285335083, 6123574.065165618434548 ], [ 278109.431154010060709, 6123582.349175662733614 ], [ 278107.301827547082212, 6123584.195907429791987 ], [ 278054.704469508084003, 6123636.747885657474399 ], [ 278053.397152670018841, 6123638.187739896588027 ] ], [ [ 277747.493185042345431, 6134065.884740005247295 ], [ 277840.288724129262846, 6134095.724201426841319 ], [ 277761.936480187345296, 6134098.06145413313061 ], [ 277758.798635402403306, 6134095.602858169004321 ], [ 277747.493185042345431, 6134065.884740005247295 ] ], [ [ 279220.792271246726159, 6134088.04805962741375 ], [ 279220.786338168662041, 6134088.054404851049185 ], [ 279220.779959667357616, 6134088.060031200759113 ], [ 279220.483162860793527, 6134088.378640458919108 ], [ 279220.342304819030687, 6134088.529283310286701 ], [ 279219.858913756848779, 6134089.018019881099463 ], [ 279219.760657099017408, 6134089.138260333798826 ], [ 279219.655327446234878, 6134089.247890256345272 ], [ 279219.637606895470526, 6134089.270307254977524 ], [ 279219.618531083979178, 6134089.290205055847764 ], [ 279219.555222719383892, 6134089.371040658093989 ], [ 279219.481862361775711, 6134089.449497047811747 ], [ 279219.464022047061007, 6134089.472680864855647 ], [ 279219.444508164655417, 6134089.493628879077733 ], [ 279219.079491487238556, 6134089.971828899346292 ], [ 279218.65992046892643, 6134090.485274096950889 ], [ 279218.563898459251504, 6134090.628578837029636 ], [ 279218.459211839712225, 6134090.761010375805199 ], [ 279218.424740242422558, 6134090.814502861350775 ], [ 279218.386940905475058, 6134090.86276713386178 ], [ 279218.35262025159318, 6134090.916967965662479 ], [ 279218.311771610227879, 6134090.970051527023315 ], [ 279218.285307742713485, 6134091.01227090228349 ], [ 279218.255734288773965, 6134091.051014409400523 ], [ 279217.954019248310942, 6134091.538772051222622 ], [ 279217.605162856518291, 6134092.059410753659904 ], [ 279217.514940922148526, 6134092.226315220817924 ], [ 279217.41441319452133, 6134092.382312577217817 ], [ 279217.369168193021324, 6134092.470082872547209 ], [ 279217.318351890135091, 6134092.550334428437054 ], [ 279217.306906950485427, 6134092.573171637021005 ], [ 279217.292767332342919, 6134092.595729406923056 ], [ 279217.261260515311733, 6134092.65869754832238 ], [ 279217.225046206323896, 6134092.717242212966084 ], [ 279216.985157017130405, 6134093.206379560753703 ], [ 279216.704108476347756, 6134093.726300324313343 ], [ 279216.623361409932841, 6134093.916865493170917 ], [ 279216.530648725922219, 6134094.096717840060592 ], [ 279216.487121797166765, 6134094.205857202410698 ], [ 279216.434227420075331, 6134094.311569582670927 ], [ 279216.429306554899085, 6134094.324333588592708 ], [ 279216.423422587802634, 6134094.336074443534017 ], [ 279216.39640239829896, 6134094.406858307309449 ], [ 279216.362335000594612, 6134094.476322198286653 ], [ 279216.181708852935117, 6134094.95917697250843 ], [ 279215.964845237089321, 6134095.470980725251138 ], [ 279215.897298859723378, 6134095.684778449125588 ], [ 279215.816137940681074, 6134095.88828122895211 ], [ 279215.78474052331876, 6134095.996243723668158 ], [ 279215.744053012575023, 6134096.101781183853745 ], [ 279215.729540963948239, 6134096.153812327422202 ], [ 279215.711079394503031, 6134096.202175467275083 ], [ 279215.69620679639047, 6134096.257034392096102 ], [ 279215.675879750866443, 6134096.311373207718134 ], [ 279215.550993533921428, 6134096.780903708189726 ], [ 279215.394008802366443, 6134097.277791617438197 ], [ 279215.34337996202521, 6134097.513896812684834 ], [ 279215.277526191028301, 6134097.740340196527541 ], [ 279215.257613637775648, 6134097.845848992466927 ], [ 279215.228595781954937, 6134097.949888900853693 ], [ 279215.212060306221247, 6134098.04285255074501 ], [ 279215.188427516608499, 6134098.130024234764278 ], [ 279215.182208341779187, 6134098.167412962764502 ], [ 279215.172268081631046, 6134098.20478502381593 ], [ 279215.098761738336179, 6134098.654662294313312 ], [ 279214.9967230281909, 6134099.130514978431165 ], [ 279214.966658714809455, 6134099.387504810467362 ], [ 279214.919822869240306, 6134099.635669553652406 ], [ 279214.910621744464152, 6134099.737562115304172 ], [ 279214.89259947888786, 6134099.838884606026113 ], [ 279214.881810252612922, 6134099.973360340110958 ], [ 279214.860680100566242, 6134100.100391583517194 ], [ 279214.859450432180893, 6134100.119307552464306 ], [ 279214.856332943832967, 6134100.138387363404036 ], [ 279214.829133112449199, 6134100.563074030913413 ], [ 279214.776553971460089, 6134101.012520669959486 ], [ 279214.770570338878315, 6134101.288480814546347 ], [ 279214.746354817529209, 6134101.556641670875251 ], [ 279206.403562362538651, 6134300.935399416834116 ], [ 279116.70869522204157, 6134514.572195945307612 ], [ 279103.744021327525843, 6134528.755073923617601 ], [ 279023.406641395529732, 6134540.829107753001153 ], [ 279057.015000570041593, 6133881.083065601065755 ], [ 279264.179949484590907, 6133555.615264263935387 ], [ 279265.191100328578614, 6133553.830838982947171 ], [ 279266.014182220736984, 6133551.952239555306733 ], [ 279266.640539220883511, 6133549.999222268350422 ], [ 279267.063584246323444, 6133547.992326028645039 ], [ 279282.453366555157118, 6133450.431731999851763 ], [ 279313.302338704932481, 6133358.999847451224923 ], [ 279379.839183570060413, 6133255.884653662331402 ], [ 279635.919950289535336, 6133334.818535757251084 ], [ 279587.660407883755397, 6133432.266331610269845 ], [ 279586.87717599410098, 6133434.064589054323733 ], [ 279586.273855714767706, 6133435.930918785743415 ], [ 279585.856249752978329, 6133437.847370530478656 ], [ 279585.62837462418247, 6133439.79551194049418 ], [ 279585.592422021145467, 6133441.756605879403651 ], [ 279585.748737734276801, 6133443.711790634319186 ], [ 279586.095818326168228, 6133445.642261326313019 ], [ 279586.630325591249857, 6133447.529450773261487 ], [ 279587.347118662670255, 6133449.35520807467401 ], [ 279588.239303456968628, 6133451.101973176002502 ], [ 279696.282472207851242, 6133639.245705427601933 ], [ 279221.000838034553453, 6134087.848333580419421 ], [ 279220.996530015429016, 6134087.852827235125005 ], [ 279220.991635466052685, 6134087.857025088742375 ], [ 279220.896199090406299, 6134087.956357823684812 ], [ 279220.792271246726159, 6134088.04805962741375 ] ], [ [ 279078.096924960613251, 6132455.985121176578104 ], [ 279083.939040766097605, 6132456.797059035860002 ], [ 279165.390716639289167, 6132776.39035208709538 ], [ 279018.346200989908539, 6132677.819998602382839 ], [ 278964.924341892590746, 6132592.20105788949877 ], [ 278993.923613215098158, 6132376.494921179488301 ], [ 279066.608049706905149, 6132450.21706741116941 ], [ 279067.980990684765857, 6132451.485222314484417 ], [ 279069.466316768026445, 6132452.619678225368261 ], [ 279071.05105666408781, 6132453.6105279866606 ], [ 279072.721370903658681, 6132454.449118547141552 ], [ 279074.462672700232361, 6132455.128126529976726 ], [ 279076.259755335806403, 6132455.64162218477577 ], [ 279078.096924960613251, 6132455.985121176578104 ] ], [ [ 280793.565575552755035, 6150969.788774104788899 ], [ 280900.254041213425808, 6150853.120091313496232 ], [ 281055.187067527673207, 6150787.621620820835233 ], [ 281048.997577565605752, 6150822.301621230319142 ], [ 280793.29330927412957, 6150970.813834412023425 ], [ 280793.565575552755035, 6150969.788774104788899 ] ], [ [ 281345.874803046230227, 6150506.445286601781845 ], [ 281724.838720936269965, 6150265.561278361827135 ], [ 281724.741608779469971, 6150265.680351641960442 ], [ 281724.691405083751306, 6150265.755286227911711 ], [ 281724.633466875820886, 6150265.82784843724221 ], [ 281724.096315660921391, 6150266.643523219972849 ], [ 281723.696961040201131, 6150267.23960430175066 ], [ 281723.665387226967141, 6150267.297896601259708 ], [ 281723.627882613742258, 6150267.354848100803792 ], [ 281723.12659057584824, 6150268.292635357007384 ], [ 281722.803075926960446, 6150268.889915534295142 ], [ 281722.786478731257375, 6150268.928896317258477 ], [ 281722.765950265980791, 6150268.967299746349454 ], [ 281672.200472313910723, 6150374.947781669907272 ], [ 281671.501148740237113, 6150376.600462397560477 ], [ 281670.952781836967915, 6150378.309175594709814 ], [ 281670.55978651571786, 6150380.060164379887283 ], [ 281670.32532678876305, 6150381.839331513270736 ], [ 281670.251290295564104, 6150383.632352886721492 ], [ 281670.532895808108151, 6150461.622543174773455 ], [ 281637.008931705495343, 6150582.191182652488351 ], [ 281614.149303698330186, 6150587.272330633364618 ], [ 281338.137472555274144, 6150546.994167628698051 ], [ 281345.874803046230227, 6150506.445286601781845 ] ], [ [ 281120.348763678979594, 6149034.941119585186243 ], [ 281483.298695441044401, 6149090.349924009293318 ], [ 281485.291049473569728, 6149090.552655532024801 ], [ 281487.293689874699339, 6149090.555122320540249 ], [ 281489.286537297186442, 6149090.357299643568695 ], [ 281491.249610582715832, 6149089.961170956492424 ], [ 281493.163227101264056, 6149089.370708018541336 ], [ 281495.008200097945519, 6149088.591831068508327 ], [ 281515.593082389328629, 6149078.659593163058162 ], [ 281516.280755399959162, 6149078.311295932158828 ], [ 281532.82720074779354, 6149069.526047650724649 ], [ 281534.520936808723491, 6149068.516731719486415 ], [ 281536.107061791350134, 6149067.345549396239221 ], [ 281537.570160700241104, 6149066.023882994428277 ], [ 281538.896014187310357, 6149064.564577328972518 ], [ 281540.071736744837835, 6149062.981814882718027 ], [ 281633.734008034633007, 6148922.96881590038538 ], [ 281643.821987858682405, 6148917.286201784387231 ], [ 281645.324267140065785, 6148916.350056678988039 ], [ 281646.737890938122291, 6148915.28474993724376 ], [ 281648.051786299736705, 6148914.098626133985817 ], [ 281649.255661447532475, 6148912.80097620934248 ], [ 281650.340086395386606, 6148911.401964690536261 ], [ 281843.051655284769367, 6148638.663629007525742 ], [ 281905.380823011451866, 6148604.632698469795287 ], [ 281961.494175266183447, 6148671.963458246551454 ], [ 282132.945059357502032, 6148960.803712681867182 ], [ 282133.373321163060609, 6148961.453597123734653 ], [ 282133.691636842559092, 6148961.96779025439173 ], [ 282303.748740952927619, 6149207.971926243975759 ], [ 282413.919480159122031, 6149437.106121107935905 ], [ 282414.788247342628893, 6149438.71930817887187 ], [ 282415.801001551677473, 6149440.246219392865896 ], [ 282547.7841614180943, 6149620.706929760053754 ], [ 282549.049089223262854, 6149622.265795587562025 ], [ 282550.463919706293382, 6149623.690000531263649 ], [ 282552.014398078608792, 6149624.965195355005562 ], [ 282553.684902863518801, 6149626.078532133251429 ], [ 282555.458603286766447, 6149627.018793707713485 ], [ 282557.317628850811161, 6149627.776506695896387 ], [ 282559.243249385093804, 6149628.344036938622594 ], [ 282561.216063757135998, 6149628.715666422620416 ], [ 282563.216195344168227, 6149628.88765088096261 ], [ 282565.223492295364849, 6149628.858257526531816 ], [ 282645.214403416146524, 6149623.663474248722196 ], [ 282705.933626623766031, 6149710.791150673292577 ], [ 282676.410716107406188, 6149772.879014010541141 ], [ 282662.17765303933993, 6149769.845109085552394 ], [ 282660.072220144153107, 6149769.5124566918239 ], [ 282657.943341919686645, 6149769.405766502022743 ], [ 282655.815199789707549, 6149769.526250383816659 ], [ 282653.71196681674337, 6149769.872539789415896 ], [ 282651.657533126301132, 6149770.440701300278306 ], [ 282139.592155859281775, 6149941.911084139719605 ], [ 282137.72566709574312, 6149942.642031070776284 ], [ 282135.941720427421387, 6149943.556141570210457 ], [ 282134.258235882793088, 6149944.644233251921833 ], [ 282132.692124332184903, 6149945.895376062020659 ], [ 282131.259117615700234, 6149947.297002072446048 ], [ 282129.973610513960011, 6149948.835031724534929 ], [ 282128.848516150668729, 6149950.494015267118812 ], [ 282127.895136277948041, 6149952.257287945598364 ], [ 282127.12304774846416, 6149954.107137405313551 ], [ 282126.540006314520724, 6149956.024981613270938 ], [ 282109.632575319265015, 6150023.649517669342458 ], [ 281776.432556423009373, 6150230.992658134549856 ], [ 281777.424528598377947, 6150229.633882343769073 ], [ 281778.368079117499292, 6150228.054797944612801 ], [ 281779.1625552836922, 6150226.395700978115201 ], [ 281898.011381257267203, 6149945.753201060928404 ], [ 281898.905319704732392, 6149943.159946776926517 ], [ 281965.919694811629597, 6149694.582844542339444 ], [ 281966.23376030480722, 6149693.233547673560679 ], [ 282017.969681460119318, 6149429.9761254619807 ], [ 282018.252109476248734, 6149428.045349082909524 ], [ 282018.345039081759751, 6149426.096239774487913 ], [ 282018.24758566491073, 6149424.147351413965225 ], [ 282017.960676900285762, 6149422.217235777527094 ], [ 282017.487043917470146, 6149420.324265939183533 ], [ 282016.831195303529967, 6149418.486461377702653 ], [ 282015.999374184699263, 6149416.721316444687545 ], [ 282014.999498797231354, 6149415.045633831992745 ], [ 282013.841087112494279, 6149413.475364625453949 ], [ 282012.535166233719792, 6149412.02545646764338 ], [ 282011.094167427567299, 6149410.709711260162294 ], [ 282009.531807788531296, 6149409.540653790347278 ], [ 282007.86295966419857, 6149408.529412499628961 ], [ 282006.103509082808159, 6149407.685613553971052 ], [ 282004.27020453143632, 6149407.017289207316935 ], [ 281830.469805259432178, 6149353.107485334388912 ], [ 281823.891032484069001, 6149343.8720274111256 ], [ 281822.730466616572812, 6149342.394854712300003 ], [ 281821.436426138388924, 6149341.033086906187236 ], [ 281820.020327567472123, 6149339.798738027922809 ], [ 281818.494664264493622, 6149338.702697973698378 ], [ 281816.872896212211344, 6149337.754636424593627 ], [ 281815.169331265904475, 6149336.962917542085052 ], [ 281618.812830463110004, 6149256.693451568484306 ], [ 281452.063582723552827, 6149090.565398816019297 ], [ 281450.649603687343188, 6149089.285089345648885 ], [ 281449.120085518341511, 6149088.145307250320911 ], [ 281447.488941207411699, 6149087.156420355662704 ], [ 281445.771008169511333, 6149086.327423895709217 ], [ 281443.98191327782115, 6149085.665858688764274 ], [ 281442.137930716678966, 6149085.17774254642427 ], [ 281440.255833946401253, 6149084.867515531368554 ], [ 281122.28158556780545, 6149047.926957016810775 ], [ 281120.348763678979594, 6149034.941119585186243 ] ], [ [ 285485.860965289874002, 6151283.366099687293172 ], [ 285235.928565069742035, 6151079.898275623098016 ], [ 285424.723518020124175, 6150711.211498877033591 ], [ 285425.132751638826448, 6150710.313759411685169 ], [ 285425.474302616727073, 6150709.565881033428013 ], [ 285425.476404795655981, 6150709.559884394519031 ], [ 285425.479044220235664, 6150709.554094265215099 ], [ 285425.811404712148942, 6150708.604269500821829 ], [ 285426.077727660012897, 6150707.844561325386167 ], [ 285426.078965348016936, 6150707.839630730450153 ], [ 285426.08064670645399, 6150707.834825719706714 ], [ 285426.332554132270161, 6150706.829405652359128 ], [ 285426.521820049034432, 6150706.075424453243613 ], [ 285426.522407550539356, 6150706.071657300926745 ], [ 285426.523335472098552, 6150706.067953754216433 ], [ 285426.569446831417736, 6150705.771662380546331 ], [ 285477.505658193491399, 6150677.418686486780643 ], [ 285479.168265357380733, 6150676.383463338017464 ], [ 285486.885879633540753, 6150671.036538677290082 ], [ 285488.466605261259247, 6150669.820402408950031 ], [ 285488.581710453028791, 6150669.711974712088704 ], [ 285488.688058958214242, 6150669.628908998332918 ], [ 285489.092402176116593, 6150669.23090929351747 ], [ 285489.918348337174393, 6150668.452878012321889 ], [ 285490.128610496700276, 6150668.210957461968064 ], [ 285490.317775833013002, 6150668.024759834632277 ], [ 285490.671852939703967, 6150667.585921027697623 ], [ 285491.226672434422653, 6150666.947564427740872 ], [ 285491.509805790963583, 6150666.547372580505908 ], [ 285491.75372467743, 6150666.24506251513958 ], [ 285555.714909411326516, 6150576.974158236756921 ], [ 285556.795955295674503, 6150575.294001823291183 ], [ 285557.70397797547048, 6150573.514372481964529 ], [ 285558.42991632479243, 6150571.653029072098434 ], [ 285558.966526230564341, 6150569.728545871563256 ], [ 285633.820225803065114, 6150238.042741148732603 ], [ 285634.170189893688075, 6150236.007860411889851 ], [ 285634.308492541546002, 6150233.947742247022688 ], [ 285634.353537288785446, 6150231.021268153563142 ], [ 285645.829208749521058, 6150204.915493074804544 ], [ 285983.879257785447408, 6150262.518192037940025 ], [ 285986.522764149820432, 6150355.444043450057507 ], [ 285986.689611832262017, 6150357.51479587238282 ], [ 285987.070364713203162, 6150359.557069357484579 ], [ 285987.660914608393796, 6150361.548828520812094 ], [ 285988.45488970039878, 6150363.468583010137081 ], [ 285989.443723288190085, 6150365.29561937507242 ], [ 285990.616746218933258, 6150367.010224562138319 ], [ 285991.961302004172467, 6150368.593898608349264 ], [ 285993.462883378728293, 6150370.029554249718785 ], [ 286207.255011126573663, 6150554.161018048413098 ], [ 286197.955641008506063, 6150613.547675743699074 ], [ 286197.907895244134124, 6150613.869711988605559 ], [ 286176.960328670276795, 6150763.544350875541568 ], [ 286176.7819234195631, 6150765.551446046680212 ], [ 286176.806382589275017, 6150767.566306142136455 ], [ 286177.033457903016824, 6150769.568479026667774 ], [ 286177.46084439905826, 6150771.53764134645462 ], [ 286178.084203827253077, 6150773.453804826363921 ], [ 286178.897208685113583, 6150775.297519164159894 ], [ 286179.891606445948128, 6150777.050069463439286 ], [ 286181.05730332742678, 6150778.693666202016175 ], [ 286182.382466750161257, 6150780.211625806055963 ], [ 286183.853645445778966, 6150781.588540002703667 ], [ 286185.455905996321235, 6150782.810432218015194 ], [ 286187.172984417993575, 6150783.864899453707039 ], [ 286202.692556208465248, 6150792.34993352741003 ], [ 286204.575611434876919, 6150793.255083352327347 ], [ 286206.54281939053908, 6150793.958848973736167 ], [ 286208.572711968445219, 6150794.453550210222602 ], [ 286251.625493458355777, 6150802.590309576131403 ], [ 286419.245057756372262, 6151052.996423566713929 ], [ 286417.138421063893475, 6151124.3993303431198 ], [ 286417.142667935695499, 6151124.653299403376877 ], [ 286417.129968428984284, 6151124.889895076863468 ], [ 286417.156937747669872, 6151125.506654744967818 ], [ 286417.169318309810478, 6151126.247030220925808 ], [ 286417.20258762256708, 6151126.550618887878954 ], [ 286417.214968305488583, 6151126.833751954138279 ], [ 286417.29672540462343, 6151127.409643659368157 ], [ 286417.370624982693698, 6151128.083991054445505 ], [ 286417.442143122432753, 6151128.433956634253263 ], [ 286417.488451595883816, 6151128.760150518268347 ], [ 286417.61652609333396, 6151129.287279129959643 ], [ 286417.740622452169191, 6151129.894530021585524 ], [ 286417.859289884276222, 6151130.286445572040975 ], [ 286417.947829914395697, 6151130.650858348235488 ], [ 286418.112855235813186, 6151131.123880095779896 ], [ 286418.276151911588386, 6151131.663189874961972 ], [ 286418.450435948325321, 6151132.091507470235229 ], [ 286418.588755469827447, 6151132.487980818375945 ], [ 286418.780901879246812, 6151132.903655131347477 ], [ 286418.972641345870215, 6151133.37487090472132 ], [ 286419.210496645944659, 6151133.833006399683654 ], [ 286419.405162214883603, 6151134.254130462184548 ], [ 286419.614451385685243, 6151134.611067702062428 ], [ 286419.824144564277958, 6151135.014959850348532 ], [ 286459.117926920356695, 6151202.840023570694029 ], [ 286460.063598736654967, 6151204.318706068210304 ], [ 286461.13527442899067, 6151205.708781003020704 ], [ 286597.081231182266492, 6151366.890777449123561 ], [ 286576.805764258431736, 6151441.481599002145231 ], [ 286576.393408738600556, 6151443.346156623214483 ], [ 286576.160758792015258, 6151445.241542124189436 ], [ 286576.109935379005037, 6151447.150476166978478 ], [ 286576.241401832783595, 6151449.055555894039571 ], [ 286576.553959635435604, 6151450.939413589425385 ], [ 286577.044759344251361, 6151452.78487500641495 ], [ 286577.7093265686417, 6151454.575115940533578 ], [ 286578.541602761251852, 6151456.293815604411066 ], [ 286579.53400045086164, 6151457.925305421464145 ], [ 286580.677472413692158, 6151459.454711863771081 ], [ 286581.961594152613543, 6151460.868092051707208 ], [ 286583.374658932734746, 6151462.15256086178124 ], [ 286584.903784505848307, 6151463.296408394351602 ], [ 286586.535030552069657, 6151464.289206729270518 ], [ 286999.681850184220821, 6151689.440361277200282 ], [ 286998.997756544849835, 6151701.092567288316786 ], [ 286849.503297578077763, 6151969.134020077995956 ], [ 286547.223609938286245, 6151866.377950929105282 ], [ 286374.995913612772711, 6151724.017689244821668 ], [ 286373.436382656276692, 6151722.851599497720599 ], [ 286371.770843098405749, 6151721.842699063941836 ], [ 286370.015083846752532, 6151721.000552074052393 ], [ 286368.185749069205485, 6151720.333141873590648 ], [ 286366.3001804118976, 6151719.846795349381864 ], [ 286364.376252604066394, 6151719.54612294677645 ], [ 286362.432204010605346, 6151719.433974966406822 ], [ 286245.607407113071531, 6151718.391552825458348 ], [ 285902.696726621128619, 6151581.863221408799291 ], [ 285485.860965289874002, 6151283.366099687293172 ] ], [ [ 285908.271016000653617, 6148417.452865423634648 ], [ 285909.28137707861606, 6148419.249482354149222 ], [ 285910.471288177825045, 6148420.932566867209971 ], [ 285911.828110473288689, 6148422.48424182087183 ], [ 285949.500138007861096, 6148461.330206647515297 ], [ 285951.471372529456858, 6148463.10962503682822 ], [ 286160.726571428240277, 6148628.166063025593758 ], [ 286060.10576667758869, 6148635.53590199816972 ], [ 286058.201180680422112, 6148635.76767660677433 ], [ 286056.327567530272063, 6148636.180884852074087 ], [ 286054.502169935847633, 6148636.771724010817707 ], [ 286052.74178688187385, 6148637.534756639972329 ], [ 286051.062619029660709, 6148638.46296061296016 ], [ 286049.480119623593055, 6148639.547793742269278 ], [ 286048.008852276368998, 6148640.779272399842739 ], [ 286046.662356941029429, 6148642.146063386462629 ], [ 286045.453025304013863, 6148643.635588238015771 ], [ 286044.39198674558429, 6148645.234138977713883 ], [ 286043.489005916577298, 6148646.927004273980856 ], [ 285999.483101268473547, 6148739.911588245071471 ], [ 285851.858059439517092, 6148762.438872715458274 ], [ 285908.192710621340666, 6148417.272296721115708 ], [ 285908.271016000653617, 6148417.452865423634648 ] ], [ [ 285746.496656845498364, 6147891.227397497743368 ], [ 285745.642777738394216, 6147902.08223541546613 ], [ 285738.098784754343797, 6147889.764382787048817 ], [ 285746.496656845498364, 6147891.227397497743368 ] ], [ [ 285673.609192892850842, 6138691.054848808795214 ], [ 285673.452214899356477, 6138690.697159133851528 ], [ 285673.383458982862066, 6138690.575173110701144 ], [ 285673.321554607537109, 6138690.440324112772942 ], [ 285673.275490021507721, 6138690.360843132250011 ], [ 285673.238039801770356, 6138690.280809626914561 ], [ 285673.068662685109302, 6138689.995643637143075 ], [ 285672.914623645076063, 6138689.693793813697994 ], [ 285672.678415463480633, 6138689.324292316101491 ], [ 285672.473573158844374, 6138688.960863254964352 ], [ 285672.419775616377592, 6138688.884372253902256 ], [ 285672.370244842546526, 6138688.798910627141595 ], [ 285672.296600999950897, 6138688.695788386277854 ], [ 285672.234454744611867, 6138688.591157969087362 ], [ 285672.045944731507916, 6138688.334915568120778 ], [ 285671.870960784086492, 6138688.061187409795821 ], [ 285671.582181657257024, 6138687.69345539342612 ], [ 285671.32697497238405, 6138687.330594677478075 ], [ 285671.296355014084838, 6138687.295160667039454 ], [ 285671.267688809835818, 6138687.255019861273468 ], [ 285671.16171456722077, 6138687.13297803606838 ], [ 285671.069887921155896, 6138687.008157715201378 ], [ 285670.866215815651231, 6138686.781742815859616 ], [ 285670.674207725038286, 6138686.537239263765514 ], [ 285670.34744153014617, 6138686.195246700197458 ], [ 285670.023807387333363, 6138685.822543855756521 ], [ 285585.225750058831181, 6138597.048341259360313 ], [ 285245.564798898762092, 6138226.234059830196202 ], [ 285058.428088693355676, 6137765.608916117809713 ], [ 285026.037083917413838, 6137661.177730278111994 ], [ 285025.547088827821426, 6137659.78249029815197 ], [ 285024.955341019143816, 6137658.427269165404141 ], [ 284999.901292281399947, 6137606.384676624089479 ], [ 284998.934760882577393, 6137604.611947499215603 ], [ 284997.794417437631637, 6137602.945703723467886 ], [ 284996.491884188551921, 6137601.402927449904382 ], [ 284995.040436396258883, 6137599.999342468567193 ], [ 284993.454867040622048, 6137598.749253946356475 ], [ 284991.751336052198894, 6137597.665402635000646 ], [ 284989.947205612494145, 6137596.758835013955832 ], [ 284891.050916467153002, 6137553.169330524280667 ], [ 284815.713088027376216, 6137519.986490637995303 ], [ 284814.509248759131879, 6137519.519948471337557 ], [ 284736.999859700154047, 6137485.445145117118955 ], [ 284756.405647160601802, 6137419.685450452379882 ], [ 284756.886045611521695, 6137417.682964407838881 ], [ 284757.157984558318276, 6137415.641694646328688 ], [ 284757.2185809497023, 6137413.583282368257642 ], [ 284757.067192352958955, 6137411.529550515115261 ], [ 284756.705423764593434, 6137409.502272409386933 ], [ 284756.137110594660044, 6137407.52294091321528 ], [ 284679.013873281423002, 6137183.172895658761263 ], [ 284749.49563724885229, 6137112.385804477147758 ], [ 284749.78678271494573, 6137112.064234436489642 ], [ 284750.051682889054064, 6137111.804418585263193 ], [ 284750.364249189093243, 6137111.426422966644168 ], [ 284750.769123416510411, 6137110.979239558801055 ], [ 284750.784617428842466, 6137110.95846754591912 ], [ 284750.800730579881929, 6137110.940715217031538 ], [ 284751.01968482095981, 6137110.643324975855649 ], [ 284751.092329603037797, 6137110.54593391250819 ], [ 284751.378554438357241, 6137110.199793801642954 ], [ 284751.608662660291884, 6137109.853713161312044 ], [ 284751.903586785076186, 6137109.458323797211051 ], [ 284751.957613104081247, 6137109.369402546435595 ], [ 284752.01431024982594, 6137109.292394776828587 ], [ 284752.26578385027824, 6137108.86540896166116 ], [ 284752.53140717203496, 6137108.465913939289749 ], [ 284788.811602280824445, 6137047.207363014109433 ], [ 284930.998723382072058, 6137002.445357030257583 ], [ 284941.027287230070215, 6137038.824204122647643 ], [ 284941.783363345079124, 6137041.047933970578015 ], [ 284942.794924377696589, 6137043.167690986767411 ], [ 284982.434504363569431, 6137115.042741421610117 ], [ 284983.461573730921373, 6137116.707040938548744 ], [ 284984.646281659661327, 6137118.263071622699499 ], [ 284985.977300078142434, 6137119.695954847149551 ], [ 284987.441901906800922, 6137120.991989511065185 ], [ 284989.026082753494848, 6137122.138783045113087 ], [ 284990.71469482203247, 6137123.125369913876057 ], [ 284992.491591754253022, 6137123.942316459491849 ], [ 284994.339783020026516, 6137124.581811112351716 ], [ 284996.241596379026305, 6137125.037739082239568 ], [ 284998.178846861468628, 6137125.30574082583189 ], [ 285000.133010650693905, 6137125.383253734558821 ], [ 285002.085402206634171, 6137125.269536636769772 ], [ 285123.442379228537902, 6137112.223347526043653 ], [ 285135.690988504502457, 6137155.901384528726339 ], [ 285136.299817391845863, 6137157.728897648863494 ], [ 285137.081631515116896, 6137159.489364488050342 ], [ 285138.029178616416175, 6137161.166454619728029 ], [ 285139.13366906682495, 6137162.744611032307148 ], [ 285140.384857400786132, 6137164.20919444411993 ], [ 285141.771137355070096, 6137165.546619097702205 ], [ 285143.279649530653842, 6137166.744478786364198 ], [ 285144.896400678786449, 6137167.791661933064461 ], [ 285146.606393505353481, 6137168.678454665467143 ], [ 285148.393765788583551, 6137169.396630924195051 ], [ 285150.241937519807834, 6137169.939528767950833 ], [ 285152.133764703234192, 6137170.302112172357738 ], [ 285154.051698386552744, 6137170.481017744168639 ], [ 285214.94635643257061, 6137173.213127705268562 ], [ 285214.690513963345438, 6137181.380464246496558 ], [ 285214.731429066800047, 6137183.430121787823737 ], [ 285214.98194975790102, 6137185.464823108166456 ], [ 285215.439443834417034, 6137187.463189753703773 ], [ 285216.09910444036359, 6137189.404225035570562 ], [ 285216.954000571044162, 6137191.267534641548991 ], [ 285243.158808597712778, 6137241.427474421449006 ], [ 285243.447712204302661, 6137241.922501789405942 ], [ 285243.671578284644056, 6137242.348952208645642 ], [ 285243.882342606841121, 6137242.66722750198096 ], [ 285244.103166164422873, 6137243.045601817779243 ], [ 285244.492831820854917, 6137243.589127525687218 ], [ 285244.791904899990186, 6137244.040757910348475 ], [ 285244.98963005450787, 6137244.282087264582515 ], [ 285245.19479504408082, 6137244.568261948414147 ], [ 285245.702542470709886, 6137245.152217790484428 ], [ 285246.077888623229228, 6137245.610338785685599 ], [ 285246.248351417365484, 6137245.779947851784527 ], [ 285246.424115790636279, 6137245.982092909514904 ], [ 285247.074600670835935, 6137246.602059007622302 ], [ 285247.516292379470542, 6137247.041538594290614 ], [ 285247.646536417072639, 6137247.147161258384585 ], [ 285247.780340661411174, 6137247.274687812663615 ], [ 285248.625838521984406, 6137247.941335789859295 ], [ 285249.09231018164428, 6137248.319625502452254 ], [ 285249.170924187754281, 6137248.371118375100195 ], [ 285249.251568283012602, 6137248.434703661128879 ], [ 285250.526536017016042, 6137249.259056176990271 ], [ 285250.789719533757307, 6137249.431443721055984 ], [ 285250.807075967255514, 6137249.440444150939584 ], [ 285250.824888090603054, 6137249.451960888691247 ], [ 285252.486493622942362, 6137250.317532687447965 ], [ 285420.971522548294161, 6137328.280992420390248 ], [ 285428.54609550035093, 6137371.541466514579952 ], [ 285418.54517449659761, 6137442.30967924091965 ], [ 285418.368531583226286, 6137444.211237068288028 ], [ 285418.37406140594976, 6137446.120973781682551 ], [ 285418.561713544826489, 6137448.021476758643985 ], [ 285418.929777022916824, 6137449.895417570136487 ], [ 285419.474895906576421, 6137451.725709977559745 ], [ 285420.19209990411764, 6137453.495665716007352 ], [ 285421.074849684198853, 6137455.189146662130952 ], [ 285422.115096500085201, 6137456.79071197565645 ], [ 285423.303355576645117, 6137458.285758884623647 ], [ 285424.628792590694502, 6137459.660655830055475 ], [ 285426.079322456440423, 6137460.902866762131453 ], [ 285427.641719515086152, 6137462.001065433956683 ], [ 285658.769402227189858, 6137608.490139622241259 ], [ 285718.620900262903888, 6137796.976986059919 ], [ 285633.89934366918169, 6138076.544871075078845 ], [ 285633.432254237064626, 6138078.402442342601717 ], [ 285633.145002038974781, 6138080.296176675707102 ], [ 285633.040221711504273, 6138082.208705010823905 ], [ 285633.118874285137281, 6138084.122485908679664 ], [ 285633.380238369456492, 6138086.019966439343989 ], [ 285633.821916770073585, 6138087.883743180893362 ], [ 285634.439858474943321, 6138089.696721835061908 ], [ 285635.22839581000153, 6138091.442274017259479 ], [ 285636.180296422098763, 6138093.10438976995647 ], [ 285637.286829613090958, 6138094.667824401520193 ], [ 285638.537846416817047, 6138096.118238310329616 ], [ 285639.921872683567926, 6138097.442328505218029 ], [ 285641.42621431988664, 6138098.627950617112219 ], [ 285643.037073716463055, 6138099.664230287075043 ], [ 285644.739676298340783, 6138100.541662905365229 ], [ 285646.518406034796499, 6138101.252200782299042 ], [ 285791.846575531293638, 6138151.378571038134396 ], [ 285747.71392596809892, 6138292.789409972727299 ], [ 285747.221223646891303, 6138294.692400236614048 ], [ 285746.917714216280729, 6138296.634566436521709 ], [ 285746.806329674087465, 6138298.597146627493203 ], [ 285746.88814603042556, 6138300.561181659810245 ], [ 285747.162372913269792, 6138302.507698327302933 ], [ 285747.626361203554552, 6138304.417892660014331 ], [ 285748.275628626346588, 6138306.273311571218073 ], [ 285749.103903051407542, 6138308.056031122803688 ], [ 285750.103183083760086, 6138309.748829675838351 ], [ 285751.263815359678119, 6138311.335354255512357 ], [ 285752.574587801413145, 6138312.800278529524803 ], [ 285754.022837929253001, 6138314.129450861364603 ], [ 285755.594575185270514, 6138315.310031024739146 ], [ 285757.274616086448077, 6138316.330614236183465 ], [ 285759.046730901987758, 6138317.181341338902712 ], [ 285982.352752511913422, 6138411.174862913787365 ], [ 285980.841497829242144, 6138419.439804727211595 ], [ 285980.593971685797442, 6138421.265092807821929 ], [ 285980.515425587131176, 6138423.105412421748042 ], [ 285980.606525789829902, 6138424.945153306238353 ], [ 285980.86649954871973, 6138426.768710108473897 ], [ 285981.29314167163102, 6138428.560614757239819 ], [ 285981.882833224604838, 6138430.305667662061751 ], [ 285982.630572229099926, 6138431.989066649228334 ], [ 285983.530016090371646, 6138433.596532515250146 ], [ 286026.201044749759603, 6138502.235237355343997 ], [ 285779.69022696983302, 6138485.023893159814179 ], [ 285777.70292177592637, 6138484.984154330566525 ], [ 285775.721486719674431, 6138485.14187632035464 ], [ 285773.765493233280722, 6138485.495501248165965 ], [ 285771.854261452099308, 6138486.041536217555404 ], [ 285770.006669382390101, 6138486.774587819352746 ], [ 285768.240966434997972, 6138487.687415410764515 ], [ 285766.574593169265427, 6138488.771002623252571 ], [ 285765.024009025015403, 6138490.014646430499852 ], [ 285763.60452974634245, 6138491.406062861904502 ], [ 285762.330176101939287, 6138492.931508337147534 ], [ 285761.213535395858344, 6138494.575915415771306 ], [ 285760.265637138218153, 6138496.323041628114879 ], [ 285759.49584410188254, 6138498.155629904940724 ], [ 285758.911759842711035, 6138500.055579031817615 ], [ 285758.519153596134856, 6138502.004122448153794 ], [ 285758.321903292264324, 6138503.982013603672385 ], [ 285758.321957251755521, 6138505.969716073013842 ], [ 285774.779867749195546, 6138836.574363042600453 ], [ 285774.822273652651347, 6138837.058548473753035 ], [ 285774.829362305579707, 6138837.301510251127183 ], [ 285774.844518195663113, 6138837.406623303890228 ], [ 285774.850008840789087, 6138837.525752764195204 ], [ 285774.858189957740251, 6138837.580316045321524 ], [ 285774.861386824049987, 6138837.638829228468239 ], [ 285774.888809120398946, 6138837.818242324516177 ], [ 285774.911123530822806, 6138838.073025540448725 ], [ 285775.154657573846634, 6138839.557582219131291 ], [ 285803.497333158680703, 6138979.221730872057378 ], [ 285673.795399873226415, 6138691.41973386798054 ], [ 285673.609192892850842, 6138691.054848808795214 ] ], [ [ 286497.95377208921127, 6134573.356381819583476 ], [ 286571.098631652712356, 6134632.023474149405956 ], [ 286516.447838419349864, 6134667.594591580331326 ], [ 286421.164794085954782, 6134552.79283834900707 ], [ 286497.95377208921127, 6134573.356381819583476 ] ], [ [ 282331.329853068629745, 6151381.629773517139256 ], [ 282108.322426180588081, 6151511.062923929654062 ], [ 282149.755680602393113, 6151392.666350084356964 ], [ 282207.494422626739834, 6151336.191302128136158 ], [ 282365.646991279500071, 6151342.678203355520964 ], [ 282331.329853068629745, 6151381.629773517139256 ] ], [ [ 282840.718704878992867, 6147970.032513946294785 ], [ 282684.989317680709064, 6147712.516412435099483 ], [ 282582.669371341529768, 6147532.370395659469068 ], [ 282582.669345212343615, 6147532.370354145765305 ], [ 282582.669322938774712, 6147532.370310441590846 ], [ 282581.706254332908429, 6147530.84019829519093 ], [ 282524.313518124457914, 6147448.193161781877279 ], [ 282524.04788815084612, 6147447.845801304094493 ], [ 282523.824024776055012, 6147447.518717434257269 ], [ 282182.7930220910348, 6146997.654990565963089 ], [ 282076.590990074153524, 6146845.834942924790084 ], [ 281917.425013680767734, 6146610.396828528493643 ], [ 281916.87280611199094, 6146609.655252391472459 ], [ 281916.465343882853631, 6146609.094145237468183 ], [ 281916.398754542751703, 6146609.018634295091033 ], [ 281916.336082419729792, 6146608.934470017440617 ], [ 281915.660353177052457, 6146608.181302324868739 ], [ 281915.21418044436723, 6146607.675351617857814 ], [ 281915.165185186720919, 6146607.629388172179461 ], [ 281915.11850186670199, 6146607.577354951761663 ], [ 281914.261180910223629, 6146606.781323404982686 ], [ 281913.834569680737332, 6146606.381110749207437 ], [ 281913.807987703301478, 6146606.36052873544395 ], [ 281913.782390918931924, 6146606.336761850863695 ], [ 281912.338853539025877, 6146605.223000862635672 ], [ 281833.569989147828892, 6146549.987588274292648 ], [ 281832.320732625143137, 6146549.179174817167222 ], [ 281832.264138881058898, 6146549.148262862116098 ], [ 281832.214393085974734, 6146549.116289127618074 ], [ 281831.813201680255588, 6146548.901957362890244 ], [ 281831.01482895220397, 6146548.465879804454744 ], [ 281828.964036528661381, 6146547.44286457169801 ], [ 281824.788939247489907, 6146525.193717104382813 ], [ 281885.27497762121493, 6146441.355427660979331 ], [ 281959.423179304343648, 6146472.294443264603615 ], [ 281961.036324121581856, 6146472.887522265315056 ], [ 281962.694432042422704, 6146473.339912611059844 ], [ 281964.385258027527016, 6146473.648273422382772 ], [ 281966.096315416216385, 6146473.810327472165227 ], [ 281997.304717562336009, 6146475.417328195646405 ], [ 281999.269023724482395, 6146475.42188457492739 ], [ 282001.224302712071221, 6146475.233726290985942 ], [ 282003.151693320134655, 6146474.854668376035988 ], [ 282005.032603363273665, 6146474.288367334753275 ], [ 282006.848889021319337, 6146473.540285876952112 ], [ 282038.911511522834189, 6146458.452551254071295 ], [ 282040.36970939458115, 6146457.69161768257618 ], [ 282041.760449898720253, 6146456.813436731696129 ], [ 282277.447733510867693, 6146294.059916514903307 ], [ 282278.124884008371737, 6146293.571121514774859 ], [ 282356.948832322435919, 6146234.130668402649462 ], [ 282358.36945200705668, 6146232.952755910344422 ], [ 282359.675451608840376, 6146231.648914214223623 ], [ 282360.855711722804699, 6146230.230244347825646 ], [ 282361.900183501827996, 6146228.708824999630451 ], [ 282362.799974213645328, 6146227.097609681077302 ], [ 282363.547422954346985, 6146225.410316432826221 ], [ 282364.136165874137077, 6146223.661311028525233 ], [ 282364.561190359701868, 6146221.86548466887325 ], [ 282495.717818635399453, 6145525.811088633723557 ], [ 282851.188454340735916, 6145312.990564385429025 ], [ 282908.716336165380199, 6145362.002431965433061 ], [ 282774.651525486377068, 6145760.999673233367503 ], [ 282774.126206255867146, 6145762.854929736815393 ], [ 282773.781985309615266, 6145764.752151107415557 ], [ 282773.622062127047684, 6145766.673702970147133 ], [ 282773.647923169075511, 6145768.601724804379046 ], [ 282773.859328061284032, 6145770.518295951187611 ], [ 282774.254311828583013, 6145772.405602182261646 ], [ 282774.829203158966266, 6145774.246101285330951 ], [ 282775.578658528160304, 6145776.0226861089468 ], [ 282776.495711866591591, 6145777.718843578360975 ], [ 282777.571839307842311, 6145779.318808177486062 ], [ 282778.797038417018484, 6145780.807708486914635 ], [ 282780.159921161248349, 6145782.171705412678421 ], [ 282781.647819760255516, 6145783.398120817728341 ], [ 282783.246904430852737, 6145784.475555364973843 ], [ 282784.94231193291489, 6145785.393994470126927 ], [ 282807.833260384388268, 6145796.401985964737833 ], [ 282810.339259860338643, 6145797.404974454082549 ], [ 283476.426173209911212, 6146013.105867930687964 ], [ 283476.426173210085835, 6146013.105867930687964 ], [ 283663.582758674107026, 6146300.787912278436124 ], [ 283964.291388044075575, 6146802.764986339956522 ], [ 284328.654236572561786, 6147511.590263389982283 ], [ 284349.482203081308398, 6147667.668973873369396 ], [ 284349.829039668198675, 6147669.565511789172888 ], [ 284350.356877664802596, 6147671.419841515831649 ], [ 284380.079461084387731, 6147759.475259635597467 ], [ 284380.806998311833013, 6147761.322522487491369 ], [ 284381.714099793753121, 6147763.08855118509382 ], [ 284382.791826746950392, 6147764.755942882969975 ], [ 284384.029559006390627, 6147766.308266726322472 ], [ 284385.415099678386468, 6147767.730225765146315 ], [ 284386.93479533190839, 6147769.00780769251287 ], [ 284388.573670542275067, 6147770.128422927111387 ], [ 284390.315575462474953, 6147771.081028674729168 ], [ 284392.143344967567828, 6147771.856237741187215 ], [ 284394.038967803411651, 6147772.446411041542888 ], [ 284395.983764073927887, 6147772.845732875168324 ], [ 284724.950134177226573, 6147823.526575739495456 ], [ 284727.020509964495432, 6147823.736004509031773 ], [ 284729.101439964608289, 6147823.729174852371216 ], [ 284731.170396464935038, 6147823.506160705350339 ], [ 284733.20498137519462, 6147823.069376373663545 ], [ 284735.183168704912532, 6147822.423550392501056 ], [ 284737.083543011860456, 6147821.575674338266253 ], [ 284738.885531241481658, 6147820.534927139990032 ], [ 284858.267497367574833, 6147743.034417930059135 ], [ 284859.76886613923125, 6147741.958038853481412 ], [ 284861.164513930329122, 6147740.747721808962524 ], [ 284862.442533422319684, 6147739.413792918436229 ], [ 284863.592020872107241, 6147737.967632931657135 ], [ 284881.861552827758715, 6147712.666594522073865 ], [ 284880.80491202295525, 6147737.078353525139391 ], [ 284880.806255983596202, 6147737.506888616830111 ], [ 284880.786253232858144, 6147737.898481347598135 ], [ 284880.809016181563493, 6147738.387004955671728 ], [ 284880.810729799617548, 6147738.933408952318132 ], [ 284880.856773760460783, 6147739.411947068758309 ], [ 284880.877070806280244, 6147739.847549071535468 ], [ 284880.941176307154819, 6147740.289148659445345 ], [ 284880.98839979415061, 6147740.779945673421025 ], [ 284881.088544024329167, 6147741.304311512038112 ], [ 284881.157379162730649, 6147741.778491860255599 ], [ 284881.253727915987838, 6147742.169231934472919 ], [ 284881.336393482924905, 6147742.602077633142471 ], [ 284881.499776092299726, 6147743.167074452154338 ], [ 284881.624510388530325, 6147743.672931419685483 ], [ 284968.140951313020196, 6148033.007410646416247 ], [ 284933.168301984551363, 6148035.918730175122619 ], [ 284931.210757202352397, 6148036.179524309001863 ], [ 284929.288475377019495, 6148036.632103295065463 ], [ 284927.420198732928839, 6148037.272054493427277 ], [ 284925.624142944870982, 6148038.093138387426734 ], [ 284923.917819534952287, 6148039.08734941855073 ], [ 284922.317865135788452, 6148040.244994042441249 ], [ 284920.839879283332266, 6148041.554785237647593 ], [ 284919.498272321769036, 6148043.00395255535841 ], [ 284918.306124902737793, 6148044.578366632573307 ], [ 284917.275060449144803, 6148046.262676950544119 ], [ 284916.415131826943252, 6148048.04046150483191 ], [ 284915.734723329660483, 6148049.894386916421354 ], [ 284915.240468932082877, 6148051.806377435103059 ], [ 284753.458565365464892, 6148835.506566577591002 ], [ 284753.429772185103502, 6148835.648644536733627 ], [ 284737.496172548795585, 6148915.762331236153841 ], [ 284737.211091170902364, 6148917.67496227286756 ], [ 284737.112054614117369, 6148919.606184847652912 ], [ 284737.199988728854805, 6148921.537944788113236 ], [ 284737.474071456701495, 6148923.452182895503938 ], [ 284737.931740515457932, 6148925.331003777682781 ], [ 284738.568717352929525, 6148927.156843141652644 ], [ 284739.379047145193908, 6148928.912631996907294 ], [ 284740.355154465592932, 6148930.581956223584712 ], [ 284741.487914104538504, 6148932.14921002369374 ], [ 284742.766736376623157, 6148933.599741812795401 ], [ 284744.179666119569447, 6148934.919991189613938 ], [ 284745.713494457770139, 6148936.097615706734359 ], [ 284747.353882286290172, 6148937.121606256812811 ], [ 285021.392420044110622, 6149090.29503739066422 ], [ 285023.415766406280454, 6149091.280896575190127 ], [ 285025.537070370221045, 6149092.033172007650137 ], [ 285027.729466422693804, 6149092.542336403392255 ], [ 285159.805221725720912, 6149115.472120374441147 ], [ 285181.617998131783679, 6149219.88884617947042 ], [ 285045.359713213052601, 6149245.642953088507056 ], [ 285043.395243363047484, 6149246.118189464323223 ], [ 285041.488769090385176, 6149246.78926863335073 ], [ 285039.659760222537443, 6149247.649337215349078 ], [ 285037.926895473268814, 6149248.689611777663231 ], [ 285036.307871686643921, 6149249.899468538351357 ], [ 285034.819223108235747, 6149251.266551862470806 ], [ 285033.476152529648971, 6149252.77690043952316 ], [ 285032.292376030411106, 6149254.41508986800909 ], [ 285031.279982902458869, 6149256.164390173740685 ], [ 285030.449312188895419, 6149258.006936663761735 ], [ 285029.808847096457612, 6149259.923912373371422 ], [ 284974.756898815045133, 6149457.386932264082134 ], [ 284846.665162543009501, 6149520.703161290846765 ], [ 284716.095311561599374, 6149523.34497457742691 ], [ 284715.83844959246926, 6149523.362808907404542 ], [ 284715.563993473246228, 6149523.36279156524688 ], [ 284714.786454726941884, 6149523.435850564390421 ], [ 284714.137208897271194, 6149523.480928722769022 ], [ 284713.925207234336995, 6149523.516774994321167 ], [ 284713.697899742459413, 6149523.538133232854307 ], [ 284712.86809187772451, 6149523.695517198182642 ], [ 284712.201862667279784, 6149523.80816647130996 ], [ 284712.035582992131822, 6149523.853413446806371 ], [ 284711.856414825248066, 6149523.887395043857396 ], [ 284710.973208764335141, 6149524.142500014975667 ], [ 284710.307913398661185, 6149524.323535989969969 ], [ 284710.18693047913257, 6149524.369608396664262 ], [ 284710.055711795459501, 6149524.407509561628103 ], [ 284709.108077019511256, 6149524.780454618856311 ], [ 284708.473602898477111, 6149525.022073435597122 ], [ 284708.396230958693195, 6149525.060604183934629 ], [ 284708.311605554947164, 6149525.093908814713359 ], [ 284707.249451902287547, 6149525.631693078204989 ], [ 284706.716598555736709, 6149525.897050756961107 ], [ 284706.679937345848884, 6149525.920046807266772 ], [ 284706.639413936878555, 6149525.940564414486289 ], [ 284705.053823175607249, 6149526.940040502697229 ], [ 284697.745299815898761, 6149532.040622070431709 ], [ 284696.289699445886072, 6149533.159217726439238 ], [ 284694.942796528281178, 6149534.406567401252687 ], [ 284693.715938816720154, 6149535.772162082605064 ], [ 284477.963559846219141, 6149799.31154191493988 ], [ 284476.897718612395693, 6149800.7386688105762 ], [ 284476.872846169630066, 6149800.779020207934082 ], [ 284476.846033160982188, 6149800.815095218829811 ], [ 284476.553930239286274, 6149801.296408203430474 ], [ 284475.963078932021745, 6149802.254966069944203 ], [ 284475.920654260320589, 6149802.339889555238187 ], [ 284475.874090484925546, 6149802.416615079157054 ], [ 284475.59524052485358, 6149802.991285722702742 ], [ 284475.167054153454956, 6149803.84840676933527 ], [ 284458.001661060610786, 6149842.415553728118539 ], [ 284421.331298576842528, 6149843.360345941968262 ], [ 284227.081684760050848, 6149795.5076934536919 ], [ 284026.177546524791978, 6149678.90877737943083 ], [ 283989.68663279741304, 6149598.616757539100945 ], [ 283967.063794114394113, 6149486.054706558585167 ], [ 283966.57072941790102, 6149484.111404555849731 ], [ 283966.547728241363075, 6149484.048150643706322 ], [ 283966.53204997832654, 6149483.987190768122673 ], [ 283966.312746304494794, 6149483.401943405158818 ], [ 283965.885582769580651, 6149482.227231118828058 ], [ 283965.82701882062247, 6149482.105700965970755 ], [ 283965.782962867524475, 6149481.988130521960557 ], [ 283965.469760575215332, 6149481.364329357631505 ], [ 283965.015239097760059, 6149480.421120002865791 ], [ 283964.909315651457291, 6149480.248098075389862 ], [ 283964.825067456287798, 6149480.080301978625357 ], [ 283964.450314688670915, 6149479.498337433673441 ], [ 283963.968444345577154, 6149478.71122052706778 ], [ 283963.804337552457582, 6149478.495180625468493 ], [ 283963.669277462176979, 6149478.285441856831312 ], [ 283963.254795859858859, 6149477.771731394343078 ], [ 283962.755717584572267, 6149477.114715195260942 ], [ 283696.687572345486842, 6149161.078881487250328 ], [ 283643.679538369295187, 6149084.670331948436797 ], [ 283643.641050850332249, 6149084.619730467908084 ], [ 283643.302435691992287, 6149084.145093133673072 ], [ 283547.341385040897876, 6148954.948554646223783 ], [ 283547.0539148732787, 6148947.682240867987275 ], [ 283546.996991339197848, 6148947.001938754692674 ], [ 283546.971068729180843, 6148946.490572637878358 ], [ 283546.932598935847636, 6148946.2323750089854 ], [ 283546.90741547656944, 6148945.931403524242342 ], [ 283546.766008746519219, 6148945.114271994680166 ], [ 283546.684535315667745, 6148944.567446945235133 ], [ 283546.641866182384547, 6148944.396903003565967 ], [ 283546.607822621124797, 6148944.200179218314588 ], [ 283546.339599689585157, 6148943.18877630867064 ], [ 283546.212615075812209, 6148942.681232451461256 ], [ 283546.182869443669915, 6148942.597784980200231 ], [ 283546.157448335143272, 6148942.501928213052452 ], [ 283545.559768262086436, 6148940.849756306968629 ], [ 283469.490112189843785, 6148756.3390669869259 ], [ 283849.411361270816997, 6148339.266756046563387 ], [ 283850.602433947497047, 6148337.829901544377208 ], [ 283851.654384148714598, 6148336.288277154788375 ], [ 283852.558051478757989, 6148334.655307363718748 ], [ 283853.305566791386809, 6148332.945212092250586 ], [ 283853.890420713869389, 6148331.172882869839668 ], [ 283854.30752033094177, 6148329.353753162547946 ], [ 283854.553233534039464, 6148327.503663973882794 ], [ 283854.625420649477746, 6148325.638725904747844 ], [ 283854.52345307089854, 6148323.775178858079016 ], [ 283854.248218733409885, 6148321.929250624962151 ], [ 283825.977180025482085, 6148178.556827518157661 ], [ 283825.517782022128813, 6148176.699914900586009 ], [ 283824.883084460278042, 6148174.895384491421282 ], [ 283824.078893507190514, 6148173.159744002856314 ], [ 283823.112565843330231, 6148171.50887094810605 ], [ 283821.992941364180297, 6148169.957867396064103 ], [ 283820.730262313212734, 6148168.520921812392771 ], [ 283819.336079586821143, 6148167.211179273203015 ], [ 283817.823147067567334, 6148166.040621207095683 ], [ 283816.205304952338338, 6148165.019955794326961 ], [ 283814.497353143582586, 6148164.158520008437335 ], [ 283812.714915860502515, 6148163.46419420093298 ], [ 283732.213163405656815, 6148136.463516784831882 ], [ 283730.399443504109513, 6148135.948911351151764 ], [ 283730.223077715199906, 6148135.916423885151744 ], [ 283730.080148431996349, 6148135.877131307497621 ], [ 283729.567092435434461, 6148135.795588093809783 ], [ 283728.545326297462452, 6148135.607373626902699 ], [ 283728.18089651921764, 6148135.57527126558125 ], [ 283727.895421787572559, 6148135.529898972250521 ], [ 283727.40333723713411, 6148135.506776617839932 ], [ 283726.667287464893889, 6148135.441938513889909 ], [ 283726.101050240104087, 6148135.445584001019597 ], [ 283725.685711422527675, 6148135.426067819818854 ], [ 282896.816341870464385, 6148142.370413348078728 ], [ 282842.640786967007443, 6147974.247816075570881 ], [ 282841.802213045710232, 6147972.08432278316468 ], [ 282840.718704878992867, 6147970.032513946294785 ] ], [ [ 283190.937593359791208, 6144372.998779281973839 ], [ 283190.091492381761782, 6144371.328746680170298 ], [ 283189.092943123774603, 6144369.745144730433822 ], [ 283175.132157872489188, 6144349.744981286115944 ], [ 283177.754882067150902, 6144344.508269143290818 ], [ 283521.239361581858248, 6144379.172156412154436 ], [ 283522.749976709892508, 6144379.267040259204805 ], [ 283524.263441516784951, 6144379.247411508113146 ], [ 283528.081418922753073, 6144379.053224160335958 ], [ 283648.655924590071663, 6144578.491960052400827 ], [ 283646.330587661534082, 6144726.785883404314518 ], [ 283646.390111404878553, 6144728.672810572199523 ], [ 283646.627284742484335, 6144730.54571901075542 ], [ 283647.039994437829591, 6144732.387920931912959 ], [ 283647.624563209188636, 6144734.183002145029604 ], [ 283648.375782494607847, 6144735.914968309924006 ], [ 283657.952163826092146, 6144755.416788223199546 ], [ 283264.804526568157598, 6144680.2325628278777 ], [ 283192.14419626822928, 6144376.538974433206022 ], [ 283191.623832318582572, 6144374.740609310567379 ], [ 283190.937593359791208, 6144372.998779281973839 ] ], [ [ 282566.485170270083472, 6143240.030191947706044 ], [ 282567.815851245948579, 6143246.860972604714334 ], [ 282470.904610416677315, 6143294.792179887183011 ], [ 282488.038566748611629, 6143213.583094761706889 ], [ 282566.485170270083472, 6143240.030191947706044 ] ], [ [ 283171.875657776952721, 6141972.938796528615057 ], [ 283171.506217031448614, 6141970.897034604102373 ], [ 283170.927225378691219, 6141968.904536952264607 ], [ 283170.14491461898433, 6141966.982749217189848 ], [ 283169.167704916035291, 6141965.152355975471437 ], [ 283168.006114168965723, 6141963.433058107271791 ], [ 283087.195218335255049, 6141856.260141791775823 ], [ 283221.022935411718208, 6141678.52127418294549 ], [ 283786.693621804297436, 6141417.149835004471242 ], [ 284359.097640952968504, 6141433.084170250222087 ], [ 284360.07217487541493, 6141433.062861807644367 ], [ 284360.977195354003925, 6141433.048107613809407 ], [ 284361.030324336257763, 6141433.04191161505878 ], [ 284361.084034697327297, 6141433.040737223811448 ], [ 284362.058657166548073, 6141432.921985566616058 ], [ 284362.958861161954701, 6141432.817002137191594 ], [ 284363.007090400846209, 6141432.806424904614687 ], [ 284363.056317006703466, 6141432.800426950678229 ], [ 284364.0217402241542, 6141432.583900414407253 ], [ 284364.907641979516484, 6141432.38961187005043 ], [ 284364.950666993914638, 6141432.375559354200959 ], [ 284364.995023197610863, 6141432.365611080080271 ], [ 284365.942016459128354, 6141432.051772044040263 ], [ 284366.804145444300957, 6141431.77018978074193 ], [ 284366.841792416234966, 6141431.753581094555557 ], [ 284366.881019952998031, 6141431.740580862388015 ], [ 284367.800515798095148, 6141431.330621826462448 ], [ 284368.629499407135881, 6141430.964899755083025 ], [ 284368.661724463454448, 6141430.946650244295597 ], [ 284368.695694151567295, 6141430.931504791602492 ], [ 284369.578901760105509, 6141430.427239601500332 ], [ 284370.365539729129523, 6141429.981755251064897 ], [ 284370.392426034028176, 6141429.962759939022362 ], [ 284370.42113656247966, 6141429.946367734111845 ], [ 284371.259667783917394, 6141429.35004920233041 ], [ 284371.994991033512633, 6141428.830539561808109 ], [ 284372.016743964981288, 6141428.811657136306167 ], [ 284372.040318593906704, 6141428.794892122037709 ], [ 284372.82633685413748, 6141428.1088977297768 ], [ 284373.501638613175601, 6141427.522708461619914 ], [ 284373.518579020164907, 6141427.504746060818434 ], [ 284373.537260349956341, 6141427.488442002795637 ], [ 284374.263680475996807, 6141426.714693563990295 ], [ 284374.870489783701487, 6141426.071276207454503 ], [ 284374.883045453636441, 6141426.054975217208266 ], [ 284374.897188338276464, 6141426.039910883642733 ], [ 284375.557998612057418, 6141425.178685455583036 ], [ 284376.08792307600379, 6141424.490686034783721 ], [ 284376.096618538431358, 6141424.476709117181599 ], [ 284376.106681271397974, 6141424.463594487868249 ], [ 284376.697602786531206, 6141423.510698666796088 ], [ 284377.141823783516884, 6141422.79666643217206 ], [ 284377.147268637549132, 6141422.785585940815508 ], [ 284377.153802522807382, 6141422.775049665011466 ], [ 284377.67410660564201, 6141421.713450009934604 ], [ 284378.021704516373575, 6141421.006074626930058 ], [ 284378.024580441531725, 6141420.998362591490149 ], [ 284378.028217931045219, 6141420.990940859541297 ], [ 284378.488357798196375, 6141419.754704617895186 ], [ 284378.718809561338276, 6141419.136728839948773 ], [ 284378.719856211740989, 6141419.132748667150736 ], [ 284378.721297788724769, 6141419.128875649534166 ], [ 284379.226202010235284, 6141417.207230973057449 ], [ 284403.736966473457869, 6141300.636520096100867 ], [ 284404.041058012808207, 6141298.743810495361686 ], [ 284404.041247529152315, 6141298.740826106630266 ], [ 284404.041719984263182, 6141298.737882675603032 ], [ 284404.081805928959511, 6141298.102136998437345 ], [ 284404.162546608538833, 6141296.830681692808867 ], [ 284404.162352455838118, 6141296.824704056605697 ], [ 284404.162727644259576, 6141296.818753731437027 ], [ 284404.137422334228177, 6141296.057147349230945 ], [ 284404.100316138355993, 6141294.914709703065455 ], [ 284404.09916781046195, 6141294.905812337994576 ], [ 284404.098870828631334, 6141294.896874165162444 ], [ 284403.993846881436184, 6141294.089774758554995 ], [ 284403.85493831691565, 6141293.013496664352715 ], [ 284403.852278486010619, 6141293.00183461792767 ], [ 284403.850739845598582, 6141292.990010307170451 ], [ 284403.662540561635979, 6141292.16992739867419 ], [ 284403.428667443338782, 6141291.144509120844305 ], [ 284403.423962296743412, 6141291.130316867493093 ], [ 284403.42062847915804, 6141291.115789677016437 ], [ 284403.149350712541491, 6141290.301998952403665 ], [ 284402.825419690809213, 6141289.324917561374605 ], [ 284402.818168963422067, 6141289.308505681343377 ], [ 284402.812512785021681, 6141289.291538033634424 ], [ 284402.460095370945055, 6141288.49801307823509 ], [ 284402.050737128593028, 6141287.571438669227064 ], [ 284402.040483691322152, 6141287.553189338184893 ], [ 284402.032014334807172, 6141287.534119208343327 ], [ 284401.601641933142673, 6141286.77212749235332 ], [ 284401.111736806575209, 6141285.90018174983561 ], [ 284401.098075679503381, 6141285.880543105304241 ], [ 284401.086348248878494, 6141285.859779215417802 ], [ 284400.582178623706568, 6141285.138911829330027 ], [ 284400.017045370768756, 6141284.326500728726387 ], [ 284399.999632026650943, 6141284.305980170145631 ], [ 284399.984256498049945, 6141284.283996067009866 ], [ 284399.411263046902604, 6141283.612623400054872 ], [ 284398.776719809451606, 6141282.86485309805721 ], [ 284325.843545187730342, 6141204.82911735586822 ], [ 284489.629860235727392, 6140941.622924222610891 ], [ 284490.515698299161159, 6140940.044325882568955 ], [ 284491.255178640712984, 6140938.392099924385548 ], [ 284491.842243655992206, 6140936.679780893959105 ], [ 284492.272084281954449, 6140934.921395603567362 ], [ 284492.541179391206242, 6140933.131348225288093 ], [ 284501.590316909714602, 6140846.385368939489126 ], [ 284501.61225192353595, 6140846.16307507827878 ], [ 284502.249023663927801, 6140839.319015100598335 ], [ 284502.334642234491184, 6140837.341641845181584 ], [ 284502.224397828103974, 6140835.365488586947322 ], [ 284501.919370105606504, 6140833.409908464178443 ], [ 284501.422546306857839, 6140831.494053134694695 ], [ 284500.738791995623615, 6140829.636685220524669 ], [ 284499.874803409620654, 6140827.855994553305209 ], [ 284498.83904188167071, 6140826.169420040212572 ], [ 284497.641650975507218, 6140824.593478878028691 ], [ 284339.175122455635574, 6140636.165249779820442 ], [ 284544.711434117984027, 6140446.164199894294143 ], [ 284545.01592398568755, 6140445.852302039042115 ], [ 284545.995241110271309, 6140444.86373826302588 ], [ 284546.068985362770036, 6140444.773620545864105 ], [ 284546.143520432815421, 6140444.697272098623216 ], [ 284546.530949696083553, 6140444.209086092188954 ], [ 284547.196699499210808, 6140443.395519602112472 ], [ 284547.306546380335931, 6140443.231783952564001 ], [ 284547.417916444770526, 6140443.091450446285307 ], [ 284547.758106954512186, 6140442.558696441352367 ], [ 284548.253637945221271, 6140441.820067471824586 ], [ 284548.386301034421194, 6140441.574915581382811 ], [ 284548.521232239494566, 6140441.363607100211084 ], [ 284548.789705073577352, 6140440.82945379987359 ], [ 284549.156546200043522, 6140440.151557663455606 ], [ 284549.297691002779175, 6140439.818765468895435 ], [ 284549.441875420336146, 6140439.531896286644042 ], [ 284553.385488083236851, 6140430.568061340600252 ], [ 284554.119930871529505, 6140428.632637086324394 ], [ 284554.650382859865203, 6140426.631663837470114 ], [ 284554.971161218883935, 6140424.586578387767076 ], [ 284555.078829391219188, 6140422.519290111027658 ], [ 284554.972233908134513, 6140420.451946246437728 ], [ 284554.652516746544279, 6140418.406694625504315 ], [ 284554.123103094927501, 6140416.405446405522525 ], [ 284540.638295726093929, 6140374.365364369004965 ], [ 284488.655824196001049, 6140131.872265325859189 ], [ 284557.307729063380975, 6140038.329927434213459 ], [ 284554.674759408691898, 6140091.942342989146709 ], [ 284554.675443619431462, 6140093.918260018341243 ], [ 284554.87109858833719, 6140095.884466444142163 ], [ 284555.259814601216931, 6140097.821770869195461 ], [ 284555.837797548330855, 6140099.711263999342918 ], [ 284556.599405956803821, 6140101.53450320661068 ], [ 284557.53720605536364, 6140103.273692543618381 ], [ 284558.642044332111254, 6140104.911856441758573 ], [ 284566.891148873372003, 6140115.927183599211276 ], [ 284567.742557583318558, 6140116.987020086497068 ], [ 284712.304765146633144, 6140284.913977989926934 ], [ 284713.036085736064706, 6140285.718218530528247 ], [ 284859.591613850265276, 6140438.339724517427385 ], [ 284861.000504602794535, 6140439.671285752207041 ], [ 284862.531691179785412, 6140440.860191191546619 ], [ 284864.170787974493578, 6140441.895270981825888 ], [ 284865.902395555865951, 6140442.766800476238132 ], [ 284867.710245347465388, 6140443.466591592878103 ], [ 284869.577352471591439, 6140443.98806974478066 ], [ 284957.839922638842836, 6140464.084633170627058 ], [ 284958.689224941888824, 6140480.476110016927123 ], [ 284958.905832072778139, 6140482.551972071640193 ], [ 284959.337594602198806, 6140484.593957143835723 ], [ 284959.979810504533816, 6140486.579827394336462 ], [ 284960.825485852954444, 6140488.487956090830266 ], [ 284961.865410985134076, 6140490.297563130967319 ], [ 284963.08826079958817, 6140491.988941340707242 ], [ 285091.478664304653648, 6140651.346559846773744 ], [ 285228.961694277124479, 6140947.862448597326875 ], [ 285111.468470012361649, 6140981.596316329203546 ], [ 285111.392025010776706, 6140981.622993239201605 ], [ 285109.674666770908516, 6140982.20466018281877 ], [ 284559.993599903827999, 6141198.152083869092166 ], [ 284558.241921189357527, 6141198.939310071989894 ], [ 284556.573821942496579, 6141199.890913096256554 ], [ 284555.004682469705585, 6141200.998118916526437 ], [ 284553.548970642674249, 6141202.250718808732927 ], [ 284552.220108500681818, 6141203.637163477949798 ], [ 284551.030348496278748, 6141205.144669545814395 ], [ 284549.990660524345003, 6141206.75933741685003 ], [ 284549.11063077673316, 6141208.466279435902834 ], [ 284548.398373355215881, 6141210.249757156707346 ], [ 284547.860455457412172, 6141212.093326452188194 ], [ 284547.501836825395003, 6141213.979989138431847 ], [ 284547.32582401559921, 6141215.892349695786834 ], [ 284547.334039911685977, 6141217.812775667756796 ], [ 284573.800596721004695, 6141723.329538827762008 ], [ 284557.318396098155063, 6141806.541963908821344 ], [ 284142.486788351729047, 6141824.127957167103887 ], [ 283687.757014367438387, 6141747.831477277912199 ], [ 283687.709896511340048, 6141747.825827046297491 ], [ 283687.660746912821196, 6141747.815566459670663 ], [ 283685.895489301474299, 6141747.608248773962259 ], [ 283631.735946593049448, 6141743.677053631283343 ], [ 283629.835218737425748, 6141743.629701411351562 ], [ 283629.725548591755796, 6141743.637412287294865 ], [ 283629.627623217587825, 6141743.635481378994882 ], [ 283629.065061629749835, 6141743.683850930072367 ], [ 283627.938583324139472, 6141743.763053287751973 ], [ 283627.720202611992136, 6141743.799483118578792 ], [ 283627.526641696633305, 6141743.816125660203397 ], [ 283626.942891868180595, 6141743.929152532480657 ], [ 283626.063181236502714, 6141744.075904089026153 ], [ 283625.739394173433539, 6141744.162176292389631 ], [ 283625.456358409137465, 6141744.216978273354471 ], [ 283624.932166049140505, 6141744.377260082401335 ], [ 283624.225961461430416, 6141744.565426419489086 ], [ 283623.802031185128726, 6141744.722820365801454 ], [ 283623.439788465271704, 6141744.833582984283566 ], [ 283623.001568060542922, 6141745.020010863430798 ], [ 283622.443527912080754, 6141745.227196210063994 ], [ 283532.939328613283578, 6141783.391186943277717 ], [ 283531.246626553824171, 6141784.208991250954568 ], [ 283529.638186893018428, 6141785.182113034650683 ], [ 283528.128220372833312, 6141786.301954655908048 ], [ 283526.730067714117467, 6141787.558622189797461 ], [ 283525.456081749929581, 6141788.941012840718031 ], [ 283524.317518286872655, 6141790.436913033947349 ], [ 283447.216685063671321, 6141902.276817904785275 ], [ 283276.946757326251827, 6142013.671875108033419 ], [ 283276.603653772501275, 6142013.923238534480333 ], [ 283276.23588135803584, 6142014.159139005467296 ], [ 283276.154818969313055, 6142014.223962790332735 ], [ 283276.056749306269921, 6142014.289190697483718 ], [ 283275.600963292119559, 6142014.65782642364502 ], [ 283275.239256564003881, 6142014.922818848863244 ], [ 283274.966302572807763, 6142015.171134441159666 ], [ 283274.608766288729385, 6142015.460306648164988 ], [ 283195.360069194983225, 6142085.905087907798588 ], [ 283173.729145561344922, 6142047.799609115347266 ], [ 283172.03157125209691, 6141975.007846845313907 ], [ 283171.875657776952721, 6141972.938796528615057 ] ], [ [ 282855.51902401749976, 6140215.407851257361472 ], [ 282902.654144391301088, 6140300.077351044863462 ], [ 282916.496857147489209, 6140326.70576798170805 ], [ 282878.563389024347998, 6140373.27023099642247 ], [ 282868.0028525153175, 6140358.507635839283466 ], [ 282807.610276183404494, 6140242.681487567722797 ], [ 282855.51902401749976, 6140215.407851257361472 ] ], [ [ 282619.055659932724666, 6135804.068788227625191 ], [ 282619.240834344818722, 6135804.331265940330923 ], [ 282619.394551024306566, 6135804.580745155923069 ], [ 282717.133647581969853, 6135947.420651643536985 ], [ 282587.108597820508294, 6135838.900178511627018 ], [ 282586.104746605851687, 6135752.59080314449966 ], [ 282619.055659932724666, 6135804.068788227625191 ] ], [ [ 283888.364067767397501, 6131708.247759596444666 ], [ 283886.754179656563792, 6131707.145980199798942 ], [ 283885.044609699980356, 6131706.206284434534609 ], [ 283883.251622992334887, 6131705.437612700276077 ], [ 283881.392278267128859, 6131704.847278252243996 ], [ 283879.484265597711783, 6131704.440897615626454 ], [ 283877.545738091226667, 6131704.222337155602872 ], [ 283871.704726561321877, 6131703.851039729081094 ], [ 283870.232008337101433, 6131703.811793483793736 ], [ 283868.760396672121715, 6131703.881063558161259 ], [ 283852.586429384769872, 6131705.240853935480118 ], [ 283850.46078522875905, 6131705.535092373378575 ], [ 283848.378901680000126, 6131706.055380972102284 ], [ 283846.364746107079554, 6131706.795729987323284 ], [ 283653.810574271192309, 6131789.5527109131217 ], [ 283652.276451434590854, 6131790.290925975888968 ], [ 283650.810670388862491, 6131791.156939995475113 ], [ 283649.42385252926033, 6131792.144477630034089 ], [ 283646.706935723661445, 6131794.259054608643055 ], [ 283596.053312109317631, 6131791.756205999292433 ], [ 283594.05639386374969, 6131791.757349893450737 ], [ 283592.069543537101708, 6131791.957623625174165 ], [ 283590.11256845650496, 6131792.355030623264611 ], [ 283588.204978116438724, 6131792.945609053596854 ], [ 283586.365789684816264, 6131793.723471317440271 ], [ 283472.164411522215232, 6131848.898371646180749 ], [ 283470.100985966913868, 6131850.050349334254861 ], [ 283468.187845816486515, 6131851.437674956396222 ], [ 283437.41956929693697, 6131876.652626528404653 ], [ 283244.123238486354239, 6131845.297197472304106 ], [ 283172.194929993536789, 6131786.692152990959585 ], [ 283026.017040038947016, 6131649.30041981767863 ], [ 283024.511501078843139, 6131648.019438217394054 ], [ 283022.886861193110235, 6131646.893335796892643 ], [ 283021.158991332282312, 6131645.933113341219723 ], [ 283019.344770890311338, 6131645.148151172325015 ], [ 283017.461922811693512, 6131644.546117507852614 ], [ 283015.528840457671322, 6131644.132893557660282 ], [ 283013.564407923433464, 6131643.912516066804528 ], [ 283011.587815560924355, 6131643.887137881480157 ], [ 283009.618372510187328, 6131644.057006919756532 ], [ 283007.675318070454523, 6131644.420463745482266 ], [ 283005.777633753255941, 6131644.973957785405219 ], [ 283003.9438578535337, 6131645.712082008831203 ], [ 283002.191904351231642, 6131646.627625752240419 ], [ 283000.538887911126949, 6131647.711645156145096 ], [ 282999.000956691394094, 6131648.953550540842116 ], [ 282997.593134593917057, 6131650.341209851205349 ], [ 282510.632685349148232, 6132180.266744322143495 ], [ 282397.910649138968438, 6132041.190907823853195 ], [ 282438.94946190319024, 6131926.673557381145656 ], [ 282438.968097948585637, 6131926.609461379237473 ], [ 282438.997144634544384, 6131926.53898998349905 ], [ 282596.263184775365517, 6131477.628991965204477 ], [ 282596.830387776484713, 6131475.705990280024707 ], [ 282597.202211088500917, 6131473.7358628353104 ], [ 282597.374918207817245, 6131471.738407710567117 ], [ 282597.346773577097338, 6131469.733697606250644 ], [ 282597.118060025502928, 6131467.741878127679229 ], [ 282596.691075926763006, 6131465.782965341582894 ], [ 282594.607290854793973, 6131458.097167521715164 ], [ 282593.975645394297317, 6131456.162959504872561 ], [ 282576.100194413098507, 6131409.598358197137713 ], [ 282575.376409162534401, 6131407.941074393689632 ], [ 282574.505881124525331, 6131406.355944863520563 ], [ 282573.495727855421137, 6131404.855929841287434 ], [ 282520.171137209923472, 6131332.919945664703846 ], [ 282629.506833890103735, 6131321.776068364270031 ], [ 283008.607095291663427, 6131581.581354575231671 ], [ 283010.283112576580606, 6131582.612598576582968 ], [ 283010.316861618368421, 6131582.629032808355987 ], [ 283010.347672875446733, 6131582.647912747226655 ], [ 283010.916914385510609, 6131582.921230923384428 ], [ 283012.052361548645422, 6131583.474141497164965 ], [ 283012.122808898857329, 6131583.500234531238675 ], [ 283012.187903566868044, 6131583.531489377841353 ], [ 283012.873207596247084, 6131583.778175134211779 ], [ 283013.897713674756233, 6131584.157642527483404 ], [ 283014.006797447917052, 6131584.186228288337588 ], [ 283014.108616042183712, 6131584.222879461944103 ], [ 283014.835417851631064, 6131584.403370984829962 ], [ 283015.801303648215253, 6131584.656484528444707 ], [ 283015.949906834575813, 6131584.680139440111816 ], [ 283016.089800526911858, 6131584.714880170300603 ], [ 283016.826334297133144, 6131584.819650676101446 ], [ 283017.744702347612474, 6131584.965838086791337 ], [ 283017.932625286106486, 6131584.977018430829048 ], [ 283018.110817255801521, 6131585.00236589461565 ], [ 283018.837705455662217, 6131585.030865546315908 ], [ 283019.709095253318083, 6131585.082708275876939 ], [ 283019.935045167279895, 6131585.07388976868242 ], [ 283020.150611495482735, 6131585.082341639325023 ], [ 283020.853930315992329, 6131585.038026972673833 ], [ 283021.675464595668018, 6131585.005963644944131 ], [ 283021.937062157085165, 6131584.969781072810292 ], [ 283022.187932890665252, 6131584.953974225558341 ], [ 283022.85695764637785, 6131584.842546761967242 ], [ 283023.624773470801301, 6131584.736347179859877 ], [ 283088.252740346128121, 6131572.530914291739464 ], [ 283090.246386259095743, 6131572.047328818589449 ], [ 283092.180006920592859, 6131571.362062393687665 ], [ 283094.033258326002397, 6131570.482324839569628 ], [ 283095.786642051534727, 6131569.417372048832476 ], [ 283097.421710401249584, 6131568.178408599458635 ], [ 283429.973382578231394, 6131288.217275544069707 ], [ 283464.567442765343003, 6131259.068649813532829 ], [ 283492.266854769957718, 6131292.861738542094827 ], [ 283493.342769158422016, 6131294.071024301461875 ], [ 283494.512949137832038, 6131295.189345647580922 ], [ 283867.691517139784992, 6131623.990533014759421 ], [ 283869.256858594715595, 6131625.236370067112148 ], [ 283870.938833805499598, 6131626.319588983431458 ], [ 283872.720612912147772, 6131627.229351065121591 ], [ 283874.584367415809538, 6131627.956553224474192 ], [ 283876.511448571109213, 6131628.493919068947434 ], [ 283878.482573985587806, 6131628.836071711964905 ], [ 283880.47802055941429, 6131628.979587569832802 ], [ 283882.477821835083887, 6131628.923030622303486 ], [ 283884.461967781826388, 6131628.666966778226197 ], [ 283886.410605016513728, 6131628.213958214968443 ], [ 284004.632855241943616, 6131594.416533464565873 ], [ 284092.574908279231749, 6131804.56953627243638 ], [ 284024.669424589606933, 6131861.007917423732579 ], [ 283891.224625735834707, 6131710.894196976907551 ], [ 283889.85895732534118, 6131709.501140136271715 ], [ 283888.364067767397501, 6131708.247759596444666 ] ], [ [ 283550.239840225432999, 6130796.12928928155452 ], [ 283563.462303282751236, 6130784.731363345868886 ], [ 283514.554321483883541, 6130831.727258822880685 ], [ 283509.541413298633415, 6130823.463212001137435 ], [ 283548.281129498558585, 6130797.617946529760957 ], [ 283550.239840225432999, 6130796.12928928155452 ] ], [ [ 282241.256672743707895, 6135001.577976400963962 ], [ 282235.660488435882144, 6135157.383189453743398 ], [ 282202.247746683307923, 6135151.444352745078504 ], [ 282092.788863223569933, 6134878.230958667583764 ], [ 282077.613478530140128, 6134825.603377974592149 ], [ 282133.382379704737104, 6134785.176431000232697 ], [ 282241.256672743707895, 6135001.577976400963962 ] ], [ [ 281684.988312171131838, 6142107.990765219554305 ], [ 281685.609310576051939, 6142106.081598321907222 ], [ 281686.035777268116362, 6142104.119792158715427 ], [ 281686.263415001274552, 6142102.125114660710096 ], [ 281686.289930008235388, 6142100.117664980702102 ], [ 281686.115055113390554, 6142098.117670972831547 ], [ 281685.740552424977068, 6142096.145285362377763 ], [ 281685.170195579179563, 6142094.220382681116462 ], [ 281684.409731715917587, 6142092.362359006889164 ], [ 281683.466823568101972, 6142090.58993651624769 ], [ 281682.350972248939797, 6142088.920974834822118 ], [ 281677.190444584470242, 6142081.983256918378174 ], [ 281676.561515887791757, 6142081.209420502185822 ], [ 281676.255184694135096, 6142080.819300283677876 ], [ 281676.183435663231649, 6142080.744229062460363 ], [ 281676.108057114761323, 6142080.651482990942895 ], [ 281674.915483203483745, 6142079.417403619736433 ], [ 281674.914552005182486, 6142079.41659237165004 ], [ 281674.913797829998657, 6142079.415803276002407 ], [ 281674.900683399639092, 6142079.404510220512748 ], [ 281673.621503725764342, 6142078.290105283260345 ], [ 281078.245118125050794, 6141602.956368273124099 ], [ 281510.441235200036317, 6141495.960868703201413 ], [ 281589.772319918440189, 6141483.699646080844104 ], [ 281948.405006266664714, 6141689.876683340407908 ], [ 281986.018735874327831, 6141751.298524498939514 ], [ 281958.445374523755163, 6141995.932185111567378 ], [ 281958.321509418077767, 6141997.890911305323243 ], [ 281958.390222798276227, 6141999.852346835657954 ], [ 281958.6508529628627, 6142001.797603318467736 ], [ 281959.100890075438656, 6142003.707948173396289 ], [ 281959.736000333912671, 6142005.564985014498234 ], [ 281960.550067704403773, 6142007.350830803625286 ], [ 281961.535252818197478, 6142009.048288065940142 ], [ 281962.68206846358953, 6142010.641010497696698 ], [ 281963.979470946884248, 6142012.113660375587642 ], [ 281965.414966441341676, 6142013.452056263573468 ], [ 282146.513849144917913, 6142166.399242458865047 ], [ 282084.360703724261839, 6142577.128603855147958 ], [ 281477.869758570624981, 6142570.349883178249002 ], [ 281466.955727360793389, 6142542.687765167094767 ], [ 281684.179039477312472, 6142109.828055335208774 ], [ 281684.988312171131838, 6142107.990765219554305 ] ], [ [ 284227.797729766520206, 6145684.326727357693017 ], [ 284215.578203375043813, 6145883.926661998033524 ], [ 284215.552696128259413, 6145885.837635931558907 ], [ 284215.709704124019481, 6145887.742319758981466 ], [ 284216.047793694015127, 6145889.62332146987319 ], [ 284216.563877681444865, 6145891.463465299457312 ], [ 284217.253243630635552, 6145893.245948562398553 ], [ 284218.109596817055717, 6145894.954495083540678 ], [ 284219.125117725518066, 6145896.573503816500306 ], [ 284220.290533451887313, 6145898.088191302493215 ], [ 284221.595202375377994, 6145899.484726656228304 ], [ 284223.027211329317652, 6145900.750357862561941 ], [ 284224.57348438189365, 6145901.873528215102851 ], [ 284415.186720774509013, 6146026.869168045930564 ], [ 284412.61843016569037, 6146040.554866929538548 ], [ 284412.327820785110816, 6146042.795187076553702 ], [ 284401.015360741410404, 6146198.576867073774338 ], [ 284400.987227666890249, 6146199.620557974092662 ], [ 284400.963255486800335, 6146200.155009335838258 ], [ 284400.969780798768625, 6146200.267808153294027 ], [ 284400.966292221157346, 6146200.397228657267988 ], [ 284400.971764487796463, 6146200.482437453232706 ], [ 284400.969986169948243, 6146200.560166835784912 ], [ 284401.012151249218732, 6146201.111300689168274 ], [ 284401.076898272440303, 6146202.119478147476912 ], [ 284401.08172155614011, 6146202.20285511109978 ], [ 284401.082602661917917, 6146202.208301333710551 ], [ 284401.083001244463958, 6146202.214507672004402 ], [ 284401.109518446901347, 6146202.383973708376288 ], [ 284401.121318084246013, 6146202.538205117918551 ], [ 284401.225811582698952, 6146203.127179440110922 ], [ 284401.364520257338881, 6146204.013638311065733 ], [ 284401.393007355334703, 6146204.126950639300048 ], [ 284401.409322358027566, 6146204.227795663289726 ], [ 284401.443793563114014, 6146204.355828025378287 ], [ 284401.467867553466931, 6146204.491520315408707 ], [ 284401.622854659042787, 6146205.041207796894014 ], [ 284401.808515379903838, 6146205.779705225490034 ], [ 284401.888692968699615, 6146206.00826580543071 ], [ 284401.942611772392411, 6146206.208530105650425 ], [ 284401.978193679766264, 6146206.301476581953466 ], [ 284402.006224932149053, 6146206.400894069112837 ], [ 284402.196191294235177, 6146206.884844866581261 ], [ 284402.411305754911155, 6146207.498067171312869 ], [ 284437.47973359876778, 6146294.558421186171472 ], [ 284438.340579821553547, 6146296.415262571536005 ], [ 284439.386688019265421, 6146298.174402642995119 ], [ 284440.607103043235838, 6146299.817419173195958 ], [ 284441.989044352958445, 6146301.327106017619371 ], [ 284443.518039857735857, 6146302.687653295695782 ], [ 284445.178077472606674, 6146303.884812962263823 ], [ 284446.951772801636253, 6146304.906048013828695 ], [ 284448.820551192504354, 6146305.740663779899478 ], [ 284718.35277914989274, 6146409.923392147757113 ], [ 284725.097895064332988, 6146439.762901396490633 ], [ 284683.360292827535886, 6146705.863303823396564 ], [ 284683.147039124625735, 6146707.898546363227069 ], [ 284683.142873458564281, 6146709.944926577620208 ], [ 284683.347839440510143, 6146711.981020456179976 ], [ 284683.759791235963348, 6146713.985511677339673 ], [ 284684.184570315817837, 6146715.334509652107954 ], [ 284429.005708386597689, 6146676.83398107253015 ], [ 284396.793355967383832, 6146280.476159725338221 ], [ 284396.508536592067685, 6146278.368118396028876 ], [ 284396.001434689678717, 6146276.302251026965678 ], [ 284395.27778680017218, 6146274.301927539519966 ], [ 284394.345779118535575, 6146272.389776392839849 ], [ 284393.215954889426939, 6146270.587428608909249 ], [ 284388.697888461814728, 6146264.166133690625429 ], [ 284387.444934763014317, 6146262.564961375668645 ], [ 284386.035895416687708, 6146261.099269091151655 ], [ 284384.485331596340984, 6146259.78420346789062 ], [ 284382.80926700582495, 6146258.63335454557091 ], [ 284381.025022288435139, 6146257.658615328371525 ], [ 284379.151036033115815, 6146256.870058882050216 ], [ 284377.206674228189513, 6146256.275834240019321 ], [ 284375.212030130962376, 6146255.882082187570632 ], [ 284373.187716621672735, 6146255.692871803417802 ], [ 284109.483218796027359, 6146244.518885675817728 ], [ 283841.367395304201636, 6145813.891377723775804 ], [ 283903.907965766906273, 6145486.548026031814516 ], [ 284176.128070557140745, 6145585.192713489755988 ], [ 284227.797729766520206, 6145684.326727357693017 ] ], [ [ 283728.940447406435851, 6145106.868838483467698 ], [ 283728.555650795286056, 6145107.913681116886437 ], [ 283667.467166335438378, 6145097.581339488737285 ], [ 283708.582016497442964, 6144818.023847633041441 ], [ 283818.074632107221987, 6144896.792971542105079 ], [ 283728.940447406435851, 6145106.868838483467698 ] ], [ [ 283121.748834456899203, 6150967.796547471545637 ], [ 283043.175897194247227, 6150967.176423428580165 ], [ 283154.578375141019933, 6150935.594259240664542 ], [ 283170.281652603298426, 6150939.335403514094651 ], [ 283166.844443847599905, 6150957.264861011877656 ], [ 283121.748834456899203, 6150967.796547471545637 ] ], [ [ 284893.561654131452087, 6144583.332260821945965 ], [ 284892.190578036941588, 6144581.868920866400003 ], [ 284890.679856655828189, 6144580.550234250724316 ], [ 284889.044677321158815, 6144579.389457774348557 ], [ 284887.301478545879945, 6144578.39826076477766 ], [ 284885.467784765991382, 6144577.586607757024467 ], [ 284883.562030166969635, 6144576.962658327072859 ], [ 284855.559420303092338, 6144569.32563859410584 ], [ 284848.308222576917615, 6144534.992115871980786 ], [ 284847.834334822313394, 6144533.174972544424236 ], [ 284847.192101818451192, 6144531.410286666825414 ], [ 284846.387185779574793, 6144529.713616501539946 ], [ 284845.426683206751477, 6144528.099920654669404 ], [ 284844.319062321621459, 6144526.583426193334162 ], [ 284843.074088406923693, 6144525.177503212355077 ], [ 284841.702737711195368, 6144523.894546958617866 ], [ 284840.217100677604321, 6144522.745868552476168 ], [ 284838.630275348783471, 6144521.741595256142318 ], [ 284836.956251888768747, 6144520.89058119431138 ], [ 284835.209789239626843, 6144520.200329288840294 ], [ 284805.1112877347623, 6144509.910309518687427 ], [ 284826.255996225576382, 6144460.256412052549422 ], [ 284826.945060949772596, 6144458.384372164495289 ], [ 284827.444210490037221, 6144456.453001336194575 ], [ 284827.748479127534665, 6144454.481513539329171 ], [ 284827.854839888692368, 6144452.489521840587258 ], [ 284827.762234658526722, 6144450.496843289583921 ], [ 284827.471584707032889, 6144448.523301766254008 ], [ 284826.98578152427217, 6144446.588530770502985 ], [ 284826.309658054611646, 6144444.711778098717332 ], [ 284825.449940616963431, 6144442.91171435918659 ], [ 284689.524969876045361, 6144191.396697100251913 ], [ 284824.871452347317245, 6144107.405064114369452 ], [ 284826.418121139577124, 6144106.341591133736074 ], [ 284827.858281062683091, 6144105.13780604954809 ], [ 284829.179247335123364, 6144103.804311676882207 ], [ 284830.369385020982008, 6144102.352853299118578 ], [ 284839.37142995686736, 6144090.258412548340857 ], [ 284943.872757654462475, 6144091.75342886056751 ], [ 284919.075261975754984, 6144100.859496406279504 ], [ 284917.23437262448715, 6144101.64206628780812 ], [ 284915.480862355267163, 6144102.604610291309655 ], [ 284913.832271922496147, 6144103.73749987501651 ], [ 284912.305092544062063, 6144105.029402491636574 ], [ 284910.914600935881026, 6144106.467394949868321 ], [ 284909.674706495658029, 6144108.037092691287398 ], [ 284908.597812164050993, 6144109.722793679684401 ], [ 284907.694690355332568, 6144111.507635472342372 ], [ 284906.974375198362395, 6144113.373763896524906 ], [ 284906.444072166283149, 6144115.302511655725539 ], [ 284906.109085998672526, 6144117.274585054256022 ], [ 284905.972767636878416, 6144119.270257003605366 ], [ 284897.411076092510484, 6144590.362351736985147 ], [ 284897.397694142942782, 6144590.319316851906478 ], [ 284896.707011136109941, 6144588.436720116995275 ], [ 284895.831278988684062, 6144586.632750414311886 ], [ 284894.77930146525614, 6144584.925543111748993 ], [ 284893.561654131452087, 6144583.332260821945965 ] ], [ [ 287320.530940437747631, 6159465.430418944917619 ], [ 287318.548832515778486, 6159464.430858905427158 ], [ 287316.468159822805319, 6159463.657119135372341 ], [ 287124.727556938538328, 6159404.240119661204517 ], [ 287153.294644607231021, 6159348.901440591551363 ], [ 287154.015312572882976, 6159347.345079150982201 ], [ 287154.599986339861061, 6159345.732695871964097 ], [ 287155.044366183399688, 6159344.07614831533283 ], [ 287187.485911505355034, 6159198.451089912094176 ], [ 287187.765880187507719, 6159196.913542043417692 ], [ 287187.924939595686737, 6159195.358827916905284 ], [ 287189.083083884324878, 6159176.962557461112738 ], [ 287189.114135252719279, 6159175.124105249531567 ], [ 287188.976214632799383, 6159173.290570788085461 ], [ 287188.670487754105125, 6159171.477451432496309 ], [ 287132.694635216030292, 6158912.706429795362055 ], [ 287132.163127877865918, 6158910.739975544624031 ], [ 287131.434352106007282, 6158908.837785164825618 ], [ 287130.515867933048867, 6158907.019591227173805 ], [ 287129.41720335179707, 6158905.304254961200058 ], [ 287128.14975547575159, 6158903.709570587612689 ], [ 286943.237722980964463, 6158693.942899676039815 ], [ 286846.792342712928075, 6158317.877200840041041 ], [ 286846.221171366341878, 6158316.027282868511975 ], [ 286845.473806046822574, 6158314.241259831935167 ], [ 286844.557250376790762, 6158312.535868699662387 ], [ 286843.480093475605827, 6158310.927090834826231 ], [ 286842.252429469896015, 6158309.430002228356898 ], [ 286840.88576290110359, 6158308.05863222014159 ], [ 286839.392900915001519, 6158306.8258320344612 ], [ 286837.787833245238289, 6158305.743154342286289 ], [ 286836.085601114260498, 6158304.820745008066297 ], [ 286834.302156280667987, 6158304.067248004488647 ], [ 286349.721164980088361, 6158126.452792949974537 ], [ 286363.135874781757593, 6158104.637140850536525 ], [ 286363.875844323658384, 6158103.325525435619056 ], [ 286364.515024712192826, 6158101.9619498597458 ], [ 286472.024075940134935, 6157848.161485988646746 ], [ 286472.328830304380972, 6157847.398805757984519 ], [ 286586.917166173749138, 6157542.610961159691215 ], [ 287029.641195504344068, 6157730.285817100666463 ], [ 287031.369008309207857, 6157730.926060264930129 ], [ 287033.148411795729771, 6157731.404570067301393 ], [ 287261.063224005803932, 6157781.562307092361152 ], [ 287263.196264858881477, 6157781.912129210308194 ], [ 287265.354600533028133, 6157782.029712850227952 ], [ 287267.513020379119553, 6157781.913684566505253 ], [ 287269.646312764903996, 6157781.565399637445807 ], [ 287280.222308946133126, 6157779.245904877781868 ], [ 287282.03654196934076, 6157778.757670166902244 ], [ 287283.796956446720287, 6157778.10135053191334 ], [ 287285.488017536466941, 6157777.282737690024078 ], [ 287287.094802408188116, 6157776.309055518358946 ], [ 287288.603131930227391, 6157775.188896311447024 ], [ 287289.999695793667343, 6157773.932144955731928 ], [ 287291.27216996968491, 6157772.549891698174179 ], [ 287292.409325463580899, 6157771.054334284737706 ], [ 287293.401127405115403, 6157769.458670315332711 ], [ 287294.238823602092452, 6157767.776980784721673 ], [ 287433.369457710592542, 6157452.132015313953161 ], [ 287462.122707372298464, 6157393.532418485730886 ], [ 287462.836685436486732, 6157391.896504347212613 ], [ 287463.401965816156007, 6157390.203448578715324 ], [ 287524.360731093445793, 6157176.286070781759918 ], [ 287711.737406646308955, 6157390.157351129688323 ], [ 287712.287430056254379, 6157390.725701736286283 ], [ 287712.68484773428645, 6157391.166099759750068 ], [ 287712.893202188715804, 6157391.351658654399216 ], [ 287713.115145993244369, 6157391.580997794866562 ], [ 287713.84000945155276, 6157392.194878013804555 ], [ 287714.312919478164986, 6157392.616048092022538 ], [ 287714.465787145483773, 6157392.724843406118453 ], [ 287714.626975365448743, 6157392.861352232284844 ], [ 287715.60514159972081, 6157393.535717465914786 ], [ 287716.089137382805347, 6157393.880175350233912 ], [ 287716.171603150491137, 6157393.926246153190732 ], [ 287716.258060180698521, 6157393.985851170495152 ], [ 287717.992395681911148, 6157394.943460644222796 ], [ 287861.980728931783233, 6157465.37745604198426 ], [ 287728.960921164252795, 6157841.985964642837644 ], [ 287728.47832700930303, 6157843.554451445117593 ], [ 287728.125947392254602, 6157845.15722297411412 ], [ 287722.931855375587475, 6157874.46992508880794 ], [ 287722.679557986499276, 6157876.484264958649874 ], [ 287722.63276023126673, 6157878.513804082758725 ], [ 287722.791944269498345, 6157880.537632022053003 ], [ 287723.155470020428766, 6157882.534897180274129 ], [ 287723.719592060893774, 6157884.485021639615297 ], [ 287724.478498214622959, 6157886.367913175374269 ], [ 287725.424369435291737, 6157888.164172265678644 ], [ 287726.547460366564337, 6157889.855291966348886 ], [ 287727.836199748970103, 6157891.423848592676222 ], [ 287729.277309639262967, 6157892.853681229054928 ], [ 287730.855942213383969, 6157894.130058242939413 ], [ 287732.555832744634245, 6157895.239829059690237 ], [ 287734.359467179805506, 6157896.171559658832848 ], [ 288007.012365504808258, 6158019.915965938940644 ], [ 288078.763932174479123, 6158176.698905703611672 ], [ 288168.625024087144993, 6158374.888454218395054 ], [ 288196.604404947313014, 6158542.150427733547986 ], [ 288080.339970799570438, 6158677.733879761770368 ], [ 288079.139833069464657, 6158679.280636876821518 ], [ 288078.096671972016338, 6158680.937321236357093 ], [ 288077.220483045733999, 6158682.688058541156352 ], [ 288051.340154857549351, 6158741.418994633480906 ], [ 288049.455110343056731, 6158742.233353540301323 ], [ 288047.589169862214476, 6158743.157538288272917 ], [ 288045.829432111582719, 6158744.270720382221043 ], [ 288044.194971994205844, 6158745.560833343304694 ], [ 288042.703506450285204, 6158747.013892824761569 ], [ 288041.371202411944978, 6158748.614148203283548 ], [ 288040.212501559755765, 6158750.344253304414451 ], [ 287817.093636220786721, 6159124.223452865146101 ], [ 287816.874794705421664, 6159124.635294737294316 ], [ 287816.641226575884502, 6159125.022702360525727 ], [ 287816.510798363306094, 6159125.298545625992119 ], [ 287816.378909402526915, 6159125.529217541217804 ], [ 287816.28813446953427, 6159125.739341422915459 ], [ 287816.162868628744036, 6159125.975081511773169 ], [ 287815.979458067915402, 6159126.422279819846153 ], [ 287815.77924293174874, 6159126.845715791918337 ], [ 287799.922242893255316, 6159165.285860533826053 ], [ 287526.758348968869541, 6159251.783210247755051 ], [ 287524.916517245757859, 6159252.467670387588441 ], [ 287523.150737857737113, 6159253.329559551551938 ], [ 287521.478054238832556, 6159254.360558722168207 ], [ 287519.914611255924683, 6159255.550716619007289 ], [ 287518.475499377003871, 6159256.888545747846365 ], [ 287517.174609017092735, 6159258.361133283935487 ], [ 287516.024496466794517, 6159259.954265701584518 ], [ 287515.036262698064093, 6159261.652565969154239 ], [ 287514.219446216942742, 6159263.439641964621842 ], [ 287493.184093976102304, 6159316.17048469837755 ], [ 287492.438032695325091, 6159318.41953294351697 ], [ 287449.357728155620862, 6159479.695653713308275 ], [ 287397.421282253111713, 6159521.770600049756467 ], [ 287322.390064652950969, 6159466.643484993837774 ], [ 287320.530940437747631, 6159465.430418944917619 ] ], [ [ 287324.50628798652906, 6156612.557536162436008 ], [ 287323.36426612251671, 6156617.910931148566306 ], [ 287283.468570703233127, 6156584.22608956694603 ], [ 287277.526371982879937, 6156576.016763602383435 ], [ 287307.26787929557031, 6156569.942191985435784 ], [ 287324.50628798652906, 6156612.557536162436008 ] ], [ [ 286482.518260623619426, 6160348.548850075341761 ], [ 286492.899803289037663, 6160355.875644682906568 ], [ 286518.738471436372492, 6160388.040530554950237 ], [ 286495.941307538130786, 6160448.730470522306859 ], [ 286187.190338799846359, 6160390.008805610239506 ], [ 286177.555389115354046, 6160383.5393927693367 ], [ 286261.187647111248225, 6160369.910206315107644 ], [ 286482.518260623619426, 6160348.548850075341761 ] ], [ [ 289392.214759871421847, 6142485.481951444409788 ], [ 289392.948436653299723, 6142483.704828835092485 ], [ 289393.508084810804576, 6142481.865470161661506 ], [ 289393.888532570272218, 6142479.980873151682317 ], [ 289394.086264169949573, 6142478.068453583866358 ], [ 289394.099452349182684, 6142476.145884349010885 ], [ 289393.927975234459154, 6142474.230932134203613 ], [ 289393.573417465668172, 6142472.341293232515454 ], [ 289393.039055552275386, 6142470.494430017657578 ], [ 289392.329827594687231, 6142468.707409566268325 ], [ 289391.452287650783546, 6142466.996745942160487 ], [ 289390.41454516898375, 6142465.378247585147619 ], [ 289382.702767238311935, 6142454.535551957786083 ], [ 289382.6200250814436, 6142454.420087536796927 ], [ 289347.298033944505733, 6142405.4970996491611 ], [ 289346.748678827716503, 6142404.771580825559795 ], [ 289288.171850521874148, 6142330.962028756737709 ], [ 289293.072386354615446, 6142319.530787125229836 ], [ 289293.743884390685707, 6142317.730066837742925 ], [ 289294.239446423598565, 6142315.873208889737725 ], [ 289294.554496553493664, 6142313.977359058335423 ], [ 289294.686125683714636, 6142312.060023161582649 ], [ 289294.633118382713292, 6142310.138905416242778 ], [ 289294.395964107068721, 6142308.231744957156479 ], [ 289274.700404068513308, 6142194.705400221981108 ], [ 289302.05854661174817, 6142108.003618928603828 ], [ 289308.365115014777984, 6142102.200800826773047 ], [ 289309.701697467360646, 6142100.848129724152386 ], [ 289310.903770148230251, 6142099.37463285215199 ], [ 289311.960465803917032, 6142097.793631253764033 ], [ 289312.862231451901607, 6142096.119417862035334 ], [ 289339.574398021097295, 6142040.324131713248789 ], [ 289646.594553557864856, 6142229.790395053103566 ], [ 289771.700966631469782, 6142374.590498235076666 ], [ 289728.524480823252816, 6142482.228524833917618 ], [ 289720.791021582146641, 6142482.964770353399217 ], [ 289719.000943341758102, 6142483.217263221740723 ], [ 289717.240977349632885, 6142483.630364252254367 ], [ 289715.525503111886792, 6142484.200698272325099 ], [ 289713.868536622379906, 6142484.923605463467538 ], [ 289712.28361584758386, 6142485.793179435655475 ], [ 289318.60314258816652, 6142725.549499919638038 ], [ 289236.962663529382553, 6142698.16864135582 ], [ 289390.253985967254266, 6142488.784524980932474 ], [ 289391.313834457367193, 6142487.180415393784642 ], [ 289392.214759871421847, 6142485.481951444409788 ] ], [ [ 288981.379829026060179, 6141619.449577804654837 ], [ 288981.197478303103708, 6141619.364763207733631 ], [ 288980.989799124829005, 6141619.250703069381416 ], [ 288980.896739582763985, 6141619.209263872355223 ], [ 288980.827372858999297, 6141619.171023709699512 ], [ 288980.512867363751866, 6141619.038326469250023 ], [ 288980.108640551974531, 6141618.858325212262571 ], [ 288979.671334958577063, 6141618.654926526360214 ], [ 288979.57536484033335, 6141618.620858781971037 ], [ 288979.468268955883104, 6141618.573169234208763 ], [ 288979.13421049201861, 6141618.456638817675412 ], [ 288978.901528525282629, 6141618.358464841730893 ], [ 288279.120778724434786, 6141365.309326033107936 ], [ 288278.438917751482222, 6141365.095531015656888 ], [ 288277.989176433708053, 6141364.937835680320859 ], [ 288277.927852565888315, 6141364.92298439424485 ], [ 288277.927852563967463, 6141364.922984393313527 ], [ 288277.866018492146395, 6141364.901858430355787 ], [ 288277.857275450136513, 6141364.899785540997982 ], [ 288277.848729118530173, 6141364.896876366809011 ], [ 288277.672451009042561, 6141364.855208167806268 ], [ 288277.474574099353049, 6141364.793164585717022 ], [ 288276.525884634873364, 6141364.58345871604979 ], [ 288276.053209815174341, 6141364.468987312167883 ], [ 288276.021940079692286, 6141364.464645583182573 ], [ 288275.990165761555545, 6141364.457112205214798 ], [ 288275.985714656475466, 6141364.456501455046237 ], [ 288275.98132176825311, 6141364.455463074147701 ], [ 288275.890662907389924, 6141364.443044249899685 ], [ 288275.790010823169723, 6141364.420795312151313 ], [ 288274.085340408200864, 6141364.195743736810982 ], [ 288274.080207348568365, 6141364.19504058919847 ], [ 288001.268315045628697, 6141340.085099224001169 ], [ 287999.388723711599596, 6141340.007804797030985 ], [ 287999.255159785097931, 6141340.014889499172568 ], [ 287999.139203719969373, 6141340.010845477692783 ], [ 287998.596613230649382, 6141340.049821133725345 ], [ 287997.510184647282586, 6141340.10744914226234 ], [ 287997.242737316410057, 6141340.147073487751186 ], [ 287997.014273147273343, 6141340.163484650664032 ], [ 287996.46995672956109, 6141340.261566778644919 ], [ 287995.649317466304637, 6141340.38315069489181 ], [ 287826.27059508766979, 6141373.684805899858475 ], [ 287743.897127429721877, 6141348.562447953037918 ], [ 287680.632397794513963, 6141270.745450657792389 ], [ 287703.429222788137849, 6141120.608306165784597 ], [ 287703.505672012630384, 6141120.052379307337105 ], [ 287731.055282559886109, 6140896.523495939560235 ], [ 287731.20026180887362, 6140894.533683456480503 ], [ 287731.199653439398389, 6140894.511209631338716 ], [ 287731.201226503937505, 6140894.489283767528832 ], [ 287731.181465819827281, 6140893.839339365251362 ], [ 287731.146274305589031, 6140892.539326906204224 ], [ 287731.140584331005812, 6140892.494715129956603 ], [ 287731.139248692197725, 6140892.450784920714796 ], [ 287731.038573500525672, 6140891.69490762334317 ], [ 287730.893857275950722, 6140890.560271995142102 ], [ 287730.878694511135109, 6140890.494523532688618 ], [ 287730.869993588421494, 6140890.429196316748857 ], [ 287730.68462705129059, 6140889.653012283146381 ], [ 287730.445522504625842, 6140888.616212162189186 ], [ 287730.416665453522, 6140888.530978516675532 ], [ 287730.396260986977722, 6140888.445539033040404 ], [ 287730.129562586196698, 6140887.682976963929832 ], [ 287729.80573134025326, 6140886.726492615416646 ], [ 287729.759213409037329, 6140886.624049600213766 ], [ 287729.722976900287904, 6140886.520439728163183 ], [ 287729.380770792195108, 6140885.790633282624185 ], [ 287728.98085030115908, 6140884.90991782490164 ], [ 287728.913041312247515, 6140884.793129202909768 ], [ 287728.857142336200923, 6140884.673916155472398 ], [ 287728.446545161306858, 6140883.989674624055624 ], [ 287727.979087722196709, 6140883.184564401395619 ], [ 287727.886770502838772, 6140883.056835595518351 ], [ 287727.807760499650612, 6140882.925169016234577 ], [ 287727.336705579131376, 6140882.295773508027196 ], [ 287726.810412074439228, 6140881.567601220682263 ], [ 287726.690852978383191, 6140881.432823757641017 ], [ 287726.585743174655363, 6140881.292382302694023 ], [ 287673.703909979725722, 6140817.674175824038684 ], [ 287679.745427927584387, 6140746.17761280015111 ], [ 287744.509005610714667, 6140633.957306133583188 ], [ 287988.386837772908621, 6140640.175943494774401 ], [ 287988.458625478611793, 6140640.17437366116792 ], [ 287988.525753495632671, 6140640.179002874530852 ], [ 287988.660596837522462, 6140640.174718807451427 ], [ 287988.802893443615176, 6140640.182222541421652 ], [ 287989.261657866591122, 6140640.162341765128076 ], [ 287989.69982678303495, 6140640.166308548301458 ], [ 288683.343370758695528, 6140612.287961444817483 ], [ 288764.866128602006938, 6140652.824190891347826 ], [ 289117.933278347773012, 6141128.888238211162388 ], [ 289071.858588481496554, 6141674.120724857784808 ], [ 288982.449678295466583, 6141620.052487928420305 ], [ 288981.803796244377736, 6141619.697761002928019 ], [ 288981.379829026060179, 6141619.449577804654837 ] ], [ [ 287450.743450003385078, 6139765.564121769741178 ], [ 287243.053091099893209, 6139453.488606229424477 ], [ 287241.872966353257652, 6139451.893067021854222 ], [ 287240.540525007236283, 6139450.422339364886284 ], [ 287239.068886411667336, 6139449.090904190205038 ], [ 287237.47254046658054, 6139447.911870940588415 ], [ 287235.767204952833708, 6139446.896848494186997 ], [ 287233.969670773600228, 6139446.055830863304436 ], [ 287232.097636629128829, 6139445.397098791785538 ], [ 287230.169534753775224, 6139444.927138220518827 ], [ 287228.204349430336151, 6139444.650576427578926 ], [ 287226.221430069010239, 6139444.570136468857527 ], [ 287224.240300690929871, 6139444.686610362492502 ], [ 286754.680692652007565, 6139495.767323111183941 ], [ 286708.946128521696664, 6139470.320548015646636 ], [ 286640.735350209695753, 6139173.540329704061151 ], [ 286812.851340698893182, 6139118.797913950867951 ], [ 287144.597402529849205, 6139165.274940753355622 ], [ 287369.848538958583958, 6139346.408701294101775 ], [ 287422.506153904891107, 6139394.814104020595551 ], [ 287455.967281806166284, 6139453.846690094098449 ], [ 287491.660190291469917, 6139894.912132919766009 ], [ 287453.198263372236397, 6139770.727793525904417 ], [ 287452.546074824174866, 6139768.930836823768914 ], [ 287451.725304178718943, 6139767.204355188645422 ], [ 287450.743450003385078, 6139765.564121769741178 ] ], [ [ 287851.890592568553984, 6142241.986748743802309 ], [ 287997.741379042970948, 6142304.315123585984111 ], [ 288011.448954188323114, 6142377.642687898129225 ], [ 287950.934302089037374, 6142357.052971334196627 ], [ 287851.890592568553984, 6142241.986748743802309 ] ], [ [ 290821.474354592792224, 6143750.964058150537312 ], [ 290687.436324131209403, 6143552.321328150108457 ], [ 290707.387848375656176, 6143531.271276062354445 ], [ 290843.14595088531496, 6143709.921221805736423 ], [ 290821.474354592792224, 6143750.964058150537312 ] ], [ [ 290938.271983011392877, 6142439.14347449503839 ], [ 290937.718860070919618, 6142505.208333346992731 ], [ 290916.052480091631878, 6142549.768655410036445 ], [ 290869.720772148633841, 6142507.553051678463817 ], [ 290868.80219096574001, 6142492.087924062274396 ], [ 290874.0201104535372, 6142483.169018338434398 ], [ 290938.271983011392877, 6142439.14347449503839 ] ], [ [ 288988.926299262559041, 6145524.751937597058713 ], [ 288966.990715914114844, 6145650.519770556129515 ], [ 288935.55263845162699, 6145644.085801933892071 ], [ 288988.926299262559041, 6145524.751937597058713 ] ], [ [ 289949.9397118986235, 6145616.197804789058864 ], [ 289935.34739367174916, 6145534.979973741807044 ], [ 290023.968130794295575, 6145627.074295731261373 ], [ 289963.041020870499779, 6145627.203490528278053 ], [ 289949.9397118986235, 6145616.197804789058864 ] ], [ [ 291506.439129575504921, 6149614.286370754241943 ], [ 291509.758932568249293, 6149615.178954070433974 ], [ 291508.364070410025306, 6149620.403117222711444 ], [ 291507.35785967571428, 6149620.583640266209841 ], [ 291506.439129575504921, 6149614.286370754241943 ] ], [ [ 291012.825177419872489, 6148810.026618367061019 ], [ 291047.650652316631749, 6148881.608964883722365 ], [ 290960.062022652768064, 6148825.73377775400877 ], [ 291012.825177419872489, 6148810.026618367061019 ] ], [ [ 292072.417919350205921, 6143449.147132235579193 ], [ 292042.542584004811943, 6143373.461384847760201 ], [ 292053.329104124044534, 6143317.921004454605281 ], [ 292072.417919350205921, 6143449.147132235579193 ] ], [ [ 291952.33424882235704, 6146545.804504109546542 ], [ 291755.679494781419635, 6146692.810376903042197 ], [ 291776.147972264210694, 6146463.802534765563905 ], [ 291837.271131437737495, 6146435.258010311052203 ], [ 291912.896199658629484, 6146492.245028931647539 ], [ 291952.33424882235704, 6146545.804504109546542 ] ] ], [ [ [ 275207.718930756906047, 6117332.100268477573991 ], [ 275205.851997957157437, 6117332.571122800931334 ], [ 275204.038992848421913, 6117333.219315941445529 ], [ 275202.29671809845604, 6117334.03884054068476 ], [ 275200.641320856579114, 6117335.022101362235844 ], [ 275199.088143103756011, 6117336.159985688515007 ], [ 275197.651579465833493, 6117337.441947773098946 ], [ 275196.34494380565593, 6117338.856106577441096 ], [ 275195.180345832835883, 6117340.389355883002281 ], [ 275194.168578872049693, 6117342.0274857589975 ], [ 275193.319019832415506, 6117343.755314254201949 ], [ 275192.639542303804774, 6117345.556828106753528 ], [ 274953.200161372660659, 6118086.610253538005054 ], [ 274952.727480741974432, 6118088.332539196126163 ], [ 274952.722047247225419, 6118088.362650451250374 ], [ 274952.714264347450808, 6118088.391176547855139 ], [ 274952.614654751727358, 6118088.957796490751207 ], [ 274952.410329037404153, 6118090.090125514194369 ], [ 274883.454242057923693, 6118602.137647398747504 ], [ 274883.28858586185379, 6118604.078547756187618 ], [ 274883.312530621071346, 6118606.026357506401837 ], [ 274883.525849187455606, 6118607.962599062360823 ], [ 274883.926517948391847, 6118609.868904578499496 ], [ 274884.510736023716163, 6118611.727190189994872 ], [ 274885.272961321810726, 6118613.519827567972243 ], [ 274886.20596311398549, 6118615.229811144061387 ], [ 274887.300890627666377, 6118616.840919431298971 ], [ 274888.547357007686514, 6118618.337868909351528 ], [ 274889.93353784957435, 6118619.70645900350064 ], [ 274891.446283370081801, 6118620.933706804178655 ], [ 274893.071243150101509, 6118622.007970221340656 ], [ 274894.793002268008422, 6118622.919058424420655 ], [ 274896.595227530633565, 6118623.658328521996737 ], [ 274898.46082241559634, 6118624.218767545185983 ], [ 274900.372089254728053, 6118624.59505898039788 ], [ 274902.310897120158188, 6118624.783633197657764 ], [ 274904.258853820327204, 6118624.782701317220926 ], [ 274906.19748037494719, 6118624.59227218106389 ], [ 274908.108386312494986, 6118624.214152263477445 ], [ 274909.973444128641859, 6118623.651928538456559 ], [ 275535.355640234076418, 6118401.371126906946301 ], [ 275537.229151864477899, 6118400.59615717176348 ], [ 275539.014576557674445, 6118399.635489391162992 ], [ 275540.693566290137824, 6118398.498995925299823 ], [ 275542.248866823501885, 6118397.19835601747036 ], [ 275602.883591662161052, 6118341.030596543103456 ], [ 275604.268692704208661, 6118339.613747240044177 ], [ 275605.506801104405895, 6118338.066797196865082 ], [ 275606.585764931398444, 6118336.404929601587355 ], [ 275607.494994244596455, 6118334.6444555465132 ], [ 275608.225565033673774, 6118332.802653937600553 ], [ 275608.770306806894951, 6118330.897601905278862 ], [ 275609.123872968950309, 6118328.947997377254069 ], [ 275609.282793297141325, 6118326.972975561395288 ], [ 275609.24550800176803, 6118324.991921132430434 ], [ 275609.012383034918457, 6118323.024277974851429 ], [ 275571.338837283488829, 6118100.194567741826177 ], [ 275571.198587457358371, 6118099.532777114771307 ], [ 275571.119650754204486, 6118099.088730006478727 ], [ 275571.05633551790379, 6118098.861539204604924 ], [ 275570.996027182671241, 6118098.576964940875769 ], [ 275570.729582438361831, 6118097.689067955128849 ], [ 275570.605147974274587, 6118097.242566175758839 ], [ 275570.561896065075416, 6118097.130272075533867 ], [ 275570.520765377383213, 6118096.993208709172904 ], [ 275569.916300469252747, 6118095.454124643467367 ], [ 275251.835778270207811, 6117374.652882906608284 ], [ 275250.945996008231305, 6117372.880170290358365 ], [ 275249.884998115128838, 6117371.204310522414744 ], [ 275228.01761303213425, 6117340.182876282371581 ], [ 275226.833825873502064, 6117338.664393541403115 ], [ 275225.509509873983916, 6117337.266778069548309 ], [ 275224.056938601541333, 6117336.002982765436172 ], [ 275222.489574275736231, 6117334.884720300324261 ], [ 275220.821943001355976, 6117333.922354566864669 ], [ 275219.069500142650213, 6117333.12480463180691 ], [ 275217.248487085453235, 6117332.49946207087487 ], [ 275215.3757807140355, 6117332.052122469991446 ], [ 275213.468736999027897, 6117331.786931706592441 ], [ 275211.545030144392513, 6117331.706347529776394 ], [ 275209.62248878570972, 6117331.811116782017052 ], [ 275207.718930756906047, 6117332.100268477573991 ] ] ], [ [ [ 277635.273436848132405, 6092860.741849199868739 ], [ 277633.425356141524389, 6092861.370260645635426 ], [ 277631.647337496862747, 6092862.175836801528931 ], [ 277629.956317889736965, 6092863.150903942994773 ], [ 277628.368405563873239, 6092864.286173817701638 ], [ 277626.898726587940473, 6092865.570832119323313 ], [ 277625.561280768422876, 6092866.992641502991319 ], [ 277624.36880829045549, 6092868.538058156147599 ], [ 277040.850635482463986, 6093706.321406397968531 ], [ 277040.734351746737957, 6093706.507813227362931 ], [ 277040.604638376797084, 6093706.682960555888712 ], [ 277040.205417207442224, 6093707.355713493190706 ], [ 277039.77927242818987, 6093708.038838237524033 ], [ 277039.679594667628407, 6093708.241810438223183 ], [ 277039.565124654909596, 6093708.434711123816669 ], [ 277039.238913454115391, 6093709.139162416569889 ], [ 277038.886995294073131, 6093709.855767634697258 ], [ 277038.80611010134453, 6093710.073798874393106 ], [ 277038.709183476807084, 6093710.283111386932433 ], [ 277038.458270807692315, 6093711.011422066017985 ], [ 277038.182944100990426, 6093711.753582914359868 ], [ 277038.122897568857297, 6093711.984891887754202 ], [ 277038.045693560619839, 6093712.208987800404429 ], [ 277037.871533811383415, 6093712.95318581815809 ], [ 277037.674330781272147, 6093713.71284384932369 ], [ 277037.636995075037703, 6093713.955387896858156 ], [ 277037.581537318532355, 6093714.19236315973103 ], [ 277037.484747959242668, 6093714.944431236945093 ], [ 277037.366365303867497, 6093715.713480792939663 ], [ 277037.353406621026807, 6093715.964973456226289 ], [ 277037.321529465145431, 6093716.212663817219436 ], [ 277031.014400494575966, 6093797.910431174561381 ], [ 277030.967955643194728, 6093800.167792049236596 ], [ 277031.176238281070255, 6093802.416003244929016 ], [ 277031.636593931703828, 6093804.626412237994373 ], [ 277097.911330982635263, 6094051.958606615662575 ], [ 277097.922685873811133, 6094051.99341338314116 ], [ 277097.93050251645036, 6094052.029630560427904 ], [ 277098.318719322560355, 6094053.207396305166185 ], [ 277098.575122635113075, 6094053.99336335901171 ], [ 277098.585129911603872, 6094054.015628357417881 ], [ 277098.592862260586116, 6094054.039086630567908 ], [ 277099.166766813606955, 6094055.309701213613153 ], [ 277099.45255022321362, 6094055.945535274222493 ], [ 277099.458715468819719, 6094055.956070399843156 ], [ 277099.463798918062821, 6094055.967325067147613 ], [ 277100.533565326884855, 6094057.79276582505554 ], [ 277211.874388382653706, 6094226.625978331081569 ], [ 277212.947748886712361, 6094228.102293930016458 ], [ 277214.15123274596408, 6094229.474604797549546 ], [ 277384.711567847698461, 6094406.927349190227687 ], [ 277386.080315121682361, 6094408.223234910517931 ], [ 277387.564977872243617, 6094409.384512403979897 ], [ 277389.152369366085622, 6094410.40086723677814 ], [ 277390.828390436014161, 6094411.263272172771394 ], [ 277392.578154709364753, 6094411.96406735572964 ], [ 277394.386120828508865, 6094412.497028341516852 ], [ 277396.236230488459114, 6094412.857421386055648 ], [ 277398.112051066593267, 6094413.042045488022268 ], [ 277512.736122818605509, 6094418.889220044016838 ], [ 277513.087491839309223, 6094418.889511242508888 ], [ 277513.467717248189729, 6094418.913127490319312 ], [ 277514.150234469270799, 6094418.89039199333638 ], [ 277514.740834703377914, 6094418.890881455503404 ], [ 277514.74558640102623, 6094418.890407340601087 ], [ 277514.750339046760928, 6094418.890410148538649 ], [ 278206.22564633435104, 6094384.436241202056408 ], [ 278208.148360695631709, 6094384.247006256133318 ], [ 278210.043845254753251, 6094383.873136404901743 ], [ 278211.894412106252275, 6094383.318120452575386 ], [ 278213.682792498730123, 6094382.587137585505843 ], [ 278215.392297980026342, 6094381.687009044922888 ], [ 278217.00697612715885, 6094380.626134471967816 ], [ 278218.51175940799294, 6094379.414413522928953 ], [ 278219.892605785396881, 6094378.063153496012092 ], [ 278221.136629752116278, 6094376.584963808767498 ], [ 278222.232222572842147, 6094374.993638339452446 ], [ 278223.169160612567794, 6094373.304026700556278 ], [ 278223.938700739527121, 6094371.53189567476511 ], [ 278330.213668282842264, 6094090.345919568091631 ], [ 278330.812030092522036, 6094088.49524505622685 ], [ 278331.227796983497683, 6094086.595200084149837 ], [ 278331.457036805921234, 6094084.66375448461622 ], [ 278331.497581505274866, 6094082.71917506121099 ], [ 278331.349047626717947, 6094080.779852837324142 ], [ 278331.012839941657148, 6094078.864129111170769 ], [ 278330.492138161906041, 6094076.990121997892857 ], [ 278127.174902209488209, 6093462.766357664018869 ], [ 278127.057063319894951, 6093462.461849238723516 ], [ 278126.964849255047739, 6093462.164146794937551 ], [ 278126.713909017678816, 6093461.575101437978446 ], [ 278126.459600146801677, 6093460.917939832434058 ], [ 278126.297206803516019, 6093460.596954180859029 ], [ 278126.162940767360851, 6093460.281784377992153 ], [ 278125.866596309235319, 6093459.745812213048339 ], [ 278125.564857720397413, 6093459.149397633969784 ], [ 278125.353576684719883, 6093458.817958724685013 ], [ 278125.172909751185216, 6093458.491202327422798 ], [ 278124.83962623012485, 6093458.01171893440187 ], [ 278124.499461984611116, 6093457.478099501691759 ], [ 278124.235722453740891, 6093457.142903606407344 ], [ 278124.005117736116517, 6093456.811140631325543 ], [ 277950.471307533269282, 6093232.565998323261738 ], [ 277950.229817286017351, 6093232.260141611099243 ], [ 277656.355923428491224, 6092867.422751874662936 ], [ 277655.058708545577247, 6092865.964144048281014 ], [ 277653.625481642608065, 6092864.638940710574389 ], [ 277652.069895292341243, 6092863.459765426814556 ], [ 277650.40676763409283, 6092862.437850735150278 ], [ 277648.651941219635773, 6092861.582931149750948 ], [ 277646.822132100933231, 6092860.903150426223874 ], [ 277644.934770596970338, 6092860.404983991757035 ], [ 277643.007835256925318, 6092860.093177258968353 ], [ 277641.059681600774638, 6092859.970700423233211 ], [ 277639.108867269009352, 6092860.038720170967281 ], [ 277637.173975247016642, 6092860.296588560566306 ], [ 277635.273436848132405, 6092860.741849199868739 ] ] ], [ [ [ 281637.890461789094843, 6124086.353182786144316 ], [ 281636.030221444205381, 6124086.95726025942713 ], [ 281634.23788031708682, 6124087.740150429308414 ], [ 281632.530579478887375, 6124088.694366118870676 ], [ 281630.924646717030555, 6124089.810781677253544 ], [ 281629.43544038455002, 6124091.078720253892243 ], [ 281628.077202520042192, 6124092.486055905930698 ], [ 281626.862922644009814, 6124094.019329566508532 ], [ 281501.918310768902302, 6124268.701970017515123 ], [ 281500.840669807163067, 6124270.379421615973115 ], [ 281499.935399093024898, 6124272.155833404511213 ], [ 281499.211495102616027, 6124274.013551606796682 ], [ 281498.6761519103311, 6124275.934114434756339 ], [ 281498.334689695213456, 6124277.898435554467142 ], [ 281498.1905018693069, 6124279.886993770487607 ], [ 281498.24502135469811, 6124281.880027020350099 ], [ 281498.497706342954189, 6124283.857728768140078 ], [ 281498.94604567985516, 6124285.80044484231621 ], [ 281499.585583820648026, 6124287.688868755474687 ], [ 281500.409965109080076, 6124289.504233567044139 ], [ 281501.410996938822791, 6124291.228498390875757 ], [ 281502.57873117091367, 6124292.844527682289481 ], [ 281503.90156299713999, 6124294.336261528544128 ], [ 281505.366346267226618, 6124295.688875249586999 ], [ 281506.958524133777246, 6124296.888926727697253 ], [ 281508.662273716763593, 6124297.924489988014102 ], [ 281510.460663349018432, 6124298.785273722372949 ], [ 281512.335820841661189, 6124299.46272356249392 ], [ 281514.26911109557841, 6124299.950107088312507 ], [ 281516.24132129503414, 6124300.24258073978126 ], [ 281646.52139292168431, 6124312.966782244853675 ], [ 281648.123487279692199, 6124313.058571075089276 ], [ 281649.727783480193466, 6124313.021622157655656 ], [ 281787.325378944049589, 6124304.319939957931638 ], [ 281787.689783576584887, 6124304.293551137670875 ], [ 282328.736575482005719, 6124260.14164867810905 ], [ 282330.654199351498391, 6124259.891352731734514 ], [ 282332.538684563420247, 6124259.45702007971704 ], [ 282334.372411513817497, 6124258.842711658217013 ], [ 282336.138235179532785, 6124258.054171140305698 ], [ 282337.819645421055611, 6124257.098771242424846 ], [ 282339.400921349530108, 6124255.985444783233106 ], [ 282340.867278314311989, 6124254.724601170048118 ], [ 282342.205006136675365, 6124253.328029066324234 ], [ 282343.401597297750413, 6124251.808786176145077 ], [ 282344.445863881439436, 6124250.181077152490616 ], [ 282345.328042179637123, 6124248.460120785050094 ], [ 282346.039883980993181, 6124246.662007714621723 ], [ 282346.574733690358698, 6124244.803549978882074 ], [ 282346.92759055737406, 6124242.902123831212521 ], [ 282347.095155432703905, 6124240.975507268682122 ], [ 282347.075861614372116, 6124239.04171381611377 ], [ 282346.869889496068936, 6124237.118824102915823 ], [ 282346.479164880816825, 6124235.224816805683076 ], [ 282345.907340974721592, 6124233.3774005593732 ], [ 282345.159764230367728, 6124231.59384838026017 ], [ 282344.243424358312041, 6124229.890836164355278 ], [ 282343.166888974490575, 6124228.284286777488887 ], [ 282341.940223494835664, 6124226.789221171289682 ], [ 282186.92168758722255, 6124055.462775431573391 ], [ 282185.500157212547492, 6124054.042192218825221 ], [ 282183.943237985949963, 6124052.771441341377795 ], [ 282182.266650141216815, 6124051.663353587500751 ], [ 282180.48732220788952, 6124050.729117333889008 ], [ 282178.623220083594788, 6124049.978165577165782 ], [ 282176.69316563202301, 6124049.418080686591566 ], [ 282174.71664663834963, 6124049.054517846554518 ], [ 282172.71362004103139, 6124048.891147956252098 ], [ 282170.704310425848234, 6124048.929620562121272 ], [ 281641.742999212641735, 6124085.702809005044401 ], [ 281639.800810925837141, 6124085.933695109561086 ], [ 281637.890461789094843, 6124086.353182786144316 ] ] ], [ [ [ 282862.320215123821981, 6123955.394333425909281 ], [ 282495.523270177829545, 6123979.45473774522543 ], [ 282493.594484599248972, 6123979.675686627626419 ], [ 282491.696208316250704, 6123980.082601078785956 ], [ 282489.846327990060672, 6123980.671646914444864 ], [ 282488.062274267023895, 6123981.4372738013044 ], [ 282486.360857537016273, 6123982.372267559170723 ], [ 282484.758109536254779, 6123983.467818134464324 ], [ 282483.269132286775857, 6123984.713602613657713 ], [ 282481.907955796690658, 6123986.097882491536438 ], [ 282480.687405861157458, 6123987.607614278793335 ], [ 282479.618983210180886, 6123989.228572408668697 ], [ 282478.712755142303649, 6123990.945483269169927 ], [ 282477.977260664396454, 6123992.742169132456183 ], [ 282477.419430032547098, 6123994.601700579747558 ], [ 282355.245131830917671, 6124487.676650106906891 ], [ 282354.853392804739997, 6124489.698529155924916 ], [ 282354.671655450540129, 6124491.749973985366523 ], [ 282354.701846844982356, 6124493.809231820516288 ], [ 282354.943646849540528, 6124495.854467041790485 ], [ 282355.394491504994221, 6124497.863992719911039 ], [ 282517.841606390138622, 6125079.824258379638195 ], [ 282518.461838089395314, 6125081.687595908530056 ], [ 282519.26182501349831, 6125083.481121774762869 ], [ 282520.233853860408999, 6125085.187543184496462 ], [ 282521.368552536703646, 6125086.790407191030681 ], [ 282522.654980521358084, 6125088.274259323254228 ], [ 282524.080734351940919, 6125089.624792596325278 ], [ 282525.632067216269206, 6125090.828985460102558 ], [ 282527.294021495850757, 6125091.875227345153689 ], [ 282529.050572984502651, 6125092.75343061145395 ], [ 282798.647837074415293, 6125211.373550407588482 ], [ 282799.221255299984477, 6125211.596944391727448 ], [ 282799.644744830089621, 6125211.780512172728777 ], [ 282799.923229663923848, 6125211.870421660132706 ], [ 282800.250182575022336, 6125211.997796951793134 ], [ 282800.993548316531815, 6125212.215976570732892 ], [ 282801.485061118029989, 6125212.374662642367184 ], [ 282801.678586771071423, 6125212.417036992497742 ], [ 282801.900229658174794, 6125212.482089708559215 ], [ 282802.883951752621215, 6125212.680963539518416 ], [ 282803.374157173442654, 6125212.788298849947751 ], [ 282803.473621467419434, 6125212.800173910334706 ], [ 282803.585779546992853, 6125212.822848308831453 ], [ 282805.294370992807671, 6125213.017553527839482 ], [ 282871.057384867803194, 6125217.659070591442287 ], [ 282872.96632885967847, 6125217.702427380718291 ], [ 282874.870707598282024, 6125217.563543993979692 ], [ 282876.753162923967466, 6125217.243686335161328 ], [ 282878.596536505909171, 6125216.745769863948226 ], [ 282880.384026238345541, 6125216.074333022348583 ], [ 282882.099339389067609, 6125215.235495869070292 ], [ 283538.211201294732746, 6124854.593691904097795 ], [ 283538.581643596757203, 6124854.384914433583617 ], [ 283745.200172568962444, 6124735.025072252377868 ], [ 283746.885734320734628, 6124733.935019721277058 ], [ 283748.453540102287661, 6124732.681497495621443 ], [ 283749.887796884693671, 6124731.277132720686495 ], [ 283751.17405692266766, 6124729.736072029918432 ], [ 283752.29936329141492, 6124728.073839038610458 ], [ 283753.252380405901931, 6124726.307177973911166 ], [ 283754.023508207930718, 6124724.453884998336434 ], [ 283754.604978870949708, 6124722.532628948800266 ], [ 283754.990935047680978, 6124720.562763276509941 ], [ 283755.177488873305265, 6124718.564131091348827 ], [ 283755.162761129089631, 6124716.556865281425416 ], [ 283754.946900172508322, 6124714.561185701750219 ], [ 283754.532080442761071, 6124712.597195494920015 ], [ 283753.922480556822848, 6124710.684678588062525 ], [ 283753.124241216748487, 6124708.842900400049984 ], [ 283323.369800588872749, 6123839.634032137691975 ], [ 283322.443492854596116, 6123837.965875116176903 ], [ 283321.362432524911128, 6123836.39358302205801 ], [ 283320.136459394532721, 6123834.931466833688319 ], [ 283318.776732252095826, 6123833.592834709212184 ], [ 283317.295627313200384, 6123832.389870858751237 ], [ 283315.70662557228934, 6123831.333524639718235 ], [ 283314.024190098803956, 6123830.433410900644958 ], [ 283312.263634394737892, 6123829.697722462005913 ], [ 283310.440983010921627, 6123829.133155548945069 ], [ 283296.045255861768965, 6123825.416542262770236 ], [ 283294.204384440963622, 6123825.03258038405329 ], [ 283292.335588347050361, 6123824.823211161419749 ], [ 283290.455388832138851, 6123824.790285540744662 ], [ 283288.580407961388119, 6123824.934094603173435 ], [ 283286.727221664099488, 6123825.253366994671524 ], [ 282927.084108177747112, 6123904.784939561970532 ], [ 282925.261347764579114, 6123905.279352138750255 ], [ 282923.493350249365903, 6123905.94349376950413 ], [ 282921.795881305006333, 6123906.771442138589919 ], [ 282920.184077683545183, 6123907.755814225412905 ], [ 282918.672312237904407, 6123908.887832139618695 ], [ 282862.320215123821981, 6123955.394333425909281 ] ] ], [ [ [ 286420.119665198435541, 6127690.855162056162953 ], [ 286417.347702545172069, 6127689.863337960094213 ], [ 286414.491871887992602, 6127689.147989619523287 ], [ 286411.579676437424496, 6127688.716006231494248 ], [ 286408.639162227511406, 6127688.571548031643033 ], [ 286405.698648017598316, 6127688.716006231494248 ], [ 286402.78645256703021, 6127689.147989619523287 ], [ 286399.930621909850743, 6127689.863337960094213 ], [ 286397.158659256587271, 6127690.855162056162953 ], [ 286394.497260122734588, 6127692.113910101354122 ], [ 286391.972055236925371, 6127693.62745966296643 ], [ 286389.607363702612929, 6127695.381234430707991 ], [ 286387.425958791922312, 6127697.358344595879316 ], [ 286385.448848626634572, 6127699.539749506860971 ], [ 286383.695073858427349, 6127701.904441040940583 ], [ 286382.181524297047872, 6127704.429645926691592 ], [ 286380.922776252147742, 6127707.091045061126351 ], [ 286379.930952155555133, 6127709.863007714040577 ], [ 286379.21560381539166, 6127712.71883837133646 ], [ 286378.783620427362621, 6127715.631033821962774 ], [ 286378.639162227511406, 6127718.571548031643033 ], [ 286378.783620427362621, 6127721.512062241323292 ], [ 286379.21560381539166, 6127724.424257691949606 ], [ 286379.930952155555133, 6127727.280088349245489 ], [ 286380.922776252147742, 6127730.052051002159715 ], [ 286382.181524297047872, 6127732.713450136594474 ], [ 286383.695073858427349, 6127735.238655022345483 ], [ 286385.448848626634572, 6127737.603346556425095 ], [ 286387.425958791922312, 6127739.78475146740675 ], [ 286389.607363702612929, 6127741.761861632578075 ], [ 286391.972055236925371, 6127743.515636400319636 ], [ 286394.497260122734588, 6127745.029185961931944 ], [ 286397.158659256587271, 6127746.287934007123113 ], [ 286399.930621909850743, 6127747.279758103191853 ], [ 286402.78645256703021, 6127747.995106443762779 ], [ 286405.698648017598316, 6127748.427089831791818 ], [ 286408.639162227511406, 6127748.571548031643033 ], [ 286411.579676437424496, 6127748.427089831791818 ], [ 286414.491871887992602, 6127747.995106443762779 ], [ 286417.347702545172069, 6127747.279758103191853 ], [ 286420.119665198435541, 6127746.287934007123113 ], [ 286422.781064332288224, 6127745.029185961931944 ], [ 286425.306269218097441, 6127743.515636400319636 ], [ 286427.670960752409883, 6127741.761861632578075 ], [ 286429.8523656631005, 6127739.78475146740675 ], [ 286431.82947582838824, 6127737.603346556425095 ], [ 286433.583250596595462, 6127735.238655022345483 ], [ 286435.09680015797494, 6127732.713450136594474 ], [ 286436.35554820287507, 6127730.052051002159715 ], [ 286437.347372299467679, 6127727.280088349245489 ], [ 286438.062720639631152, 6127724.424257691949606 ], [ 286438.494704027660191, 6127721.512062241323292 ], [ 286438.639162227511406, 6127718.571548031643033 ], [ 286438.494704027660191, 6127715.631033821962774 ], [ 286438.062720639631152, 6127712.71883837133646 ], [ 286437.347372299467679, 6127709.863007714040577 ], [ 286436.35554820287507, 6127707.091045061126351 ], [ 286435.09680015797494, 6127704.429645926691592 ], [ 286433.583250596595462, 6127701.904441040940583 ], [ 286431.82947582838824, 6127699.539749506860971 ], [ 286429.8523656631005, 6127697.358344595879316 ], [ 286427.670960752409883, 6127695.381234430707991 ], [ 286425.306269218097441, 6127693.62745966296643 ], [ 286422.781064332288224, 6127692.113910101354122 ], [ 286420.119665198435541, 6127690.855162056162953 ] ] ], [ [ [ 290126.72972293861676, 6124068.621638873592019 ], [ 290125.653522827022243, 6124070.233683756552637 ], [ 290124.738422165508382, 6124071.942334149032831 ], [ 290123.993015797634143, 6124073.731541998684406 ], [ 289905.128011508379132, 6124680.331239813938737 ], [ 289904.767145461810287, 6124681.429913299158216 ], [ 289813.228926353855059, 6124989.935646070167422 ], [ 289812.773751097498462, 6124991.790169464424253 ], [ 289812.497515390801709, 6124993.6796496482566 ], [ 289812.402737427153625, 6124995.586861925199628 ], [ 289812.490281212260015, 6124997.494419950060546 ], [ 289812.759348687948659, 6124999.384934226050973 ], [ 289813.20748700707918, 6125001.241170627065003 ], [ 289813.830610894365236, 6125003.046207511797547 ], [ 289814.623039887577761, 6125004.783589974977076 ], [ 289815.577550121815875, 6125006.437479857355356 ], [ 289816.685440182685852, 6125007.992800128646195 ], [ 289817.936610429489519, 6125009.435372326523066 ], [ 289920.124496805248782, 6125116.47352115996182 ], [ 289921.324417308496777, 6125117.629858733154833 ], [ 289922.616435739852022, 6125118.682291234843433 ], [ 289923.991582500806544, 6125119.623512348160148 ], [ 290108.500996699905954, 6125234.92716976813972 ], [ 290108.557032105745748, 6125234.958348842337728 ], [ 290108.613885255879723, 6125234.997195855714381 ], [ 290108.635682837339118, 6125235.009228154085577 ], [ 290108.656390159041621, 6125235.023294024169445 ], [ 290109.557446268096101, 6125235.518042974174023 ], [ 290110.072995263559278, 6125235.802626806311309 ], [ 290110.24729943019338, 6125235.898842971771955 ], [ 290110.27534997969633, 6125235.914450785145164 ], [ 290110.276366147794761, 6125235.91488784365356 ], [ 290110.277401115105022, 6125235.915459147654474 ], [ 290110.295674441207666, 6125235.923386891372502 ], [ 290110.313228554441594, 6125235.933025446720421 ], [ 290111.289157888386399, 6125236.354402143508196 ], [ 290112.020551810273901, 6125236.671711845323443 ], [ 290112.03475957037881, 6125236.676330344751477 ], [ 290112.048548757156823, 6125236.682284097187221 ], [ 290112.097148079192266, 6125236.698015241883695 ], [ 290112.140664537902921, 6125236.716731888242066 ], [ 290112.639194589341059, 6125236.873470613732934 ], [ 290113.116154685267247, 6125237.02785812318325 ], [ 290113.827603260113392, 6125237.259127835743129 ], [ 290113.837324795662425, 6125237.261294124647975 ], [ 290113.846851213718764, 6125237.264377736486495 ], [ 290113.968317345250398, 6125237.291349145583808 ], [ 290114.077713395934552, 6125237.325743456371129 ], [ 290114.702696965017822, 6125237.454417263157666 ], [ 290115.070515449857339, 6125237.536090918816626 ], [ 290115.682244600495324, 6125237.67240496724844 ], [ 290115.687186347611714, 6125237.673021956346929 ], [ 290115.692073824931867, 6125237.674107214435935 ], [ 290115.888834455632605, 6125237.698623405769467 ], [ 290116.06653016427299, 6125237.735208021476865 ], [ 290116.700780835293699, 6125237.799791170284152 ], [ 290117.56773540971335, 6125237.907812904566526 ], [ 290503.531008423306048, 6125267.564910882152617 ], [ 290505.196098142769188, 6125267.623252238146961 ], [ 290505.438081212691031, 6125267.611553892493248 ], [ 290505.618851837818511, 6125267.61597516387701 ], [ 290506.032110051368363, 6125267.582836368121207 ], [ 290506.860266094096005, 6125267.54280028026551 ], [ 290507.365376787958667, 6125267.475922937504947 ], [ 290507.700637107423972, 6125267.449038721621037 ], [ 290508.023546292854007, 6125267.388780400156975 ], [ 290508.511963253375143, 6125267.324113330803812 ], [ 291075.706403096206486, 6125168.032993259839714 ], [ 291102.548211884859484, 6125254.739347110502422 ], [ 291103.099132866598666, 6125256.290031677111983 ], [ 291103.775674417673144, 6125257.79017436504364 ], [ 291104.573256120900624, 6125259.229618695564568 ], [ 291244.774772278848104, 6125489.383566264994442 ], [ 291245.971014843613375, 6125491.131691546179354 ], [ 291247.345435680006631, 6125492.743493530899286 ], [ 291248.882617434312124, 6125494.200892079621553 ], [ 291250.565317007421982, 6125495.487539047375321 ], [ 291252.374658976506907, 6125496.589001671411097 ], [ 291254.290347327187192, 6125497.492924464866519 ], [ 291377.244651024870109, 6125547.731829090975225 ], [ 291378.982875296438579, 6125548.350141777656972 ], [ 291380.770680209447164, 6125548.805650053545833 ], [ 291382.592852732341271, 6125549.094477846287191 ], [ 291696.338364501832984, 6125584.083077952265739 ], [ 291698.330136234522797, 6125584.205030640587211 ], [ 291700.324146545026451, 6125584.127894558012486 ], [ 291702.300544925557915, 6125583.852437601424754 ], [ 291704.239656196208671, 6125583.381401962600648 ], [ 292023.465448539704084, 6125488.743731178343296 ], [ 292025.218769835017156, 6125488.13409080170095 ], [ 292026.908016767643858, 6125487.364518352784216 ], [ 292028.518637332774233, 6125486.44164330791682 ], [ 292030.036756851826794, 6125485.373415767215192 ], [ 292031.449297495826613, 6125484.169037967920303 ], [ 292032.744090944179334, 6125482.838885014876723 ], [ 292182.73353708232753, 6125313.713634582236409 ], [ 292183.941704297321849, 6125312.211289112456143 ], [ 292184.999609934224281, 6125310.599598822183907 ], [ 292185.897424171911553, 6125308.893539173528552 ], [ 292192.640116701659281, 6125294.429206025786698 ], [ 292645.809577742766123, 6125342.268203848041594 ], [ 292647.878260202880483, 6125342.378697485662997 ], [ 292649.94727481494192, 6125342.274608583189547 ], [ 292651.994422831747215, 6125341.957053923048079 ], [ 292653.99774011579575, 6125341.429440595209599 ], [ 292655.93573279568227, 6125340.697429435327649 ], [ 292657.787607876816764, 6125339.768874295055866 ], [ 292659.533496332238428, 6125338.653737772256136 ], [ 292661.154666280548554, 6125337.363984321244061 ], [ 292662.633723962528165, 6125335.913451888598502 ], [ 292668.149641687923577, 6125329.912655416876078 ], [ 292669.360740277334116, 6125328.46330920048058 ], [ 292670.429718602972571, 6125326.906180564314127 ], [ 292671.347043077286799, 6125325.25515662226826 ], [ 292672.104532623954583, 6125323.524961883202195 ], [ 292672.695431640080642, 6125321.731026934459805 ], [ 292673.114470245724078, 6125319.889350824058056 ], [ 292673.357911282393616, 6125318.016358375549316 ], [ 292673.423583642987069, 6125316.128753705881536 ], [ 292669.403922099678311, 6124993.511334504000843 ], [ 293141.95139877469046, 6124726.130940180271864 ], [ 293143.616363345761783, 6124725.077343591488898 ], [ 293145.169578036176972, 6124723.8650330202654 ], [ 293146.595968226261903, 6124722.505774464458227 ], [ 293147.881690183014143, 6124721.012760115787387 ], [ 293149.014265419449657, 6124719.400480322539806 ], [ 293149.982701803557575, 6124717.684582957997918 ], [ 293150.777600241999608, 6124715.88172154687345 ], [ 293151.391245901933871, 6124714.009393637999892 ], [ 293151.817683087196201, 6124712.085770982317626 ], [ 293152.05277304071933, 6124710.129523168317974 ], [ 293152.094234112882987, 6124708.159636426717043 ], [ 293151.941663906094618, 6124706.195229358971119 ], [ 293151.596543180115987, 6124704.255367384292185 ], [ 293151.062221480708104, 6124702.358877701684833 ], [ 293150.343884630769026, 6124700.524166561663151 ], [ 293019.408715029247105, 6124409.248867219313979 ], [ 293018.427575878158677, 6124407.345780697651207 ], [ 293017.248614866170101, 6124405.558485738001764 ], [ 292913.217938316869549, 6124264.859219481237233 ], [ 293156.834242731158156, 6124109.514566630125046 ], [ 293158.455098440463189, 6124108.363852749578655 ], [ 293158.521679121651687, 6124108.305833104066551 ], [ 293158.587379014992621, 6124108.258771381340921 ], [ 293159.039439661253709, 6124107.854646928608418 ], [ 293159.953720845165662, 6124107.057925280183554 ], [ 293160.07518191228155, 6124106.92873405944556 ], [ 293160.195114647038281, 6124106.82151890732348 ], [ 293191.298271359177306, 6124075.841967945918441 ], [ 293192.580212571599986, 6124074.437537208199501 ], [ 293193.722982657258399, 6124072.917709751054645 ], [ 293194.716251548903529, 6124071.296224050223827 ], [ 293195.551040594931692, 6124069.587737522087991 ], [ 293196.21980372199323, 6124067.807694026269019 ], [ 293196.71649564744439, 6124065.972184260375798 ], [ 293197.036626525921747, 6124064.097800310701132 ], [ 293197.177302535215858, 6124062.201485666446388 ], [ 293197.137252034852281, 6124060.300382059067488 ], [ 293196.916837061347906, 6124058.411674509756267 ], [ 293128.016501015343238, 6123641.367232705466449 ], [ 293614.546826542529743, 6123574.911761380732059 ], [ 293759.131091086135712, 6123634.130988521501422 ], [ 293761.06560207658913, 6123634.809781393967569 ], [ 293763.059439127740916, 6123635.286967258900404 ], [ 293765.091651535592973, 6123635.557531975209713 ], [ 294182.017437123518903, 6123669.43763034325093 ], [ 294183.225256936566439, 6123669.499094142578542 ], [ 294540.879877570841927, 6123676.869676979258657 ], [ 294787.035370941739529, 6123841.386554871685803 ], [ 294788.691882054496091, 6123842.381404024548829 ], [ 294788.761680006049573, 6123842.414621136151254 ], [ 294788.822995330323465, 6123842.451136159710586 ], [ 294789.362763394252397, 6123842.700679014436901 ], [ 294790.436666669149417, 6123843.211753680370748 ], [ 294790.582482035621069, 6123843.264573196880519 ], [ 294790.711545537924394, 6123843.324241185560822 ], [ 294791.330724949133582, 6123843.535613415762782 ], [ 294792.253438294923399, 6123843.869853036478162 ], [ 294792.479641396726947, 6123843.927824506536126 ], [ 294792.680583040404599, 6123843.996420914307237 ], [ 294793.301957361749373, 6123844.13856814801693 ], [ 294794.125238486391027, 6123844.349559140391648 ], [ 294794.434314347046893, 6123844.397609126754105 ], [ 294794.708798252802808, 6123844.460400790907443 ], [ 294992.984806865977589, 6123879.078706459142268 ], [ 294994.934983427869156, 6123879.321190308779478 ], [ 294996.899543160165194, 6123879.371111222542822 ], [ 294998.859518302488141, 6123879.227987215854228 ], [ 295000.795985358185135, 6123878.893200146965683 ], [ 295002.690247800666839, 6123878.369982372969389 ], [ 295004.524016587471124, 6123877.663385545834899 ], [ 295006.279586740245577, 6123876.780231834389269 ], [ 295007.940008286212105, 6123875.72904805932194 ], [ 295044.308349637372885, 6123850.118420544080436 ], [ 295507.083048275497276, 6124151.768955362029374 ], [ 295508.649456049664877, 6124152.691374327987432 ], [ 295510.293146820447873, 6124153.467757424339652 ], [ 295512.000541688175872, 6124154.091690777800977 ], [ 295513.757535479380749, 6124154.558019932359457 ], [ 295515.549613272887655, 6124154.862892439588904 ], [ 295517.361970310390461, 6124155.003789677284658 ], [ 295591.776817808044143, 6124157.395203013904393 ], [ 295593.678357194061391, 6124157.365846816450357 ], [ 295593.695894223696087, 6124157.36389996483922 ], [ 295593.71321298670955, 6124157.36361746955663 ], [ 295705.116732675989624, 6124150.140664617531002 ], [ 295707.008496996539179, 6124149.927211677655578 ], [ 295708.871395610738546, 6124149.534855773672462 ], [ 295710.688549099722877, 6124148.967151978984475 ], [ 295712.443492533755489, 6124148.229244162328541 ], [ 295714.120324658171739, 6124147.327818387188017 ], [ 295715.703851972008124, 6124146.271042323671281 ], [ 295717.179726393893361, 6124145.068491246551275 ], [ 296040.382730002980679, 6123855.061514879576862 ], [ 296632.149935364664998, 6124036.067663640715182 ], [ 296634.005135850398801, 6124036.539325748570263 ], [ 296635.896930479502771, 6124036.83146795257926 ], [ 296637.807989306282252, 6124036.941414061002433 ], [ 296639.720805914024822, 6124036.868156903423369 ], [ 296641.617857783741783, 6124036.612367556430399 ], [ 296643.481766810524277, 6124036.176389201544225 ], [ 296645.295458497363143, 6124035.564215654507279 ], [ 296647.042318367515691, 6124034.781454783864319 ], [ 296648.706344162696041, 6124033.835277137346566 ], [ 296650.272292433073744, 6124032.734350254759192 ], [ 296868.570729222672526, 6123863.088518008589745 ], [ 296870.151350744010415, 6123861.721941634081304 ], [ 296871.58076996327145, 6123860.19791536219418 ], [ 296872.843385143554769, 6123858.533073540776968 ], [ 296873.925415170495398, 6123856.745587483979762 ], [ 296874.815049969241954, 6123854.854967135004699 ], [ 296875.502579408697784, 6123852.881848118267953 ], [ 296875.980499284807593, 6123850.847766513936222 ], [ 296894.890540544700343, 6123746.042556997388601 ], [ 296995.967355383327231, 6123694.879600806161761 ], [ 296997.732262947305571, 6123693.870424558408558 ], [ 296999.385598586581182, 6123692.687286074273288 ], [ 297000.910277824266814, 6123691.342411124147475 ], [ 297002.290545633761212, 6123689.849696756340563 ], [ 297003.512139240454417, 6123688.224567694589496 ], [ 297004.562435504049063, 6123686.483816945925355 ], [ 297005.430581357853953, 6123684.645432278513908 ], [ 297006.107605956727639, 6123682.728410343639553 ], [ 297006.586513376387302, 6123680.752560376189649 ], [ 297115.704626905091573, 6123103.880782027728856 ], [ 297841.812514520890545, 6123429.855337388813496 ], [ 297996.160856816568412, 6123761.83312507905066 ], [ 297997.067845478246454, 6123763.558583514764905 ], [ 297998.138499554246664, 6123765.187551009468734 ], [ 297999.362648271839134, 6123766.704553041607141 ], [ 298000.728662722511217, 6123768.095178715884686 ], [ 298002.22356633155141, 6123769.346217663027346 ], [ 298003.833158130408265, 6123770.445785528048873 ], [ 298005.542147659987677, 6123771.383436867967248 ], [ 298007.334300223563332, 6123772.150264381431043 ], [ 298009.19259111006977, 6123772.738983524031937 ], [ 298011.099367321410682, 6123773.144001705572009 ], [ 298013.036515268904623, 6123773.361471420153975 ], [ 298014.985632845025975, 6123773.389326795004308 ], [ 298016.928204235504381, 6123773.22730321623385 ], [ 298018.845775812340435, 6123772.876939839683473 ], [ 298020.720131435256917, 6123772.341564974747598 ], [ 298022.53346549795242, 6123771.626264461316168 ], [ 298024.268552073626779, 6123770.737833360210061 ], [ 298025.908908554527443, 6123769.684711399488151 ], [ 298027.438952229684219, 6123768.476902806200087 ], [ 298028.844148314208724, 6123767.125881262123585 ], [ 298059.580196943541523, 6123734.546884968876839 ], [ 298060.832537729758769, 6123733.084396143443882 ], [ 298061.938443277380429, 6123731.508260385133326 ], [ 298062.88766396837309, 6123729.833085442893207 ], [ 298063.671402351639699, 6123728.074396966956556 ], [ 298064.282394679146819, 6123726.248494618572295 ], [ 298064.714978226751555, 6123724.372301002964377 ], [ 298142.392930906091351, 6123293.711077822372317 ], [ 298252.820717297203373, 6123002.571048183366656 ], [ 298488.507397237350233, 6122782.484016641974449 ], [ 298573.893459652084857, 6122792.436356174759567 ], [ 298575.830607519077603, 6122792.567264259792864 ], [ 298577.771320709842257, 6122792.509722129441798 ], [ 298579.697309560957365, 6122792.264272072352469 ], [ 298581.590423174202442, 6122791.833227257244289 ], [ 298583.432820473972242, 6122791.220649935305119 ], [ 299236.221586267056409, 6122538.36662536021322 ], [ 300049.281119267339818, 6122907.594758697785437 ], [ 300051.053613630239852, 6122908.299776705913246 ], [ 300052.885212546563707, 6122908.832723297178745 ], [ 300054.759254021861125, 6122909.188750272616744 ], [ 300056.658689963340294, 6122909.36461886856705 ], [ 300058.566241265565623, 6122909.358729213476181 ], [ 300060.464554998034146, 6122909.171134885400534 ], [ 300062.336362263944466, 6122908.803542423062027 ], [ 300064.164635295106564, 6122908.259295804426074 ], [ 300065.932742352655623, 6122907.543346021324396 ], [ 300067.62459902575938, 6122906.662206045351923 ], [ 300069.224814550601877, 6122905.623891578987241 ], [ 300070.718831820006017, 6122904.437848132103682 ], [ 300072.093059808656108, 6122903.11486510373652 ], [ 300073.334997210360598, 6122901.666977625340223 ], [ 300074.433346161909867, 6122900.107357081957161 ], [ 300183.450707324082032, 6122728.464999443851411 ], [ 300184.454281182959676, 6122726.691255306825042 ], [ 300185.272137546737213, 6122724.824589904397726 ], [ 300185.895784349646419, 6122722.884385425597429 ], [ 300186.318746066186577, 6122720.890787636861205 ], [ 300186.536630948656239, 6122718.864496706984937 ], [ 300186.547176628315356, 6122716.826552266255021 ], [ 300159.189815480262041, 6122119.879457814618945 ], [ 300176.017285271431319, 6122092.73082457575947 ], [ 300399.381898889958393, 6122002.467300340533257 ], [ 300576.019864896370564, 6121990.430617513135076 ], [ 300577.986362248193473, 6121990.198360307142138 ], [ 300579.920253978401888, 6121989.772780678234994 ], [ 300581.802582846314181, 6121989.158050430938601 ], [ 300583.614897063176613, 6121988.360195541754365 ], [ 300585.339431168627925, 6121987.387037094682455 ], [ 300586.959280178823974, 6121986.248114609159529 ], [ 300588.458565300155897, 6121984.954592529684305 ], [ 300698.504863130801823, 6121880.071632569655776 ], [ 300698.602893396106083, 6121879.968307856470346 ], [ 300698.712720724521205, 6121879.870640298351645 ], [ 300699.356650297471788, 6121879.17384182382375 ], [ 300699.889279331488069, 6121878.612446400336921 ], [ 300699.960406129306648, 6121878.520515497773886 ], [ 300700.041732478770427, 6121878.43251196667552 ], [ 300700.64600469294237, 6121877.634384016506374 ], [ 300701.120127583912108, 6121877.021583403460681 ], [ 300701.16777694231132, 6121876.945222730748355 ], [ 300701.223736955202185, 6121876.871310262940824 ], [ 300701.783585163590033, 6121875.958356762304902 ], [ 300702.184958373545669, 6121875.315134492702782 ], [ 300702.213105265167542, 6121875.257931406609714 ], [ 300702.247403206711169, 6121875.202001200057566 ], [ 300702.765449439175427, 6121874.135399231687188 ], [ 300703.073001382872462, 6121873.510359684936702 ], [ 300703.086084173468407, 6121873.475246493704617 ], [ 300703.102918150136247, 6121873.440587130375206 ], [ 300703.620195305498783, 6121872.041733809746802 ], [ 300703.775274428713601, 6121871.625513520091772 ], [ 300703.77810188831063, 6121871.61471292655915 ], [ 300703.782080636767205, 6121871.603953345678747 ], [ 300704.278380070056301, 6121869.709706209599972 ], [ 300704.280835504818242, 6121869.694324267096817 ], [ 300704.284674313326832, 6121869.679660429246724 ], [ 300784.572312380536459, 6121484.952894759364426 ], [ 300912.919884924252983, 6121432.367904519662261 ], [ 300914.735500468348619, 6121431.515334802679718 ], [ 300916.456587255117483, 6121430.485191511921585 ], [ 300918.065834013163112, 6121429.287836177274585 ], [ 300919.547054395778105, 6121427.935312201268971 ], [ 300920.885349788761232, 6121426.441223727539182 ], [ 300922.067259165574796, 6121424.82059880066663 ], [ 300923.080894483020529, 6121423.08973821438849 ], [ 300923.916060255258344, 6121421.266051547601819 ], [ 300924.564356103073806, 6121419.367882055230439 ], [ 300925.019261248293333, 6121417.414322167634964 ], [ 300925.276200101419818, 6121415.425021448172629 ], [ 300957.532086263992824, 6121004.222851390950382 ], [ 301165.70719141094014, 6120422.264786942861974 ], [ 301165.762443193758372, 6120422.082805968821049 ], [ 301165.832878853310831, 6120421.902510814368725 ], [ 301166.054477024415974, 6120421.120943776331842 ], [ 301166.273629160539713, 6120420.399129616096616 ], [ 301166.308242836559657, 6120420.225922877900302 ], [ 301166.357265773520339, 6120420.053021127358079 ], [ 301166.505767827387899, 6120419.237508373335004 ], [ 301166.655713081767317, 6120418.487182738259435 ], [ 301166.671947142458521, 6120418.324919305741787 ], [ 301166.701663440675475, 6120418.161729508079588 ], [ 301166.772612991859205, 6120417.318739366717637 ], [ 301166.849811916763429, 6120416.547117113135755 ], [ 301166.850139275600668, 6120416.397607495076954 ], [ 301166.862889970187098, 6120416.246109569445252 ], [ 301166.852361872442998, 6120415.382514737546444 ], [ 301166.854080984718166, 6120414.597370781004429 ], [ 301166.841140435717534, 6120414.46204696316272 ], [ 301166.839455792622175, 6120414.323859694413841 ], [ 301166.744059847842436, 6120413.446841518394649 ], [ 301166.668479713087436, 6120412.656473783776164 ], [ 301166.645025660982355, 6120412.536375333555043 ], [ 301166.631577416090295, 6120412.412739519961178 ], [ 301166.448425519978628, 6120411.529667741619051 ], [ 301166.294772023393307, 6120410.742872062139213 ], [ 301166.263623203441966, 6120410.638638416305184 ], [ 301166.241175425588153, 6120410.530405853874981 ], [ 301165.967787396686617, 6120409.648679740726948 ], [ 301165.736509567301255, 6120408.874752147123218 ], [ 301165.700497480225749, 6120408.786621147766709 ], [ 301165.671856738976203, 6120408.694249548949301 ], [ 301165.305954191426281, 6120407.821070496924222 ], [ 301164.998997971939389, 6120407.069868319667876 ], [ 301164.960915766016115, 6120406.99768097139895 ], [ 301164.928881282743532, 6120406.921234824694693 ], [ 301164.467955301865004, 6120406.063241697847843 ], [ 301164.089246416639071, 6120405.345373873598874 ], [ 301164.051798927364871, 6120405.288585193455219 ], [ 301164.0191133954213, 6120405.227742535062134 ], [ 301163.459474964765832, 6120404.390332813374698 ], [ 301163.015901018690784, 6120403.717658098787069 ], [ 301162.981656672433019, 6120403.675353889353573 ], [ 301162.950958408415318, 6120403.629418829455972 ], [ 301162.285399446438532, 6120402.815223244018853 ], [ 301161.789162662113085, 6120402.202190517447889 ], [ 301161.760507905448321, 6120402.173109772615135 ], [ 301161.734284988895524, 6120402.14103059656918 ], [ 301160.945036857039668, 6120401.345515735447407 ], [ 301160.42069005058147, 6120400.813373863697052 ], [ 301160.39978695474565, 6120400.79593648109585 ], [ 301160.380333963490557, 6120400.776329030282795 ], [ 301159.408550580497831, 6120399.96904612891376 ], [ 301158.923488904780243, 6120399.564407205209136 ], [ 301158.912236514617689, 6120399.556746571324766 ], [ 301158.901614464586601, 6120399.54792258888483 ], [ 301157.311788358492777, 6120398.467160498723388 ], [ 300919.008084431930911, 6120252.702429801225662 ], [ 300917.336294116917998, 6120251.786336536519229 ], [ 300917.281527878774796, 6120251.762797856703401 ], [ 300917.232337654917501, 6120251.736027400940657 ], [ 300916.681835516821593, 6120251.505048428662121 ], [ 300915.584878367895726, 6120251.033573227003217 ], [ 300915.471147387113888, 6120250.997069476172328 ], [ 300915.36809998145327, 6120250.953832979314029 ], [ 300914.727022757055238, 6120250.758230946026742 ], [ 300913.769749277504161, 6120250.450978932902217 ], [ 300913.594334159512073, 6120250.412631095387042 ], [ 300913.434420239704195, 6120250.363839020952582 ], [ 300912.778405451506842, 6120250.234259347431362 ], [ 300911.907397791394033, 6120250.043846683576703 ], [ 300911.669104921282269, 6120250.015144164673984 ], [ 300911.45105681871064, 6120249.972074096091092 ], [ 300910.811702126928139, 6120249.911869484931231 ], [ 300910.014743883686606, 6120249.815875386819243 ], [ 300909.713925871066749, 6120249.808497766032815 ], [ 300909.438275776512455, 6120249.782541271299124 ], [ 300908.833956219255924, 6120249.786916338838637 ], [ 300908.108982834382914, 6120249.769136224873364 ], [ 300907.747530930966605, 6120249.794781686738133 ], [ 300907.416643761273008, 6120249.797177197411656 ], [ 300906.859552576730493, 6120249.857784856110811 ], [ 300906.207429005298764, 6120249.904053835198283 ], [ 300905.78873457678128, 6120249.974282431416214 ], [ 300905.406817860435694, 6120250.015832322649658 ], [ 300904.905276021396276, 6120250.122467002831399 ], [ 300904.32735853473423, 6120250.219402454793453 ], [ 300903.856239022396039, 6120250.345506669022143 ], [ 300903.429334526474122, 6120250.436272424645722 ], [ 300902.988730287062936, 6120250.577712094411254 ], [ 300902.485852378478739, 6120250.712317055091262 ], [ 300901.968433430069126, 6120250.9052406065166 ], [ 300901.504399734607432, 6120251.054201435297728 ], [ 300901.127642778446898, 6120251.218735732138157 ], [ 300900.699641125276685, 6120251.378319371491671 ], [ 300900.143177981721237, 6120251.648663355968893 ], [ 300899.651682517607696, 6120251.863305340521038 ], [ 300899.339467441546731, 6120252.039126431569457 ], [ 300898.984952994273044, 6120252.211358590051532 ], [ 300898.397554072260391, 6120252.569556410424411 ], [ 300897.890113987436052, 6120252.85531669575721 ], [ 300897.641107866948005, 6120253.030839826911688 ], [ 300897.357366397453006, 6120253.2038663206622 ], [ 300896.747529032523744, 6120253.660718942992389 ], [ 300896.237693896226119, 6120254.020099103450775 ], [ 300896.048697714228183, 6120254.18424035795033 ], [ 300895.831668405618984, 6120254.346825359389186 ], [ 300895.207377613929566, 6120254.91491827648133 ], [ 300894.711306714685634, 6120255.345750788226724 ], [ 300894.577413735445589, 6120255.488173596560955 ], [ 300894.42172040353762, 6120255.62985160946846 ], [ 300893.788279414642602, 6120256.327580759301782 ], [ 300893.326549106044695, 6120256.818726205267012 ], [ 300893.241311000252608, 6120256.930061199702322 ], [ 300893.140332155511715, 6120257.041288425214589 ], [ 300892.493196116643958, 6120257.907222365029156 ], [ 300892.097570558893494, 6120258.423974456265569 ], [ 300892.053176148445345, 6120258.496013903990388 ], [ 300891.999145425332244, 6120258.568312515504658 ], [ 300891.2822440766613, 6120259.747016458772123 ], [ 300891.036928807268851, 6120260.145093072205782 ], [ 300707.462412873806898, 6120594.806764739565551 ], [ 300474.925672193814535, 6120686.41667640209198 ], [ 300473.221700938651338, 6120687.181715471670032 ], [ 300471.596531057788525, 6120688.10238135792315 ], [ 300470.064337294257712, 6120689.170644006691873 ], [ 300468.638483452843502, 6120690.377186023630202 ], [ 300467.331405840697698, 6120691.71148394048214 ], [ 300296.417939937673509, 6120883.3174451533705 ], [ 300052.157072331930976, 6120983.445141804404557 ], [ 300051.340739797567949, 6120983.826249114237726 ], [ 300050.6422193737817, 6120984.141205329447985 ], [ 300050.538339549209923, 6120984.200852095149457 ], [ 300050.427027533994988, 6120984.252818445675075 ], [ 300049.619474403036293, 6120984.728455353528261 ], [ 300048.949557668238413, 6120985.113114902749658 ], [ 300048.869106109079439, 6120985.170411234721541 ], [ 300048.781882757844869, 6120985.221784505061805 ], [ 300047.988177937222645, 6120985.797794392332435 ], [ 300047.359694667160511, 6120986.245390269905329 ], [ 300047.301073053909931, 6120986.296442246995866 ], [ 300047.236631016130559, 6120986.343209319747984 ], [ 300046.458444850344677, 6120987.030264357104897 ], [ 300045.887772670423146, 6120987.527247322723269 ], [ 300045.848856903437991, 6120987.56846522539854 ], [ 300045.805354947340675, 6120987.606872793287039 ], [ 300045.034491430153139, 6120988.431006023660302 ], [ 300044.547810674877837, 6120988.946477296762168 ], [ 299526.241147194581572, 6121594.573993565514684 ], [ 299525.978436513745692, 6121594.912222637794912 ], [ 299525.722535274922848, 6121595.205660250969231 ], [ 299525.538723127741832, 6121595.464875019155443 ], [ 299525.327950237202458, 6121595.72394856531173 ], [ 299525.210610588314012, 6121595.900766571983695 ], [ 299525.076685348059982, 6121596.073189747519791 ], [ 299524.815638964646496, 6121596.484579626470804 ], [ 299524.561986470303964, 6121596.842284345068038 ], [ 299524.420746838441119, 6121597.091004787012935 ], [ 299524.254916032426991, 6121597.340893659740686 ], [ 299524.165032078861259, 6121597.509888172149658 ], [ 299524.059604985406622, 6121597.676033508963883 ], [ 299523.81149472220568, 6121598.163886762224138 ], [ 299523.571252072812058, 6121598.586949730291963 ], [ 299523.46851861954201, 6121598.819431734271348 ], [ 299523.343640154111199, 6121599.054220866411924 ], [ 299523.278507175506093, 6121599.211887379176915 ], [ 299523.199068883259315, 6121599.368084985762835 ], [ 299522.975698443478905, 6121599.934665563516319 ], [ 299522.76030236762017, 6121600.422098915092647 ], [ 299522.691299945814535, 6121600.633331906050444 ], [ 299522.602702068339568, 6121600.847799578681588 ], [ 299522.559209197643213, 6121600.991093251854181 ], [ 299522.502829526609275, 6121601.134100655093789 ], [ 299522.316444890922867, 6121601.780853284522891 ], [ 299522.13729837135179, 6121602.329263819381595 ], [ 299522.096653387940023, 6121602.515051547437906 ], [ 299522.039077547611669, 6121602.704743639566004 ], [ 299522.013772421109024, 6121602.831123415380716 ], [ 299521.977159267233219, 6121602.958170655183494 ], [ 299521.840438845392782, 6121603.686205121688545 ], [ 299521.708509703283198, 6121604.289251633919775 ], [ 299521.690368685347494, 6121604.446278019808233 ], [ 299521.658072995371185, 6121604.607570319436491 ], [ 299521.647230926610064, 6121604.715034772641957 ], [ 299521.626793816627469, 6121604.82386211771518 ], [ 299521.553034329088405, 6121605.635027054697275 ], [ 299521.478251491091214, 6121606.282337960787117 ], [ 299521.476406054629479, 6121606.408217315562069 ], [ 299521.463275487418287, 6121606.538364916108549 ], [ 299521.462972183071543, 6121606.625479367561638 ], [ 299521.45488958270289, 6121606.714367214590311 ], [ 299521.458730512822513, 6121607.613886465318501 ], [ 299521.448840945085976, 6121608.288465318270028 ], [ 299521.456857325683814, 6121608.381776290014386 ], [ 299521.456519000348635, 6121608.478949413634837 ], [ 299521.462705769052263, 6121608.544863967224956 ], [ 299521.46299523365451, 6121608.612654569558799 ], [ 299521.562977780355141, 6121609.617022366262972 ], [ 299521.620574039174244, 6121610.287444981746376 ], [ 299521.631925242545549, 6121610.347747907973826 ], [ 299521.637867145065684, 6121610.411053627729416 ], [ 299521.646447525592521, 6121610.455511951819062 ], [ 299521.65103774657473, 6121610.501622701063752 ], [ 299521.881329971598461, 6121611.672703011892736 ], [ 299521.991722532256972, 6121612.259160161949694 ], [ 299521.999921135313343, 6121612.28699766471982 ], [ 299522.005612567765638, 6121612.316487213596702 ], [ 299522.012519292242359, 6121612.339825969189405 ], [ 299522.017323064967059, 6121612.364254078827798 ], [ 299522.490750440629199, 6121613.955833671614528 ], [ 299522.556293024506886, 6121614.177310923114419 ], [ 299604.070575236342847, 6121847.388432580046356 ], [ 299419.132037451316137, 6122100.675665904767811 ], [ 299332.385566291806754, 6122071.190222689881921 ], [ 299330.709452104521915, 6122070.701005201786757 ], [ 299328.997056149877608, 6122070.359841584227979 ], [ 299327.261429849721026, 6122070.169332094490528 ], [ 299226.456288994580973, 6122063.540804579854012 ], [ 299224.64813438866986, 6122063.503854139707983 ], [ 299222.844034510781057, 6122063.630392846651375 ], [ 299221.058741433254909, 6122063.919385997578502 ], [ 299219.306853445945308, 6122064.368470503017306 ], [ 299217.602695686160587, 6122064.973974213935435 ], [ 299215.960203002556227, 6122065.730945942923427 ], [ 299212.463439312414266, 6122067.538455520756543 ], [ 298624.21857072156854, 6121694.490343069657683 ], [ 298622.520576363429427, 6121693.526383400894701 ], [ 298620.736677614448126, 6121692.732589765451849 ], [ 298618.88387682713801, 6121692.116527816280723 ], [ 298616.979833060235251, 6121691.684069244191051 ], [ 298615.042693769501057, 6121691.439335815608501 ], [ 298613.09092184441397, 6121691.384660085663199 ], [ 298611.143119638261851, 6121691.520563171245158 ], [ 298609.217851668887306, 6121691.84574977774173 ], [ 298607.333467680145986, 6121692.357120549306273 ], [ 298605.507927750295494, 6121693.049801606684923 ], [ 298603.758631114615127, 6121693.917191002517939 ], [ 298602.102250332711264, 6121694.951021640561521 ], [ 298600.554572382592596, 6121696.141440073028207 ], [ 298599.130348194797989, 6121697.477100414223969 ], [ 298597.843152060930151, 6121698.945272473618388 ], [ 298596.705252257350367, 6121700.531963092274964 ], [ 298595.727494115999434, 6121702.222049510106444 ], [ 298138.634652531414758, 6122589.625179786235094 ], [ 297101.504231606610119, 6123053.015461165457964 ], [ 296759.449606438225601, 6122872.050711213611066 ], [ 296757.641795573290437, 6122871.206859273836017 ], [ 296755.758907154202461, 6122870.547315931878984 ], [ 296753.819677174091339, 6122870.078644081018865 ], [ 296751.843402261845767, 6122869.80550731997937 ], [ 296749.849747668253258, 6122869.730623539537191 ], [ 296524.607112155586947, 6122872.513368219137192 ], [ 296522.712497085740324, 6122872.626843053847551 ], [ 296520.837170258746482, 6122872.919404317624867 ], [ 296518.998021068575326, 6122873.388417171314359 ], [ 296196.551238418149296, 6122972.13120187073946 ], [ 296194.647098028042819, 6122972.821566134691238 ], [ 296192.822546384180896, 6122973.70097772218287 ], [ 296191.096295875904616, 6122974.760417491197586 ], [ 296189.48605072760256, 6122975.989019950851798 ], [ 296188.008325426082592, 6122977.37418469786644 ], [ 296186.678275349899195, 6122978.901705642230809 ], [ 296185.509541338018607, 6122980.555916708894074 ], [ 296184.514109790266957, 6122982.319852499291301 ], [ 296183.702189736824948, 6122984.175422295928001 ], [ 296183.082108135335147, 6122986.103595589287579 ], [ 296173.56423019093927, 6123021.812127676792443 ], [ 296018.452637533191592, 6123063.848238282836974 ], [ 296017.666633027023636, 6123064.104216829873621 ], [ 296016.718772346852347, 6123064.403993838466704 ], [ 296016.63238183647627, 6123064.441042019054294 ], [ 296016.544541247829329, 6123064.469649114646018 ], [ 296015.789457673963625, 6123064.802526240237057 ], [ 296014.903271449031308, 6123065.18256320245564 ], [ 296014.80707698239712, 6123065.235606859438121 ], [ 296014.70832161209546, 6123065.2791429720819 ], [ 296013.994975410460029, 6123065.683416783809662 ], [ 296013.17343169124797, 6123066.136433308012784 ], [ 296013.069878156878985, 6123066.207696008495986 ], [ 296012.962464688403998, 6123066.268570310436189 ], [ 296012.299530850199517, 6123066.737827880308032 ], [ 296011.546128584828693, 6123067.256298640742898 ], [ 296011.437995952263009, 6123067.347665166482329 ], [ 296011.324546816525981, 6123067.427970112301409 ], [ 296010.719073342508636, 6123067.955117882229388 ], [ 296010.037237341166474, 6123068.531234317459166 ], [ 295914.726945347327273, 6123157.492908067069948 ], [ 295636.043980639660731, 6122974.428885910660028 ], [ 295635.860128516505938, 6122974.32030535582453 ], [ 295635.69570211879909, 6122974.205229688435793 ], [ 295635.110916868317872, 6122973.877831181511283 ], [ 295634.400535156659316, 6122973.458289436995983 ], [ 295634.162048952304758, 6122973.346596956253052 ], [ 295633.946951542806346, 6122973.226172286085784 ], [ 295633.360198650567327, 6122972.971058883704245 ], [ 295632.672052186797373, 6122972.648772795684636 ], [ 295632.376816223200876, 6122972.543495524674654 ], [ 295632.108994725917, 6122972.42704982124269 ], [ 295631.533441700856201, 6122972.242759237065911 ], [ 295630.874273761524819, 6122972.007708598859608 ], [ 295630.521439087169711, 6122971.918718626722693 ], [ 295630.200287888292223, 6122971.815886846743524 ], [ 295629.646954074327368, 6122971.698160948231816 ], [ 295629.023573015641887, 6122971.540935292840004 ], [ 295628.613579673750792, 6122971.478302832692862 ], [ 295628.239997700671665, 6122971.398820479400456 ], [ 295627.718112658883911, 6122971.341507189907134 ], [ 295627.136805069982074, 6122971.252703980542719 ], [ 295626.671379499894101, 6122971.226555206812918 ], [ 295626.24780881870538, 6122971.180038777180016 ], [ 295625.764947180286981, 6122971.175629571080208 ], [ 295625.231153524830006, 6122971.14563970733434 ], [ 295624.713277878472582, 6122971.166026350110769 ], [ 295624.243726215441711, 6122971.161738682538271 ], [ 295623.805855852027889, 6122971.201747838407755 ], [ 295623.323973961407319, 6122971.220717553980649 ], [ 295622.757821951759979, 6122971.297508945688605 ], [ 295622.247874296968803, 6122971.344103958457708 ], [ 295621.859374231600668, 6122971.419372067786753 ], [ 295621.43263587722322, 6122971.477253752760589 ], [ 295620.823465345660225, 6122971.620069339871407 ], [ 295620.280294819385745, 6122971.725303346291184 ], [ 295482.147936659283005, 6123005.747488219290972 ], [ 295481.001801935373805, 6123006.066220477223396 ], [ 295264.962890485476237, 6123073.128055324777961 ], [ 295264.2352216913132, 6123073.392105636186898 ], [ 295263.575288343534339, 6123073.615407702513039 ], [ 295263.389561319316272, 6123073.698971735313535 ], [ 295263.192140770959668, 6123073.77061003819108 ], [ 295262.466472049476579, 6123074.114296659827232 ], [ 295261.815590212179814, 6123074.407147480174899 ], [ 295261.658345367526636, 6123074.497036498039961 ], [ 295261.489698053395841, 6123074.576910170726478 ], [ 295260.773437608266249, 6123075.002894034609199 ], [ 295260.140380594180897, 6123075.364781088195741 ], [ 295260.010948367707897, 6123075.456371698528528 ], [ 295259.870664834568743, 6123075.539802972227335 ], [ 295259.17123489669757, 6123076.050581278279424 ], [ 295258.565253133827355, 6123076.479394417256117 ], [ 295258.462345455423929, 6123076.568267652764916 ], [ 295258.349403684143908, 6123076.65074654482305 ], [ 295257.673978829756379, 6123077.249117648229003 ], [ 295257.104869863309432, 6123077.740612119436264 ], [ 295257.026615218492225, 6123077.822628788650036 ], [ 295256.939409827988129, 6123077.899885622784495 ], [ 295256.294461979356129, 6123078.589979664422572 ], [ 295255.772824721585494, 6123079.136694184504449 ], [ 295255.716811847232748, 6123079.208065166138113 ], [ 295255.653191431367304, 6123079.27613899577409 ], [ 295255.043518904305529, 6123080.06596754770726 ], [ 295254.581517015467398, 6123080.654645217582583 ], [ 295254.544846541655716, 6123080.71199578884989 ], [ 295254.502158637682442, 6123080.767297813668847 ], [ 295253.928169512189925, 6123081.676444187760353 ], [ 295253.542036001163069, 6123082.280335412360728 ], [ 295253.521379350335337, 6123082.320762666873634 ], [ 295253.496522348374128, 6123082.360133889131248 ], [ 295252.942799995886162, 6123083.453103783540428 ], [ 295252.66405766014941, 6123083.998632076196373 ], [ 295252.655722272989806, 6123084.019754753448069 ], [ 295252.645203641150147, 6123084.040517050772905 ], [ 295251.955754630500451, 6123085.793540487997234 ], [ 295072.77523331757402, 6123613.03620289452374 ], [ 295022.073804622050375, 6123225.073590108193457 ], [ 295021.743306701537222, 6123223.225000706501305 ], [ 295021.240883669641335, 6123221.415558042936027 ], [ 295020.570965028135106, 6123219.661214671097696 ], [ 295019.739456966752186, 6123217.977437370456755 ], [ 295018.753690292651299, 6123216.379070793278515 ], [ 295017.6223557999474, 6123214.880206583067775 ], [ 295016.355427649396006, 6123213.494059147313237 ], [ 294698.857187512563542, 6122897.300426081754267 ], [ 294697.356436811678577, 6122895.949681530706584 ], [ 294695.727143311116379, 6122894.757135432213545 ], [ 294693.985912621486932, 6122893.734942108392715 ], [ 294692.150491207139567, 6122892.893519657664001 ], [ 294690.239585515751969, 6122892.241443783044815 ], [ 294688.272671323735267, 6122891.785360381938517 ], [ 294686.269795241125394, 6122891.529917814768851 ], [ 294684.251370398211293, 6122891.477719528600574 ], [ 294682.237968396802898, 6122891.629297522827983 ], [ 294463.44784268445801, 6122919.264030686579645 ], [ 294005.386797461891547, 6122738.178169144317508 ], [ 293637.771093138610013, 6122447.785476860590279 ], [ 293636.159271478303708, 6122446.637030369602144 ], [ 293634.441835269681178, 6122445.65351052954793 ], [ 293632.635602070658933, 6122444.844548208639026 ], [ 293630.758258961199317, 6122444.218064963817596 ], [ 293628.828189346764702, 6122443.780195473693311 ], [ 293626.864292943908367, 6122443.535227464511991 ], [ 293624.885800709365867, 6122443.485559722408652 ], [ 293072.10358764778357, 6122456.975866274908185 ], [ 293069.961062399495859, 6122457.143651812337339 ], [ 293067.84890962386271, 6122457.540359611622989 ], [ 293065.791517115721945, 6122458.16140912193805 ], [ 293063.812640384945553, 6122458.999629445374012 ], [ 293061.935128365817945, 6122460.045342141762376 ], [ 292683.300207444350235, 6122698.449361691251397 ], [ 292681.718345478351694, 6122699.555433910340071 ], [ 292680.25047323963372, 6122700.808842911385 ], [ 292678.910262794757728, 6122702.197914182208478 ], [ 292677.710197141976096, 6122703.709709625691175 ], [ 292676.661453941953368, 6122705.330148063600063 ], [ 292675.773801406437997, 6122707.044136397540569 ], [ 292675.055507315555587, 6122708.83571018371731 ], [ 292674.513262009364553, 6122710.688182332552969 ], [ 292668.97766687622061, 6122733.657928393222392 ], [ 292668.595580348803196, 6122735.706979176960886 ], [ 292668.428827729483601, 6122737.784668468870223 ], [ 292668.479220201610588, 6122739.868429450318217 ], [ 292668.746210427489132, 6122741.935629355721176 ], [ 292687.165194836969022, 6122842.825074595399201 ], [ 292590.150801681971643, 6122888.294848247431219 ], [ 292588.367761110130232, 6122889.243149673566222 ], [ 292586.689444851188455, 6122890.366432277485728 ], [ 292585.132965476368554, 6122891.653242764994502 ], [ 292583.714193274558056, 6122893.09046046435833 ], [ 292582.447594434721395, 6122894.663431110791862 ], [ 292581.346083544543944, 6122896.35611626598984 ], [ 292580.420891910151113, 6122898.151256849057972 ], [ 292579.681453038065229, 6122900.030549117363989 ], [ 292579.135306449141353, 6122901.974831293337047 ], [ 292578.78802080306923, 6122903.964278943836689 ], [ 292578.643137119302992, 6122905.97860711812973 ], [ 292578.702132671372965, 6122907.997277175076306 ], [ 292578.964405924547464, 6122909.999706204049289 ], [ 292579.427282669115812, 6122911.965476891025901 ], [ 292653.527970461233053, 6123167.955765197984874 ], [ 292648.031858032511082, 6123169.785040270537138 ], [ 292270.48597553523723, 6122936.85627671238035 ], [ 292268.7191854257253, 6122935.885619213804603 ], [ 292266.863658457645215, 6122935.09774679876864 ], [ 292264.93824550131103, 6122934.5006637070328 ], [ 292262.962507420277689, 6122934.100435889326036 ], [ 292260.956516346603166, 6122933.901129382662475 ], [ 292258.940651761833578, 6122933.904769005253911 ], [ 292256.935393455496524, 6122934.111317778006196 ], [ 292254.961113464669324, 6122934.518677311018109 ], [ 292253.037869108316954, 6122935.122709112241864 ], [ 292251.185199218452908, 6122935.917276636697352 ], [ 292249.421925639675464, 6122936.894307627342641 ], [ 291928.989581079047639, 6123136.187664270401001 ], [ 291928.446062018338125, 6123136.562258517369628 ], [ 291927.950045812234748, 6123136.880136950872838 ], [ 291927.709056358085945, 6123137.070204052142799 ], [ 291927.440937407372985, 6123137.254992081783712 ], [ 291926.900490741012618, 6123137.707915455102921 ], [ 291926.413525419717189, 6123138.09198241494596 ], [ 291926.218574627651833, 6123138.279397834092379 ], [ 291925.99940320069436, 6123138.463075277395546 ], [ 291925.470800906245131, 6123138.998268087394536 ], [ 291925.002791231148876, 6123139.44818792771548 ], [ 291924.850913990754634, 6123139.62588363699615 ], [ 291924.677726976049598, 6123139.801229915581644 ], [ 291924.169966729008593, 6123140.422588966786861 ], [ 291923.731349137146026, 6123140.935769638977945 ], [ 291923.618635733495466, 6123141.097266645170748 ], [ 291923.487597260915209, 6123141.257621737197042 ], [ 291923.00965140410699, 6123141.969826101325452 ], [ 291922.61137149319984, 6123142.540485944598913 ], [ 291841.17211877531372, 6123272.324910253286362 ], [ 291625.282477467961144, 6123371.213828693144023 ], [ 291335.433715229912195, 6123371.796499895863235 ], [ 291333.547613853646908, 6123371.889442045241594 ], [ 291331.678685579798184, 6123372.159856083802879 ], [ 291329.843591981800273, 6123372.605331257916987 ], [ 291328.058692995342426, 6123373.221896138973534 ], [ 291326.339901069179177, 6123374.004054025746882 ], [ 291324.702539304911625, 6123374.944831947796047 ], [ 291323.1612048507086, 6123376.03584282938391 ], [ 291321.729638767486904, 6123377.267360265366733 ], [ 291320.420603526290506, 6123378.628405224531889 ], [ 291319.245769230939914, 6123380.106843936257064 ], [ 291318.21560957795009, 6123381.689496056176722 ], [ 291317.339308483526111, 6123383.362252175807953 ], [ 291316.624678208201658, 6123385.110199605114758 ], [ 291290.267405757680535, 6123459.414013582281768 ], [ 291218.296927343762945, 6123469.522225750610232 ], [ 291216.345407529675867, 6123469.895987526513636 ], [ 291214.440605971030891, 6123470.461547843180597 ], [ 291212.601323666225653, 6123471.213324441574514 ], [ 291210.845714917697478, 6123472.143897045403719 ], [ 291209.191108143073507, 6123473.244080608710647 ], [ 291207.65383483847836, 6123474.503015967085958 ], [ 291206.249068381264806, 6123475.908277028240263 ], [ 291002.924234919657465, 6123700.59634346421808 ], [ 291002.883277858200017, 6123700.646312295459211 ], [ 291002.834043675742578, 6123700.696689308620989 ], [ 291002.783521751931403, 6123700.758702769875526 ], [ 291002.730461180733982, 6123700.813635131344199 ], [ 291002.318828640389256, 6123701.329093326814473 ], [ 291001.693861923820805, 6123702.096212753094733 ], [ 291001.689209804753773, 6123702.103110780008137 ], [ 291001.684345312707592, 6123702.109045605175197 ], [ 291001.624955636623781, 6123702.197981207631528 ], [ 291001.555307298025582, 6123702.285196875222027 ], [ 291001.186490320425946, 6123702.848528662696481 ], [ 291000.684515522443689, 6123703.592842346057296 ], [ 291000.642482316703536, 6123703.669227764010429 ], [ 291000.598143542942125, 6123703.735624751076102 ], [ 291000.564498269872274, 6123703.798560562543571 ], [ 291000.523772343294695, 6123703.860765423625708 ], [ 291000.214121652301401, 6123704.447672040201724 ], [ 290999.814227314665914, 6123705.174385495483875 ], [ 290999.7473664105637, 6123705.327062238007784 ], [ 290999.676018027821556, 6123705.460524324327707 ], [ 290999.662337147223298, 6123705.493514942005277 ], [ 290999.645002113247756, 6123705.526371468789876 ], [ 290999.399702275695745, 6123706.120952605269849 ], [ 290999.090087278047577, 6123706.827957841567695 ], [ 290811.46218839136418, 6124194.008851321414113 ], [ 290810.807617775339168, 6124196.019472599029541 ], [ 290810.368979980587028, 6124198.087964198552072 ], [ 290810.151177947525866, 6124200.191205241717398 ], [ 290810.156646191433538, 6124202.305686433799565 ], [ 290810.385323590191547, 6124204.407772840000689 ], [ 290810.834654067526571, 6124206.473968071863055 ], [ 290813.336883301206399, 6124215.621116812340915 ], [ 290813.95832698745653, 6124217.516055848449469 ], [ 290814.765394355868921, 6124219.33968642167747 ], [ 290815.750061166880187, 6124221.073877148330212 ], [ 290816.902537404675968, 6124222.701385896652937 ], [ 290818.211364614020567, 6124224.206031217239797 ], [ 290819.663529825571459, 6124225.572853226214647 ], [ 290821.244594936724752, 6124226.788262342102826 ], [ 290822.938840262126178, 6124227.840174402110279 ], [ 290824.729420826130081, 6124228.718130807392299 ], [ 290826.598533843178302, 6124229.413402505218983 ], [ 290828.527595721592661, 6124229.919076782651246 ], [ 291843.217587544873822, 6124442.472011028788984 ], [ 291841.242991932609584, 6124442.373420869000256 ], [ 291839.228164438158274, 6124442.476322061382234 ], [ 291837.233954384573735, 6124442.781682094559073 ], [ 291835.280653449881356, 6124443.286393839865923 ], [ 291833.388137049623765, 6124443.985321706160903 ], [ 291831.575662098941393, 6124444.871353896334767 ], [ 291829.861671067192219, 6124445.935474768280983 ], [ 291828.263604321109597, 6124447.166856578551233 ], [ 291366.869122851931024, 6124841.330704937689006 ], [ 291365.754385629785247, 6124842.358611742965877 ], [ 291124.403745767485816, 6125082.464394395239651 ], [ 291126.702807906782255, 6125029.725578678771853 ], [ 291126.700716386782005, 6125027.936776478774846 ], [ 291126.53880251920782, 6125026.155315958894789 ], [ 291126.218361541279592, 6125024.395447990857065 ], [ 291125.741956834564917, 6125022.671250716783106 ], [ 290993.699706426181365, 6124616.501213058829308 ], [ 290993.489415426331107, 6124615.946873187087476 ], [ 290993.281209858076181, 6124615.337551720440388 ], [ 290993.135475846996997, 6124615.013866919092834 ], [ 290993.015164635784458, 6124614.696719245053828 ], [ 290992.763270648021717, 6124614.187174747698009 ], [ 290992.511424615164287, 6124613.627808182500303 ], [ 290992.321926253265701, 6124613.294399934820831 ], [ 290992.159881666768342, 6124612.966607564128935 ], [ 290991.873185039265081, 6124612.504873205907643 ], [ 290991.584906315838452, 6124611.997668271884322 ], [ 290991.348607505089603, 6124611.660023814067245 ], [ 290991.141821904282551, 6124611.326988794840872 ], [ 290990.827278216253035, 6124610.915102818980813 ], [ 290990.509798574901652, 6124610.461460072547197 ], [ 290990.224308573582675, 6124610.125531292520463 ], [ 290989.970465509104542, 6124609.793131049722433 ], [ 290773.732955815910827, 6124353.30581581313163 ], [ 290666.487226196564734, 6124188.179108285345137 ], [ 290665.3704172494472, 6124186.627325537614524 ], [ 290664.110539417015389, 6124185.189271376468241 ], [ 290662.71910575235961, 6124183.878087073564529 ], [ 290661.20883149607107, 6124182.705754529684782 ], [ 290659.593517881352454, 6124181.682986791245639 ], [ 290657.887926015304402, 6124180.81913014408201 ], [ 290656.107641988201067, 6124180.122078707441688 ], [ 290654.268934444640763, 6124179.598202300257981 ], [ 290147.360525178373791, 6124061.044872192665935 ], [ 290145.454011500463821, 6124060.695442686788738 ], [ 290143.522626361285802, 6124060.532204126007855 ], [ 290141.584509790758602, 6124060.556689684279263 ], [ 290139.657865041866899, 6124060.76866938918829 ], [ 290137.760787621489726, 6124061.166152275167406 ], [ 290135.911095333111007, 6124061.745405088178813 ], [ 290134.126160927815363, 6124062.500987349078059 ], [ 290132.422748935117852, 6124063.425802447833121 ], [ 290130.816858206759207, 6124064.511164300143719 ], [ 290129.323571651300881, 6124065.746878930367529 ], [ 290127.95691457221983, 6124067.121340211480856 ], [ 290126.72972293861676, 6124068.621638873592019 ] ], [ [ 291849.099678898463026, 6124443.976367986761034 ], [ 291847.382762997120153, 6124443.344514228403568 ], [ 291953.051579625229351, 6124465.479567509144545 ], [ 291950.173561774601694, 6124487.078597476705909 ], [ 291849.099678898463026, 6124443.976367986761034 ] ] ], [ [ [ 288683.323982851870824, 6160662.183933551423252 ], [ 288682.623645746265538, 6160664.034172507934272 ], [ 288678.607035402208567, 6160676.471833000890911 ], [ 288678.110731566674076, 6160678.300844551995397 ], [ 288677.789773992961273, 6160680.168620497919619 ], [ 288677.647044559649657, 6160682.05839007627219 ], [ 288677.683824834588449, 6160683.953185042366385 ], [ 288677.899784567649476, 6160685.835992028005421 ], [ 288678.292984655941837, 6160687.68990530539304 ], [ 288678.859894555120263, 6160689.498278584331274 ], [ 288911.549268512811977, 6161324.616963792592287 ], [ 288912.176217690459453, 6161326.132680819369853 ], [ 288912.925262572651263, 6161327.591925535351038 ], [ 289167.364423330582213, 6161776.908156528137624 ], [ 289168.43815930938581, 6161778.600480717606843 ], [ 289169.675879866583273, 6161780.176842966116965 ], [ 289171.06515559530817, 6161781.621413166634738 ], [ 289172.592035145207774, 6161782.919684692285955 ], [ 289174.241185324150138, 6161784.058620072901249 ], [ 289175.996045077044982, 6161785.026781920343637 ], [ 289374.8440600753529, 6161882.07003806065768 ], [ 289376.658494614413939, 6161882.847149517387152 ], [ 289378.540694237395655, 6161883.441623648628592 ], [ 289380.472325967275538, 6161883.847670163959265 ], [ 289382.434575349325314, 6161884.06133409589529 ], [ 289384.408329706988297, 6161884.080534316599369 ], [ 289386.374364303250331, 6161883.905083812773228 ], [ 289388.313529592880514, 6161883.536691504530609 ], [ 289390.206937742768787, 6161882.978945602662861 ], [ 289392.036146602942608, 6161882.237278657034039 ], [ 289400.627546586969402, 6161878.24947426840663 ], [ 289402.276071162777953, 6161877.388980141840875 ], [ 289403.837547915638424, 6161876.379092143848538 ], [ 289405.298477553529665, 6161875.228540966287255 ], [ 289406.646230034995824, 6161873.947273365221918 ], [ 289407.869153758860193, 6161872.546366164460778 ], [ 289408.956676294386853, 6161871.037930500693619 ], [ 289409.899395782558713, 6161869.435007113032043 ], [ 289410.689162216731347, 6161867.751453610137105 ], [ 289411.319147901376709, 6161866.001824662089348 ], [ 289516.216563377471175, 6161525.824125598184764 ], [ 289516.764358232321683, 6161523.604023824445903 ], [ 289517.05515398515854, 6161521.335903695784509 ], [ 289517.085149258666206, 6161519.049414820969105 ], [ 289509.918190212221816, 6161356.567097273655236 ], [ 289509.751885906560346, 6161354.729087400250137 ], [ 289509.416866210231092, 6161352.914232249371707 ], [ 289508.915983763581607, 6161351.137985028326511 ], [ 289508.253503502288368, 6161349.41547020431608 ], [ 289487.161547739233356, 6161301.323837257921696 ], [ 289486.518884844670538, 6161299.994248017668724 ], [ 289485.77986651804531, 6161298.715703901834786 ], [ 289159.870646071794908, 6160780.064420127309859 ], [ 289158.686351271462627, 6160778.379098108969629 ], [ 289157.334994642762467, 6160776.824524295516312 ], [ 289155.830910243501421, 6160775.417188302613795 ], [ 289154.190052139339969, 6160774.172017968259752 ], [ 289152.429825176717713, 6160773.102221015840769 ], [ 289150.568900366837624, 6160772.21914495434612 ], [ 288869.526501644926611, 6160656.185256719589233 ], [ 288867.817225409147795, 6160655.568846282549202 ], [ 288866.059059418155812, 6160655.110109509900212 ], [ 288864.266515517258085, 6160654.812832802534103 ], [ 288862.454389305785298, 6160654.679469872266054 ], [ 288702.216168453451246, 6160650.188262993469834 ], [ 288700.2382770422264, 6160650.230710867792368 ], [ 288698.274255801574327, 6160650.468359395861626 ], [ 288696.343321973632555, 6160650.898883272893727 ], [ 288694.464369051915128, 6160651.518069977872074 ], [ 288692.655781915644184, 6160652.319860989227891 ], [ 288690.93525693990523, 6160653.296411072835326 ], [ 288689.319628843455575, 6160654.438165035098791 ], [ 288687.824705966457259, 6160655.733951224014163 ], [ 288686.465115592174698, 6160657.171090838499367 ], [ 288685.254160823766142, 6160658.735521983355284 ], [ 288684.203690418566111, 6160660.411937261000276 ], [ 288683.323982851870824, 6160662.183933551423252 ] ] ], [ [ [ 304065.1210297991056, 6116577.304731998592615 ], [ 304064.817261733929627, 6116577.343900049105287 ], [ 304064.501615849381778, 6116577.363846420310438 ], [ 304063.825508086010814, 6116577.471777403727174 ], [ 304063.19210289476905, 6116577.553449077531695 ], [ 304062.913489736733027, 6116577.617368155159056 ], [ 304062.622294380271342, 6116577.663853350095451 ], [ 304061.936858671426307, 6116577.841425616294146 ], [ 304061.296454316936433, 6116577.988346371799707 ], [ 304061.044772160472348, 6116578.072533831931651 ], [ 304060.779996276134625, 6116578.141127943992615 ], [ 304060.092175059835427, 6116578.391176724806428 ], [ 304059.452010357228573, 6116578.605311254970729 ], [ 304059.228403845976572, 6116578.705189920961857 ], [ 304058.991402870800812, 6116578.791348654776812 ], [ 304058.308509069669526, 6116579.116080744192004 ], [ 304057.676213088387158, 6116579.398509368300438 ], [ 303722.651999670022633, 6116749.041981883347034 ], [ 303721.014994299795944, 6116749.970133050344884 ], [ 303719.472469269996509, 6116751.048032722435892 ], [ 303718.038080752186943, 6116752.266138115897775 ], [ 303716.724527571350336, 6116753.613665188662708 ], [ 303715.543438781867735, 6116755.078684111125767 ], [ 303714.505270713823847, 6116756.648224881850183 ], [ 303713.619214401987847, 6116758.308392157778144 ], [ 303640.304697856598068, 6116912.757050406187773 ], [ 303639.5890937714139, 6116914.464377258904278 ], [ 303639.03441864013439, 6116916.230556663125753 ], [ 303638.645424717105925, 6116918.040456636808813 ], [ 303638.425444760476239, 6116919.878570618107915 ], [ 303638.376363478368148, 6116921.729150314815342 ], [ 303638.498601381259505, 6116923.576340636238456 ], [ 303638.791111179394647, 6116925.404315528459847 ], [ 303639.251386755262502, 6116927.197413569316268 ], [ 303807.424023905419745, 6117475.579657549969852 ], [ 303818.904908334719948, 6117981.831791865639389 ], [ 303819.048366817703936, 6117983.811839659698308 ], [ 303819.061852256127167, 6117983.889640137553215 ], [ 303819.067350941826589, 6117983.96199718862772 ], [ 303855.020008309918921, 6118259.938753152266145 ], [ 303540.13213803776307, 6118450.700313355773687 ], [ 303539.745552979584318, 6118450.962730791419744 ], [ 303539.174655445618555, 6118451.318324849009514 ], [ 303538.751800970989279, 6118451.63729864731431 ], [ 303538.422439353307709, 6118451.860872293822467 ], [ 303538.138110764615703, 6118452.100226458162069 ], [ 303537.750824573275167, 6118452.392369866371155 ], [ 303537.21301888563903, 6118452.878989488817751 ], [ 303536.841614361328539, 6118453.191646122373641 ], [ 303536.663275622180663, 6118453.3764105187729 ], [ 303536.428337605320849, 6118453.588988130912185 ], [ 303535.755088865407743, 6118454.317319815978408 ], [ 303535.406538236653432, 6118454.678428943268955 ], [ 303535.324779501883313, 6118454.782835642807186 ], [ 303535.217711179924663, 6118454.898663934320211 ], [ 303534.157921891484875, 6118456.272924159653485 ], [ 303534.132530297210906, 6118456.305349472910166 ], [ 303534.130832095397636, 6118456.308052302338183 ], [ 303534.128572401299607, 6118456.310982515104115 ], [ 303506.618192773370538, 6118495.479227054864168 ], [ 303505.609053486376069, 6118497.070425871759653 ], [ 303504.754134429909755, 6118498.749529555439949 ], [ 303504.061023599992041, 6118500.501634904183447 ], [ 303461.670275539101567, 6118624.43354229349643 ], [ 303073.12446596234804, 6118608.681540802121162 ], [ 303071.400762498145923, 6118608.686000646091998 ], [ 302799.383649353170767, 6118621.124054502695799 ], [ 302797.433739766245708, 6118621.309225737117231 ], [ 302795.511293883260805, 6118621.684242551214993 ], [ 302793.634750054741744, 6118622.245508123189211 ], [ 302791.82210638030665, 6118622.987639306113124 ], [ 302790.090748087677639, 6118623.903518253937364 ], [ 302788.457280789094511, 6118624.984360687434673 ], [ 302786.937371215492021, 6118626.219800152815878 ], [ 302785.545596955635119, 6118627.597987437620759 ], [ 302784.295306640909985, 6118629.105704225599766 ], [ 302783.198491917632055, 6118630.728489869274199 ], [ 302782.265672433830332, 6118632.450780087150633 ], [ 302781.505794944765512, 6118634.256056238897145 ], [ 302780.926147503254469, 6118636.127003760077059 ], [ 302780.532289559894707, 6118638.04567822534591 ], [ 302780.327998641354498, 6118639.993677456863225 ], [ 302780.315234120178502, 6118641.952318018302321 ], [ 302780.494118421978783, 6118643.902814414352179 ], [ 302851.940858906251378, 6119149.277816873043776 ], [ 302435.504838453896809, 6119270.991812827065587 ], [ 302434.975506045331713, 6119271.174709512852132 ], [ 302434.48446949000936, 6119271.319964058697224 ], [ 302434.100310655543581, 6119271.477109919302166 ], [ 302433.678493470302783, 6119271.622857589274645 ], [ 302433.128685867530294, 6119271.874567429535091 ], [ 302432.621445221593603, 6119272.082061728462577 ], [ 302432.288489363214467, 6119272.2592214923352 ], [ 302431.921569356520195, 6119272.427202756516635 ], [ 302431.359190485207364, 6119272.753684543073177 ], [ 302430.844459426181857, 6119273.027563588693738 ], [ 302430.562758573971223, 6119273.216042797081172 ], [ 302430.250465916353278, 6119273.397340264171362 ], [ 302429.684134930255823, 6119273.803908569738269 ], [ 302429.171511425171047, 6119274.14689252525568 ], [ 302428.939844926237129, 6119274.338233430869877 ], [ 302428.68078187055653, 6119274.524214474484324 ], [ 302428.119684120581951, 6119275.015630950219929 ], [ 302427.619546727568377, 6119275.428710711188614 ], [ 302427.435487024427857, 6119275.614859384484589 ], [ 302427.227169252349995, 6119275.797306712716818 ], [ 302426.680870766402222, 6119276.378040095791221 ], [ 302426.204285386658739, 6119276.860034440644085 ], [ 302426.06428066274384, 6119277.033495795913041 ], [ 302425.903196639730595, 6119277.204733447171748 ], [ 302425.381394806667231, 6119277.879569433629513 ], [ 302424.940062769514043, 6119278.426365650258958 ], [ 302424.839535754639655, 6119278.580345025286078 ], [ 302424.721222501015291, 6119278.733357215300202 ], [ 302424.233358192606829, 6119279.50884013902396 ], [ 302423.839684352278709, 6119280.111838765442371 ], [ 302423.773145996732637, 6119280.240368749015033 ], [ 302423.692279836512171, 6119280.368909257464111 ], [ 302423.246766761585604, 6119281.257158445194364 ], [ 302422.914296011731494, 6119281.899381409399211 ], [ 302422.875472604704555, 6119281.997432416304946 ], [ 302422.825973191764206, 6119282.096122703514993 ], [ 302422.428008035873063, 6119283.127532911486924 ], [ 302422.173271127394401, 6119283.770887328311801 ], [ 302200.061010572186206, 6119939.344005934894085 ], [ 302199.538016142032575, 6119941.168213237076998 ], [ 302199.190270777617116, 6119943.033777125179768 ], [ 302199.020905278623104, 6119944.923901666887105 ], [ 302199.031444466265384, 6119946.82156981062144 ], [ 302199.221793454664294, 6119948.709696585312486 ], [ 302199.590238505508751, 6119950.571282926015556 ], [ 302200.1334624569281, 6119952.389568710699677 ], [ 302200.846574588387739, 6119954.148183661513031 ], [ 302201.723154652339872, 6119955.831294723786414 ], [ 302348.601808925217483, 6120207.888441449962556 ], [ 302349.696803558734246, 6120209.567951045930386 ], [ 302350.954449942510109, 6120211.129389903508127 ], [ 302352.362109467037953, 6120212.557066475972533 ], [ 302353.905635978619102, 6120213.836633449420333 ], [ 302355.569517939700745, 6120214.955231925472617 ], [ 302357.337034311087336, 6120215.901620645076036 ], [ 302359.190422588493675, 6120216.666288955137134 ], [ 302361.111057305184659, 6120217.241552387364209 ], [ 302363.079637207032647, 6120217.621629881672561 ], [ 302365.076379219070077, 6120217.802701881155372 ], [ 302367.081217253464274, 6120217.78294871840626 ], [ 302369.074003862158861, 6120217.562568901106715 ], [ 302371.03471270686714, 6120217.143777118064463 ], [ 302372.943639811943285, 6120216.530781979672611 ], [ 302374.781601578113623, 6120215.729743730276823 ], [ 302376.530127565958537, 6120214.74871233291924 ], [ 302378.171646113449242, 6120213.597546581178904 ], [ 302379.689660920528695, 6120212.287815013900399 ], [ 302381.068916827440262, 6120210.832679668441415 ], [ 302382.295553120260593, 6120209.246763801202178 ], [ 302888.097507931001019, 6119482.774003004655242 ], [ 303036.963541677047033, 6119372.375857761129737 ], [ 303605.811783041805029, 6119135.950023354031146 ], [ 304046.767331732495222, 6119203.355416623875499 ], [ 304048.635812593216542, 6119203.551767143420875 ], [ 304050.514473819290288, 6119203.571922809816897 ], [ 304052.386737285589334, 6119203.415705762803555 ], [ 304054.236081323761027, 6119203.084494528360665 ], [ 304239.032001119572669, 6119160.943981361575425 ], [ 304452.695580714731477, 6119402.791916007176042 ], [ 304482.406768862623721, 6119504.328554828651249 ], [ 304482.510638541425578, 6119504.622686869464815 ], [ 304482.623326489410829, 6119505.021688240580261 ], [ 304482.973640127282124, 6119505.933787502348423 ], [ 304483.136320600286126, 6119506.394456488080323 ], [ 304483.206514644727577, 6119506.540114669129252 ], [ 304483.278838256024756, 6119506.72842110414058 ], [ 304484.087467905541416, 6119508.36816219240427 ], [ 304507.882807872199919, 6119551.527261640876532 ], [ 304508.81804306874983, 6119553.057084979489446 ], [ 304508.879788552352693, 6119553.140294042415917 ], [ 304508.928323356492911, 6119553.218819347210228 ], [ 304509.251892151078209, 6119553.641745970584452 ], [ 304509.886534296616446, 6119554.496998455375433 ], [ 304510.025387539935764, 6119554.652757533825934 ], [ 304510.136653102352284, 6119554.798189260996878 ], [ 304510.51995186181739, 6119555.207536675035954 ], [ 304511.079693492734805, 6119555.835428675636649 ], [ 304511.310117829532828, 6119556.051401644013822 ], [ 304511.495851350191515, 6119556.249757455661893 ], [ 304511.884970564686228, 6119556.590201727114618 ], [ 304512.387930567550939, 6119557.06161792576313 ], [ 304512.723751447163522, 6119557.324059464968741 ], [ 304512.992480827961117, 6119557.559173473156989 ], [ 304513.358285876689479, 6119557.819943438284099 ], [ 304513.800730486167595, 6119558.165710635483265 ], [ 305225.874655836843885, 6120064.924222755245864 ], [ 305227.493090621253941, 6120065.962552185170352 ], [ 305229.203758902498521, 6120066.840659915469587 ], [ 305230.990847865177784, 6120067.550429030321538 ], [ 305232.837838288163766, 6120068.085298671387136 ], [ 305234.72765724232886, 6120068.440324692986906 ], [ 305236.64283590670675, 6120068.612225360237062 ], [ 305238.565671044110786, 6120068.599411683157086 ], [ 305240.478388643474318, 6120068.402002106420696 ], [ 305242.363308216852602, 6120068.02182141598314 ], [ 305244.203006231458858, 6120067.462383867241442 ], [ 305245.98047716653673, 6120066.728860704228282 ], [ 305247.679290706815664, 6120065.82803235668689 ], [ 305450.373787175049074, 6119945.519871429540217 ], [ 305486.934051611693576, 6119965.762211943045259 ], [ 305548.089876317477319, 6120109.974167027510703 ], [ 305548.894971831003204, 6120111.651092268526554 ], [ 305549.852385158708785, 6120113.245964291505516 ], [ 305550.953834060113877, 6120114.744986428879201 ], [ 305552.189790294447448, 6120116.135191175155342 ], [ 305553.549562045896892, 6120117.404552366584539 ], [ 305921.411999829404522, 6120430.092994403094053 ], [ 305922.974324018636253, 6120431.293608631007373 ], [ 305924.647205100336578, 6120432.334665921516716 ], [ 305926.414406377763953, 6120433.206061951816082 ], [ 305928.258775698312093, 6120433.899339100345969 ], [ 305930.162411929806694, 6120434.407768540084362 ], [ 305932.106838705367409, 6120434.726415539160371 ], [ 305934.073183752247132, 6120434.852187367156148 ], [ 305936.04236206272617, 6120434.783863303251565 ], [ 305937.995261129748542, 6120434.522106488235295 ], [ 305939.912926450022496, 6120434.069457489997149 ], [ 305941.776745492650662, 6120433.430309641174972 ], [ 306174.74515290238196, 6120340.47807995043695 ], [ 306235.425669002055656, 6120523.064743937924504 ], [ 306236.179405739589129, 6120524.992962365038693 ], [ 306237.128436275292188, 6120526.832931498065591 ], [ 306238.262591402162798, 6120528.564935401082039 ], [ 306239.569718235754408, 6120530.17041502147913 ], [ 306241.035810437053442, 6120531.632167061790824 ], [ 306242.645158295286819, 6120532.934528318233788 ], [ 306244.380517063313164, 6120534.063543516211212 ], [ 306246.223291741276626, 6120535.007114847190678 ], [ 306575.890561175241601, 6120682.801660086028278 ], [ 306577.668849932786543, 6120683.498933006078005 ], [ 306579.505545829539187, 6120684.023383778519928 ], [ 306581.38389590109, 6120684.370228757150471 ], [ 306583.286767244746443, 6120684.536304280161858 ], [ 306585.196803293249104, 6120684.520095532760024 ], [ 306587.096582128258888, 6120684.321750358678401 ], [ 306588.968775390007067, 6120683.943077913485467 ], [ 306590.796306333737448, 6120683.387532164342701 ], [ 306592.562505590787623, 6120682.660180382430553 ], [ 306594.251263214333449, 6120681.767656926065683 ], [ 306595.84717562206788, 6120680.718102727085352 ], [ 306597.335686096223071, 6120679.521091031841934 ], [ 306598.703217559086625, 6120678.187540085054934 ], [ 306599.937296412710566, 6120676.729613538831472 ], [ 306601.026666314166505, 6120675.160609508864582 ], [ 306601.961390847049188, 6120673.494839273393154 ], [ 306602.732944154122379, 6120671.747496740892529 ], [ 307006.009471646801103, 6119625.935354577377439 ], [ 307006.613672087318264, 6119624.112147557549179 ], [ 307007.040195318753831, 6119622.239390247501433 ], [ 307007.285107579082251, 6119620.334354816935956 ], [ 307007.346150078170467, 6119618.414611130021513 ], [ 307007.222759829834104, 6119616.497864705510437 ], [ 307006.916074844368268, 6119614.601793417707086 ], [ 307006.428923633066006, 6119612.743884457275271 ], [ 307005.76579912082525, 6119610.941273048520088 ], [ 307004.932817208929919, 6119609.210584416054189 ], [ 307003.93766036874149, 6119607.567780449055135 ], [ 307002.789506787492428, 6119606.028012491762638 ], [ 306868.325877993192989, 6119442.695474600419402 ], [ 306867.02435764769325, 6119441.261980491690338 ], [ 306865.590322617557831, 6119439.96105616632849 ], [ 306864.037212896277197, 6119438.804894082248211 ], [ 306862.37958446337143, 6119437.804329968057573 ], [ 306860.6329728635028, 6119436.96874126046896 ], [ 306858.81374760507606, 6119436.305959223769605 ], [ 306856.938958742655814, 6119435.822195551358163 ], [ 306855.026177081395872, 6119435.521984149701893 ], [ 306853.093329500639811, 6119435.408138645812869 ], [ 306851.158530940592755, 6119435.481726016849279 ], [ 306849.239914626290556, 6119435.742056591436267 ], [ 306847.35546212043846, 6119436.186690510250628 ], [ 306845.52283479727339, 6119436.811460599303246 ], [ 306387.543801721010823, 6119618.133513333275914 ], [ 306308.83161005191505, 6119439.895819143392146 ], [ 306307.908902589115314, 6119438.066255398094654 ], [ 306306.803838625608478, 6119436.340704414993525 ], [ 306305.528017720906064, 6119434.737278838641942 ], [ 306304.094831824302673, 6119433.272809397429228 ], [ 306302.51932470331667, 6119431.962668232619762 ], [ 306300.818034032883588, 6119430.820607544854283 ], [ 306031.872020467359107, 6119269.625463550910354 ], [ 306030.121142958931159, 6119268.690869066864252 ], [ 306028.286256112740375, 6119267.93441076669842 ], [ 306026.385429155488964, 6119267.363537945784628 ], [ 306024.437380665447563, 6119266.983872330747545 ], [ 306022.461294239619747, 6119266.799152716062963 ], [ 306020.476629581244197, 6119266.811198144219816 ], [ 306018.502930868475232, 6119267.01988999824971 ], [ 305913.315788350417279, 6119283.45389078464359 ], [ 305732.465785807929933, 6119148.234328360296786 ], [ 305732.262734551506583, 6119148.097555600106716 ], [ 305732.059982036356814, 6119147.93878039624542 ], [ 305731.39403591316659, 6119147.512411178089678 ], [ 305730.832813779998105, 6119147.134379042312503 ], [ 305730.648146565596107, 6119147.034858644008636 ], [ 305730.462762820592616, 6119146.916167477145791 ], [ 305729.714944159088191, 6119146.53193951305002 ], [ 305729.099602369766217, 6119146.200321038253605 ], [ 305728.938482457189821, 6119146.132994802668691 ], [ 305728.775862774811685, 6119146.049441084265709 ], [ 305727.942769863526337, 6119145.716922201216221 ], [ 305727.282948502106592, 6119145.441206506453454 ], [ 305727.149697617336642, 6119145.400377079844475 ], [ 305727.014450699964073, 6119145.34639492072165 ], [ 305726.088396796199959, 6119145.075183709152043 ], [ 305725.400457760959398, 6119144.864392189309001 ], [ 305725.29848414537264, 6119144.843843864277005 ], [ 305725.194365417701192, 6119144.813350859098136 ], [ 305724.154394213517662, 6119144.613302542828023 ], [ 305723.470373769465368, 6119144.475468118675053 ], [ 305723.402115951583255, 6119144.468594689853489 ], [ 305723.331973346066661, 6119144.455102095380425 ], [ 305722.10352184122894, 6119144.337828809395432 ], [ 305721.511401387338992, 6119144.278203440830112 ], [ 305623.399048690334894, 6119139.258538003079593 ], [ 305562.346008372085635, 6118947.000690309330821 ], [ 305561.652972554089502, 6118945.14301972836256 ], [ 305560.779405296721961, 6118943.363098695874214 ], [ 305559.73389210330788, 6118941.678420448675752 ], [ 305558.526708378631156, 6118940.10554216708988 ], [ 305557.169718440854922, 6118938.659922250546515 ], [ 305555.67625891813077, 6118937.355768390931189 ], [ 305554.061007674958091, 6118936.205897939391434 ], [ 305552.339839556487277, 6118935.221611933782697 ], [ 305550.529670369345695, 6118934.412584030069411 ], [ 305548.64829063101206, 6118933.786765434779227 ], [ 305546.714190723316278, 6118933.350306753069162 ], [ 305544.74637916701613, 6118933.10749754216522 ], [ 305542.764195804076735, 6118933.060724155046046 ], [ 305183.248880138853565, 6118942.408853260800242 ], [ 305099.708763746777549, 6118832.190398264676332 ], [ 305098.437419391062576, 6118830.674992810003459 ], [ 305097.02259742829483, 6118829.292585859075189 ], [ 305095.47813754127128, 6118828.056700014509261 ], [ 304848.482323673379142, 6118649.704873144626617 ], [ 304846.860430788306985, 6118648.649210375733674 ], [ 304846.782804437389132, 6118648.608777664601803 ], [ 304846.715602618060075, 6118648.565436225384474 ], [ 304846.189516776183154, 6118648.299755946733057 ], [ 304845.144104517064989, 6118647.755239156074822 ], [ 304844.981097805197351, 6118647.689488450065255 ], [ 304844.83903609594563, 6118647.617745416238904 ], [ 304844.240254063392058, 6118647.390660271979868 ], [ 304843.349413794698194, 6118647.03132920153439 ], [ 304843.095243315096013, 6118646.956420570611954 ], [ 304842.873358383367304, 6118646.872271800413728 ], [ 304842.279076667909976, 6118646.715881519019604 ], [ 304841.493161235353909, 6118646.484258047305048 ], [ 304841.144013482320588, 6118646.417180000804365 ], [ 304840.840288350591436, 6118646.337252153083682 ], [ 304840.28380474599544, 6118646.2519172411412 ], [ 304839.592725819908082, 6118646.119147594086826 ], [ 304839.146649371366948, 6118646.077538243494928 ], [ 304838.762289488920942, 6118646.01859793253243 ], [ 304505.104235022852663, 6118612.68269859533757 ], [ 304463.470318963227328, 6118548.093826703727245 ], [ 304729.794749536144082, 6118289.093412527814507 ], [ 304731.05665079067694, 6118287.747513323090971 ], [ 304732.189159226021729, 6118286.291057320311666 ], [ 304733.18263764976291, 6118284.736438374966383 ], [ 304734.028631959401537, 6118283.09688566904515 ], [ 304734.719943082891405, 6118281.386351140215993 ], [ 304735.250688240048476, 6118279.619390749372542 ], [ 304735.616351002652664, 6118277.811040620319545 ], [ 304735.813819727336522, 6118275.976689087226987 ], [ 304736.249762134451885, 6118268.850358910858631 ], [ 304736.287079246307258, 6118267.631447260268033 ], [ 304736.296113954624161, 6118188.208819752559066 ], [ 304780.575338948634453, 6118203.581365446560085 ], [ 304782.531700481311418, 6118204.150697087869048 ], [ 304784.535835689981468, 6118204.51802668068558 ], [ 304786.566944211546797, 6118204.679541814140975 ], [ 304788.603945734445006, 6118204.63356616627425 ], [ 304790.62569878535578, 6118204.380576905794442 ], [ 304792.611220150545705, 6118203.923199739307165 ], [ 304794.539902654942125, 6118203.266181655228138 ], [ 304796.391729038150515, 6118202.416341664269567 ], [ 304798.147479708306491, 6118201.382500017993152 ], [ 304799.78893221647013, 6118200.175386672839522 ], [ 304801.299050382978749, 6118198.807529923506081 ], [ 305114.30198165163165, 6117884.82073812559247 ], [ 305498.257652941276319, 6117737.33811538759619 ], [ 305498.871879933285527, 6117737.090435781516135 ], [ 305614.592348893522285, 6117688.184737099334598 ], [ 305615.162873047520407, 6117687.908389415591955 ], [ 305615.87820660485886, 6117687.58672723826021 ], [ 305616.164179146348033, 6117687.42338169272989 ], [ 305616.435327784216497, 6117687.29204404912889 ], [ 305616.938933118712157, 6117686.980847560800612 ], [ 305617.551550048228819, 6117686.630924991331995 ], [ 305617.873342318926007, 6117686.40344132296741 ], [ 305618.177363230381161, 6117686.215575481764972 ], [ 305618.608920055383351, 6117685.883441506884992 ], [ 305619.125137339404318, 6117685.51851353328675 ], [ 305619.473267881025095, 6117685.218223713338375 ], [ 305619.800192289287224, 6117684.966616747900844 ], [ 305620.158650071418379, 6117684.627027969807386 ], [ 305620.584359151602257, 6117684.259820592589676 ], [ 305620.948214658768848, 6117683.879025590606034 ], [ 305621.286801740177907, 6117683.558261531405151 ], [ 305621.574106399144512, 6117683.223995113745332 ], [ 305621.915667937253602, 6117682.866531989537179 ], [ 305622.28366565523902, 6117682.398453922942281 ], [ 305622.621606445056386, 6117682.00527457986027 ], [ 305622.842092597915325, 6117681.688157660886645 ], [ 305623.106703705154359, 6117681.351583139970899 ], [ 305623.466465412406251, 6117680.790145785547793 ], [ 305623.790612738172058, 6117680.323936910368502 ], [ 305623.950590730644763, 6117680.034628919325769 ], [ 305624.146408771339338, 6117679.729038967750967 ], [ 305624.484938487817999, 6117679.068301777355373 ], [ 305624.78156513144495, 6117678.531875128857791 ], [ 305624.888991981279105, 6117678.279676268808544 ], [ 305625.025130419933703, 6117678.01396331936121 ], [ 305625.328978878213093, 6117677.246748336590827 ], [ 305625.584074796992354, 6117676.647876638919115 ], [ 305625.648260908841621, 6117676.440563703887165 ], [ 305625.734710519493092, 6117676.222279112786055 ], [ 305625.990078402799554, 6117675.33653690200299 ], [ 305626.189728480065241, 6117674.691692678257823 ], [ 305626.221058452152647, 6117674.535383769311011 ], [ 305626.268561264208984, 6117674.37062050588429 ], [ 305626.461151202500332, 6117673.337532849051058 ], [ 305626.592176701116841, 6117672.683831253089011 ], [ 305626.601834690372925, 6117672.582880887202919 ], [ 305626.62172633537557, 6117672.476178464479744 ], [ 305626.735093532537576, 6117671.189989615231752 ], [ 305626.787200321792625, 6117670.645342140458524 ], [ 305638.968901623564307, 6117394.990091287530959 ], [ 305638.962237472180277, 6117393.084422026760876 ], [ 305638.774229884613305, 6117391.188037864863873 ], [ 305638.406585791090038, 6117389.318156166933477 ], [ 305637.862643050437327, 6117387.491753681562841 ], [ 305637.147340145660564, 6117385.72541240695864 ], [ 305636.267171347164549, 6117384.035169043578207 ], [ 305635.230127750663087, 6117382.436369393020868 ], [ 305592.638966553844512, 6117323.163907282054424 ], [ 305591.52580325998133, 6117321.753118191845715 ], [ 305590.29049731080886, 6117320.447944798506796 ], [ 305588.943022129475139, 6117319.258924609981477 ], [ 305587.494256753299851, 6117318.195657352916896 ], [ 305525.056013958179392, 6117276.55383622366935 ], [ 305524.883801228133962, 6117276.453352668322623 ], [ 305524.670090543979313, 6117276.302821963094175 ], [ 305522.984464510693215, 6117275.345118070952594 ], [ 305457.860405197134241, 6117242.412332205101848 ], [ 305455.915387399669271, 6117241.555309294722974 ], [ 305455.809161598910578, 6117241.521433625370264 ], [ 305455.717064183030743, 6117241.481433765031397 ], [ 305455.106171310006175, 6117241.29724828992039 ], [ 305453.89040332660079, 6117240.909536885097623 ], [ 305453.670747479365673, 6117240.864465012215078 ], [ 305453.479773855360691, 6117240.806886066682637 ], [ 305411.853908717515878, 6117230.867870812304318 ], [ 305386.958711551793385, 6117125.958090608008206 ], [ 305386.408249225583859, 6117124.060931902378798 ], [ 305385.673317853012122, 6117122.227330036461353 ], [ 305384.761087093618698, 6117120.475172803737223 ], [ 305383.680456260044593, 6117118.821553461253643 ], [ 305382.441967500199098, 6117117.28260397631675 ], [ 305250.943085404345766, 6116969.465772363357246 ], [ 305250.247452392824925, 6116968.755472768098116 ], [ 305249.69501213269541, 6116968.183278150856495 ], [ 305249.647127136588097, 6116968.142490377649665 ], [ 305249.602336601528805, 6116968.096755487844348 ], [ 305248.806357192341238, 6116967.426334235817194 ], [ 305248.212170482671354, 6116966.920214262790978 ], [ 305248.173443924984895, 6116966.893256997689605 ], [ 305248.136726750002708, 6116966.862331606447697 ], [ 305247.221783578279428, 6116966.230813391506672 ], [ 305246.613493988872506, 6116965.807387585751712 ], [ 305246.586045432370156, 6116965.792009943164885 ], [ 305246.559709468740039, 6116965.773832157254219 ], [ 305245.462182248476893, 6116965.16238241456449 ], [ 305244.914146696275566, 6116964.855353698134422 ], [ 305244.89973696047673, 6116964.849035263992846 ], [ 305244.885761045268737, 6116964.841249060817063 ], [ 305243.130247550201602, 6116964.073142996989191 ], [ 305206.615093921194784, 6116950.13997611310333 ], [ 305204.283572183689103, 6116949.410046063363552 ], [ 305201.880447367613669, 6116948.969838602468371 ], [ 305168.319368161668535, 6116944.921130578964949 ], [ 305168.115349898813292, 6116944.897580523975194 ], [ 305085.122467213252094, 6116935.749159619212151 ], [ 305083.157954805239569, 6116935.63003274705261 ], [ 305081.19124571501743, 6116935.704568427056074 ], [ 304624.837435500172433, 6116975.555394124239683 ], [ 304623.024059115210548, 6116975.79774122685194 ], [ 304622.979475284577347, 6116975.807915519922972 ], [ 304622.936367634334601, 6116975.813774419948459 ], [ 304622.371632892987691, 6116975.946628731675446 ], [ 304621.240415080857929, 6116976.204779296182096 ], [ 304621.153377233655192, 6116976.233224376104772 ], [ 304621.068803827860393, 6116976.253120339475572 ], [ 304620.443247390794568, 6116976.465303878299892 ], [ 304619.5014283330529, 6116976.773102375678718 ], [ 304551.033290064777248, 6117002.671732204034925 ], [ 304377.959628083975986, 6116713.677464082837105 ], [ 304376.79941083851736, 6116711.950737458653748 ], [ 304375.466106665262487, 6116710.353869001381099 ], [ 304373.974140878417529, 6116708.904135583899915 ], [ 304372.339655387389939, 6116707.617222195491195 ], [ 304370.580334053898696, 6116706.507052238099277 ], [ 304368.71521136641968, 6116705.58563688583672 ], [ 304074.625074466108344, 6116578.873775020241737 ], [ 304074.243090994539671, 6116578.730787387117743 ], [ 304073.854923731065355, 6116578.560760640539229 ], [ 304073.311964873166289, 6116578.382239531725645 ], [ 304072.803610615723301, 6116578.191947601735592 ], [ 304072.42908787849592, 6116578.091955695301294 ], [ 304072.047021269041579, 6116577.966334842145443 ], [ 304071.467852166679222, 6116577.835320297628641 ], [ 304070.92453340801876, 6116577.690262406133115 ], [ 304070.562075439025648, 6116577.630423446185887 ], [ 304070.190804725454655, 6116577.546437848359346 ], [ 304069.579582991893403, 6116577.468221670947969 ], [ 304069.005612426728476, 6116577.373463645577431 ], [ 304068.659332872135565, 6116577.350460075773299 ], [ 304068.303081460588146, 6116577.304871671833098 ], [ 304067.664617844216991, 6116577.284380529075861 ], [ 304067.064994040119927, 6116577.244547140784562 ], [ 304066.738469403120689, 6116577.254656297154725 ], [ 304066.400944116467144, 6116577.243823606520891 ], [ 304065.740663280535955, 6116577.285548233427107 ], [ 304065.1210297991056, 6116577.304731998592615 ] ] ], [ [ [ 307888.364314862061292, 6119952.022809548303485 ], [ 307886.779895277984906, 6119953.111092561855912 ], [ 307885.307265752227977, 6119954.346449844539165 ], [ 307883.960028762405273, 6119955.71747056953609 ], [ 307882.750628552457783, 6119957.21149080619216 ], [ 307881.69023618689971, 6119958.81471049413085 ], [ 307880.788646365050226, 6119960.512320911511779 ], [ 307880.054186948924325, 6119962.288641463033855 ], [ 307879.493642039771657, 6119964.127264519222081 ], [ 307879.112189314211719, 6119966.011206968687475 ], [ 307799.012388698523864, 6120489.961495569907129 ], [ 307798.807024844922125, 6120491.997693613171577 ], [ 307798.810820072016213, 6120494.044218076393008 ], [ 307799.023734641261399, 6120496.079640432260931 ], [ 307799.44353918969864, 6120498.08264840207994 ], [ 307800.065838073322084, 6120500.032269103452563 ], [ 307800.884115392109379, 6120501.908088661730289 ], [ 307801.889803216443397, 6120503.690465945750475 ], [ 307803.072371298796497, 6120505.360738232731819 ], [ 307804.419437333126552, 6120506.901416616514325 ], [ 307805.916896605922375, 6120508.296369127929211 ], [ 307807.549069682543632, 6120509.530989648774266 ], [ 308377.760610668279696, 6120896.641249248757958 ], [ 308185.219277889176738, 6121248.978313671424985 ], [ 308184.382904080033768, 6121250.699782522395253 ], [ 308183.714906244014855, 6121252.493313967250288 ], [ 308183.221401531307492, 6121254.342483849264681 ], [ 308182.90690918196924, 6121256.23035850469023 ], [ 308182.774309140979312, 6121258.139649835415184 ], [ 308182.824815685162321, 6121260.052873617969453 ], [ 308183.057966304011643, 6121261.95250962022692 ], [ 308183.471625934529584, 6121263.821162039414048 ], [ 308184.0620065133553, 6121265.641718802042305 ], [ 308184.823701665562112, 6121267.397508267313242 ], [ 308185.749736213125288, 6121269.072451899759471 ], [ 308186.831630049913656, 6121270.651211501099169 ], [ 308188.059475797868799, 6121272.119329675100744 ], [ 308608.635090621246491, 6121728.698334023356438 ], [ 308610.059962790168356, 6121730.09797968249768 ], [ 308611.617332040099427, 6121731.348527438007295 ], [ 308613.291666459932458, 6121732.437505361624062 ], [ 308615.06626762507949, 6121733.354052891023457 ], [ 308616.923437133431435, 6121734.089029139839113 ], [ 308618.844653114676476, 6121734.635104063898325 ], [ 308620.810754952020943, 6121734.986831563524902 ], [ 308622.802134374331217, 6121735.140703800134361 ], [ 308624.798931012745015, 6121735.095186180435121 ], [ 308626.781230471562594, 6121734.850732658058405 ], [ 308628.729262938024476, 6121734.409781211987138 ], [ 308630.623600349936169, 6121733.77672952413559 ], [ 308632.445350155001506, 6121732.957891129888594 ], [ 308634.176343729777727, 6121731.961432443931699 ], [ 308635.799317578261252, 6121730.797291319817305 ], [ 308734.211795645591337, 6121652.478358765132725 ], [ 308735.845474238274619, 6121651.025528145954013 ], [ 308948.418642511765938, 6121440.079955543391407 ], [ 308882.836965743743349, 6121634.426931589841843 ], [ 308882.279824596189428, 6121636.409624918363988 ], [ 308821.241880262561608, 6121906.285904375836253 ], [ 308820.898553247621749, 6121908.258032071404159 ], [ 308820.754087830719072, 6121910.254601838067174 ], [ 308820.809931252326351, 6121912.255612232722342 ], [ 308821.065524078498129, 6121914.241017328575253 ], [ 308821.518305805104319, 6121916.190927530638874 ], [ 308822.163740508956835, 6121918.085808828473091 ], [ 308822.995362287852913, 6121919.906678484752774 ], [ 308824.004840035748202, 6121921.635295204818249 ], [ 308825.182060902705416, 6121923.254341874271631 ], [ 309167.130344468983822, 6122347.190977093763649 ], [ 309168.415790333994664, 6122348.63571884855628 ], [ 309169.834757293981966, 6122349.949561525136232 ], [ 309171.373979250201955, 6122351.120221843011677 ], [ 309173.019065824977588, 6122352.136755154468119 ], [ 309174.754636899102479, 6122352.989657761529088 ], [ 309176.564466402400285, 6122353.670955772511661 ], [ 309178.431634013482835, 6122354.174279647879303 ], [ 309180.338683349837083, 6122354.494923749007285 ], [ 309182.267785169824492, 6122354.629890334792435 ], [ 309184.200904060213361, 6122354.577917585149407 ], [ 309186.119967051723506, 6122354.339491400867701 ], [ 309188.007032585737761, 6122353.916840857826173 ], [ 309212.723961238923948, 6122347.11079974938184 ], [ 309214.64866533112945, 6122346.474248160608113 ], [ 309216.499042935494799, 6122345.646125894039869 ], [ 309218.256082884909119, 6122344.634941250085831 ], [ 309219.901732982951216, 6122343.45108335185796 ], [ 309221.419085475907195, 6122342.106715404428542 ], [ 309222.792550766491331, 6122340.615649723447859 ], [ 309224.008017584681511, 6122338.993205832317472 ], [ 309225.052997969731223, 6122337.25605305749923 ], [ 309319.787366092263255, 6122160.012130974791944 ], [ 309320.436904807167593, 6122158.680442764423788 ], [ 309320.98607385874493, 6122157.304322353564203 ], [ 309630.602760744630359, 6121289.366854825057089 ], [ 310189.664517645433079, 6120915.123361071571708 ], [ 310191.307445432292297, 6120913.897122045978904 ], [ 310192.816212051955517, 6120912.50913892313838 ], [ 310194.17496461479459, 6120910.973995498381555 ], [ 310195.369426456745714, 6120909.307821807451546 ], [ 310196.387047146679834, 6120907.528124644421041 ], [ 310197.217134356091265, 6120905.653603615239263 ], [ 310197.85096620535478, 6120903.703954660333693 ], [ 310198.281882906274404, 6120901.699663099832833 ], [ 310198.505356737412512, 6120899.661788396537304 ], [ 310201.369944509060588, 6120850.284285243600607 ], [ 310201.372715492034331, 6120848.016414514742792 ], [ 310201.118720246187877, 6120845.762810348533094 ], [ 310200.611224671185482, 6120843.552449843846262 ], [ 310117.831879184290301, 6120558.273749620653689 ], [ 310117.169840886432212, 6120556.360055524855852 ], [ 310116.317685367888771, 6120554.523114924319088 ], [ 310115.284148330043536, 6120552.781758846715093 ], [ 310114.079824870626908, 6120551.153838453814387 ], [ 310112.717060870141722, 6120549.656042046844959 ], [ 310111.209826430480462, 6120548.303723983466625 ], [ 310109.573572663241066, 6120547.110747283324599 ], [ 310107.825073295796756, 6120546.089341506361961 ], [ 309645.291269028442912, 6120306.436792764812708 ], [ 309643.370053577702492, 6120305.566602200269699 ], [ 309641.367882536898833, 6120304.903570111840963 ], [ 309639.307021551881917, 6120304.455069914460182 ], [ 309637.210388944600709, 6120304.226089267060161 ], [ 309635.101300844457, 6120304.219174605794251 ], [ 309633.003211895062122, 6120304.434402827173471 ], [ 309479.978917126834858, 6120328.341408997774124 ], [ 309478.234022605698556, 6120328.694203183054924 ], [ 309476.527411449409556, 6120329.200759191066027 ], [ 309474.872604799515102, 6120329.857063677161932 ], [ 309229.271244664501864, 6120440.153892168775201 ], [ 309227.265059544355609, 6120441.194843607954681 ], [ 309225.389133123448119, 6120442.455501650460064 ], [ 309083.926560904073995, 6120549.602115615271032 ], [ 308673.828532010142226, 6120563.824334774166346 ], [ 308471.994555549055804, 6120541.153794642537832 ], [ 308009.386304298939649, 6120021.112233064137399 ], [ 308007.658911665959749, 6120019.39370611589402 ], [ 308005.735356070683338, 6120017.897994227707386 ], [ 307910.174751109094359, 6119952.526508281007409 ], [ 307908.537955369974952, 6119951.518716117367148 ], [ 307906.811973461415619, 6119950.672706787474453 ], [ 307905.012748042470776, 6119949.996294762007892 ], [ 307903.156898312503472, 6119949.495727967470884 ], [ 307901.261566501867492, 6119949.17563007120043 ], [ 307899.344259531470016, 6119949.038957772776484 ], [ 307897.422687303798739, 6119949.086973495781422 ], [ 307895.5145991188474, 6119949.319233725778759 ], [ 307893.63761972647626, 6119949.733593106269836 ], [ 307891.809086528839543, 6119950.326224257238209 ], [ 307890.045889437140431, 6119951.091653125360608 ], [ 307888.364314862061292, 6119952.022809548303485 ] ] ], [ [ [ 296371.298680787382182, 6128401.970862214453518 ], [ 295665.199507594923489, 6128529.070545182563365 ], [ 295663.308261761150789, 6128529.506663100793958 ], [ 295661.468194099026732, 6128530.124045187607408 ], [ 295659.696633490151726, 6128530.91687723249197 ], [ 295658.010263649222907, 6128531.877692720852792 ], [ 295656.424966004793532, 6128532.997443148866296 ], [ 295587.101649962947704, 6128587.190083994530141 ], [ 295585.601716904086061, 6128588.487439388409257 ], [ 295584.237642829306424, 6128589.926964351907372 ], [ 295583.022839759069029, 6128591.494505004957318 ], [ 295581.969252032635268, 6128593.174648779444396 ], [ 295581.087238867476117, 6128594.950875954702497 ], [ 295580.385472504072823, 6128596.805722085759044 ], [ 295579.870852937805466, 6128598.720949722453952 ], [ 295579.548440075654071, 6128600.677727724425495 ], [ 295579.421403985936195, 6128602.656816410832107 ], [ 295579.490993728744797, 6128604.638756739906967 ], [ 295579.756525075179525, 6128606.604061628691852 ], [ 295580.215387234522495, 6128608.533407558687031 ], [ 295580.863068524631672, 6128610.407824574038386 ], [ 295581.693200732406694, 6128612.208882795646787 ], [ 295582.697621727595106, 6128613.918873633258045 ], [ 295583.866455716139171, 6128615.520983899943531 ], [ 295585.188210341788363, 6128616.999461126513779 ], [ 295586.649889682768844, 6128618.339768443256617 ], [ 295588.237122032151092, 6128619.528727512806654 ], [ 295589.934301204688381, 6128620.554648102261126 ], [ 295591.724739982397296, 6128621.40744302701205 ], [ 295593.590834188449662, 6128622.078727329149842 ], [ 296477.799775366089307, 6128891.45013505872339 ], [ 296479.544214592082426, 6128891.896829393692315 ], [ 296481.32176102878293, 6128892.184809788130224 ], [ 296483.118004978110548, 6128892.311741725541651 ], [ 296484.918385170283727, 6128892.276596230454743 ], [ 296486.708306805056054, 6128892.07965821120888 ], [ 296488.473259864607826, 6128891.722524147480726 ], [ 296647.893155267054681, 6128851.917259435169399 ], [ 296649.810552441747859, 6128851.335041371174157 ], [ 296651.660065287025645, 6128850.563878590241075 ], [ 296653.423127515416127, 6128849.611512389965355 ], [ 296655.082040671724826, 6128848.487503075040877 ], [ 296656.620151798531879, 6128847.203133984468877 ], [ 296658.0220206064987, 6128845.771298224106431 ], [ 296659.273574471357279, 6128844.206369240768254 ], [ 296660.36224970157491, 6128842.524056534282863 ], [ 296661.277117658581119, 6128840.741247957572341 ], [ 296662.008994463714771, 6128838.875840188935399 ], [ 296662.550533190369606, 6128836.946559078060091 ], [ 296662.896297615778167, 6128834.972771662287414 ], [ 296663.042816792672966, 6128832.974291756749153 ], [ 296662.988619891926646, 6128830.971181052736938 ], [ 296662.734250967856497, 6128828.983547723852098 ], [ 296662.282263496308587, 6128827.031344576738775 ], [ 296661.637194742099382, 6128825.134168754331768 ], [ 296660.805520211346447, 6128823.311065007001162 ], [ 296659.795588647713885, 6128821.580334514379501 ], [ 296391.589241301931906, 6128410.721867683343589 ], [ 296390.44487822620431, 6128409.142779523506761 ], [ 296389.152165426174179, 6128407.682649431750178 ], [ 296387.723393647524063, 6128406.355359910987318 ], [ 296386.172147246135864, 6128405.173530452884734 ], [ 296384.513175031694118, 6128404.148397554643452 ], [ 296382.762250040308572, 6128403.289707889780402 ], [ 296380.936019568936899, 6128402.605625634081662 ], [ 296379.051846897637006, 6128402.102654848247766 ], [ 296377.127646204549819, 6128401.785577635280788 ], [ 296375.181712242600042, 6128401.657408674247563 ], [ 296373.232546398648992, 6128401.719366559758782 ], [ 296371.298680787382182, 6128401.970862214453518 ] ] ], [ [ [ 291846.653659202624112, 6165417.648215994238853 ], [ 291846.40820190962404, 6165417.629457877017558 ], [ 291845.627031162963249, 6165417.648331172764301 ], [ 291844.872563389770221, 6165417.648415816947818 ], [ 291844.638672115455847, 6165417.672210193239152 ], [ 291844.401063209981658, 6165417.677950887940824 ], [ 291843.616725779254921, 6165417.776175487786531 ], [ 291842.858391895599198, 6165417.853322792798281 ], [ 291842.636307972483337, 6165417.898955739103258 ], [ 291842.408899767498951, 6165417.927434654906392 ], [ 291841.62947843974689, 6165418.105835178866982 ], [ 291840.87525600916706, 6165418.260809888131917 ], [ 291840.666915827663615, 6165418.32615462411195 ], [ 291840.451787396799773, 6165418.375395032577217 ], [ 291839.685493202123325, 6165418.633972355164587 ], [ 291838.943477289169095, 6165418.866701507009566 ], [ 291838.750510271172971, 6165418.949471787549555 ], [ 291838.5494486890384, 6165419.017317747697234 ], [ 291837.804536359326448, 6165419.355232971720397 ], [ 291837.082851027953438, 6165419.664788966067135 ], [ 291099.867946399899665, 6165781.100282923318446 ], [ 291098.147507758170832, 6165782.051363008096814 ], [ 291096.528749651566613, 6165783.166748430579901 ], [ 291095.027311154757626, 6165784.435663278214633 ], [ 291093.657697899558116, 6165785.845848364755511 ], [ 291092.433141933404841, 6165787.383679673075676 ], [ 291091.365473882644437, 6165789.034299975261092 ], [ 291090.46500865498092, 6165790.781762370839715 ], [ 291089.740445785690099, 6165792.609184351749718 ], [ 291089.198785389657132, 6165794.4989109095186 ], [ 291088.845260532514658, 6165796.432685101404786 ], [ 291088.683286673214752, 6165798.391824431717396 ], [ 291088.483665546867996, 6165804.380092434585094 ], [ 291088.194446347828489, 6165813.111718175001442 ], [ 291088.184460898046382, 6165813.57613885588944 ], [ 291087.215524265018757, 6165911.602789865806699 ], [ 291087.216291612770874, 6165912.064606292173266 ], [ 291090.940812246291898, 6166194.05359650682658 ], [ 291091.04872113885358, 6166195.880894615314901 ], [ 291091.323244639672339, 6166197.69067348446697 ], [ 291091.762083159643225, 6166199.467773217707872 ], [ 291092.3615606991807, 6166201.197307660244405 ], [ 291109.464497512672096, 6166244.088292626664042 ], [ 291110.269121057179291, 6166245.85239041224122 ], [ 291111.240785717323888, 6166247.530284280888736 ], [ 291136.972050859651063, 6166287.375720052979887 ], [ 291137.634397870395333, 6166288.338449543341994 ], [ 291158.20038284274051, 6166316.436636524274945 ], [ 291159.31627054058481, 6166317.826715586706996 ], [ 291230.493067879520822, 6166398.817122059874237 ], [ 291231.683537622448057, 6166400.059594690799713 ], [ 291232.976401048304979, 6166401.195138880982995 ], [ 291234.362087876477744, 6166402.215348889119923 ], [ 291316.300013770989608, 6166457.268631095066667 ], [ 291317.891452637850307, 6166458.233577344566584 ], [ 291319.565698168356903, 6166459.046412404626608 ], [ 291321.308252237970009, 6166459.700097532011569 ], [ 291323.104025204433128, 6166460.188972142525017 ], [ 291324.937466576462612, 6166460.50880282651633 ], [ 291326.792699673445895, 6166460.656820012256503 ], [ 291328.653659109259024, 6166460.63174194470048 ], [ 291955.771065188397188, 6166422.946842400357127 ], [ 291957.665132279274985, 6166422.742124974727631 ], [ 291959.53112825169228, 6166422.3581218495965 ], [ 291961.352121994248591, 6166421.798317277804017 ], [ 291963.111590723099653, 6166421.06779064424336 ], [ 291964.793569901434239, 6166420.173170383088291 ], [ 291966.382798093836755, 6166419.122573827393353 ], [ 291967.864855440857355, 6166417.925533565692604 ], [ 291969.226294497493654, 6166416.592910938896239 ], [ 291970.454762248613406, 6166415.136797497980297 ], [ 291971.539112193742767, 6166413.570405284874141 ], [ 292034.439254406897817, 6166312.765918434597552 ], [ 292035.253227851586416, 6166311.333208743482828 ], [ 292035.946498669567518, 6166309.838355773128569 ], [ 292252.412668905453756, 6165787.747845181263983 ], [ 292253.067043855029624, 6165785.924644622020423 ], [ 292253.541972765757237, 6165784.046691112220287 ], [ 292253.833000487706158, 6165782.131601109169424 ], [ 292253.93739698670106, 6165780.197339435108006 ], [ 292253.8541829540045, 6165778.262050753459334 ], [ 292253.584138992649969, 6165776.343889364972711 ], [ 292253.129798295209184, 6165774.460848902352154 ], [ 292252.495422880514525, 6165772.630593541078269 ], [ 292251.686963613145053, 6165770.870292297564447 ], [ 292250.712004380591679, 6165769.196457971818745 ], [ 292124.272906388621777, 6165574.462237690575421 ], [ 292124.203427389380522, 6165574.355970175005496 ], [ 292079.862732627021614, 6165507.004989367909729 ], [ 292078.609141975292005, 6165505.303868176415563 ], [ 292077.183065180375706, 6165503.744506830349565 ], [ 292075.600421904411633, 6165502.344312882050872 ], [ 292073.87887960113585, 6165501.118917056359351 ], [ 292072.037656289816368, 6165500.08199876267463 ], [ 292070.097306019801181, 6165499.245133384130895 ], [ 291852.826490217528772, 6165418.865143961273134 ], [ 291852.570200277667027, 6165418.784823210909963 ], [ 291852.317670195014216, 6165418.684673813171685 ], [ 291851.592009249434341, 6165418.478260114789009 ], [ 291850.894575595157221, 6165418.259685813449323 ], [ 291850.639675791549962, 6165418.207369593903422 ], [ 291850.386551096918993, 6165418.135368469171226 ], [ 291849.63504366815323, 6165418.001176596619189 ], [ 291848.911348326131701, 6165417.852643707767129 ], [ 291848.660792541748378, 6165417.827210808172822 ], [ 291848.410089140234049, 6165417.782444305717945 ], [ 291847.639957814360969, 6165417.723590021021664 ], [ 291846.897130905359518, 6165417.64818867854774 ], [ 291846.653659202624112, 6165417.648215994238853 ] ] ], [ [ [ 292570.638121522322763, 6167600.966292158700526 ], [ 292568.631556291424204, 6167601.329198848456144 ], [ 292566.672372579632793, 6167601.894534566439688 ], [ 292564.780936127528548, 6167602.656422641128302 ], [ 292375.119632176822051, 6167690.541908457875252 ], [ 292374.839092033333145, 6167690.689324620179832 ], [ 292374.527784892939962, 6167690.828067216090858 ], [ 292373.900475614122115, 6167691.182541841641068 ], [ 292373.353753251314629, 6167691.469829469919205 ], [ 292373.126472940668464, 6167691.619908731430769 ], [ 292372.872716974292416, 6167691.763299007900059 ], [ 292372.232259204902221, 6167692.210381950251758 ], [ 292371.68909546348732, 6167692.569047479890287 ], [ 292371.512687180074863, 6167692.712692006491125 ], [ 292371.313920286891516, 6167692.851444773375988 ], [ 292370.66806942637777, 6167693.400441556237638 ], [ 292370.142219518835191, 6167693.828627011738718 ], [ 292370.012977243692148, 6167693.957293801009655 ], [ 292369.865478201594669, 6167694.08267336525023 ], [ 292369.220423460297752, 6167694.746318523772061 ], [ 292368.728514380403794, 6167695.236037245951593 ], [ 292368.641518478572834, 6167695.341907493770123 ], [ 292368.540477060654666, 6167695.44586091581732 ], [ 292367.897166308772285, 6167696.247751872055233 ], [ 292367.462044172745664, 6167696.777276680804789 ], [ 292367.411282683373429, 6167696.85340891033411 ], [ 292367.350887945620343, 6167696.928691335953772 ], [ 292366.689594594354276, 6167697.935798803344369 ], [ 292366.355408266477752, 6167698.437012429349124 ], [ 292366.333913688897155, 6167698.477478067390621 ], [ 292366.307458521565422, 6167698.517767595127225 ], [ 292365.41961593402084, 6167700.198732752352953 ], [ 292237.340834263246506, 6167973.39650113414973 ], [ 292236.528909401386045, 6167975.404720487073064 ], [ 292235.938931803510059, 6167977.488969364203513 ], [ 292235.577822153107263, 6167979.624798657372594 ], [ 292220.97733469074592, 6168107.929071094840765 ], [ 292220.933519654150587, 6168108.565791138447821 ], [ 292220.933519654092379, 6168108.565791139379144 ], [ 292220.879481152398512, 6168109.088141283020377 ], [ 292220.877368344052229, 6168109.381781888194382 ], [ 292220.85489303083159, 6168109.708393105305731 ], [ 292220.869790436176118, 6168110.434968506917357 ], [ 292220.8656876856694, 6168111.005173629149795 ], [ 292220.88621433917433, 6168111.235994166694582 ], [ 292220.891454114578664, 6168111.491548192687333 ], [ 292220.982222827442456, 6168112.315601754002273 ], [ 292221.035501828824636, 6168112.914719761349261 ], [ 292221.066505355760455, 6168113.080769787542522 ], [ 292221.086727191926911, 6168113.264355910941958 ], [ 292221.277314366947394, 6168114.209829783067107 ], [ 292221.387363328074571, 6168114.799234755337238 ], [ 292221.416547177010216, 6168114.900542492046952 ], [ 292221.439159364090301, 6168115.012718099169433 ], [ 292277.784675337723456, 6168341.804181136190891 ], [ 292278.276209547300823, 6168343.469883212819695 ], [ 292278.293009980639908, 6168343.512713802047074 ], [ 292278.305454110552091, 6168343.554539010860026 ], [ 292278.509387954312842, 6168344.064342202618718 ], [ 292278.91039642796386, 6168345.086662815883756 ], [ 292278.951357106037904, 6168345.169196992181242 ], [ 292278.98371940094512, 6168345.250097744166851 ], [ 292279.266952707839664, 6168345.805109882727265 ], [ 292279.682453942252323, 6168346.642328744754195 ], [ 292279.754512740881182, 6168346.760512124747038 ], [ 292279.813816234411206, 6168346.876720769330859 ], [ 292280.149782297725324, 6168347.408792321570218 ], [ 292280.586560449854005, 6168348.12515061814338 ], [ 292421.254002368601505, 6168557.776827371679246 ], [ 292422.53845760418335, 6168559.486071639694273 ], [ 292423.998036172182765, 6168561.04843255225569 ], [ 292425.616057493374683, 6168562.446054899133742 ], [ 292636.436762155266479, 6168725.715836905874312 ], [ 292638.385333271406125, 6168727.04867185652256 ], [ 292640.477382840937935, 6168728.142612896859646 ], [ 292726.100022678612731, 6168766.66190767660737 ], [ 292726.147909589635674, 6168766.683375197462738 ], [ 292922.092251083289739, 6168854.21592719014734 ], [ 292923.923030679346994, 6168854.928113139234483 ], [ 292925.814846498717088, 6168855.457259302958846 ], [ 292927.749447424255777, 6168855.798260791227221 ], [ 292929.708169573626947, 6168855.947827824391425 ], [ 292931.672116357367486, 6168855.904517469927669 ], [ 292933.622340781614184, 6168855.668747558258474 ], [ 293003.12934503343422, 6168843.7774453246966 ], [ 292882.572494408057537, 6169095.627112183719873 ], [ 292881.582288310339209, 6169098.109194132499397 ], [ 292862.454907825391274, 6169157.26351569313556 ], [ 292861.933972499507945, 6169159.201973656192422 ], [ 292861.609962675487623, 6169161.18288519512862 ], [ 292861.486141936329659, 6169163.186297613196075 ], [ 292861.563757464347873, 6169165.19203157350421 ], [ 292861.842027478385717, 6169167.179884356446564 ], [ 292862.318149108730722, 6169169.129833351820707 ], [ 292865.83473137934925, 6169180.927582220174372 ], [ 292866.437420949398074, 6169182.656225329264998 ], [ 292867.195650721201673, 6169184.322517420165241 ], [ 292868.103067787713371, 6169185.912497289478779 ], [ 292869.152069260424469, 6169187.412843125872314 ], [ 293021.309317107079551, 6169385.111488876864314 ], [ 293133.10750750353327, 6169737.653623573482037 ], [ 293133.803387290332466, 6169739.519894027151167 ], [ 293134.681446261820383, 6169741.307693379931152 ], [ 293135.732975798367988, 6169742.99929017573595 ], [ 293234.550355674349703, 6169885.602827282622457 ], [ 293235.872897430206649, 6169887.307123298756778 ], [ 293237.371308095753193, 6169888.859059858135879 ], [ 293239.02815463062143, 6169890.240581181831658 ], [ 293240.824160695658065, 6169891.435614161193371 ], [ 293525.164354170381557, 6170059.243165578693151 ], [ 293526.976160600141156, 6170060.1910554850474 ], [ 293528.875282518332824, 6170060.948995952494442 ], [ 293530.841868698655162, 6170061.50906434841454 ], [ 293532.855362721602432, 6170061.865406365133822 ], [ 293534.894717847171705, 6170062.014297213405371 ], [ 293536.938617013336625, 6170061.954180561937392 ], [ 293538.965695659746416, 6170061.68568480014801 ], [ 293540.954765048576519, 6170061.21161647234112 ], [ 294016.532295129145496, 6169921.820344020612538 ], [ 294018.637346680974588, 6169921.073378422297537 ], [ 294020.645977201638743, 6169920.096340514719486 ], [ 294022.53313304472249, 6169918.901416892185807 ], [ 294426.12472199293552, 6169630.569155666977167 ], [ 294427.656445839442313, 6169629.357689876109362 ], [ 294429.06271487736376, 6169628.002612500451505 ], [ 294430.330120938480832, 6169626.516843615099788 ], [ 294431.446579853189178, 6169624.914549387060106 ], [ 294432.401446667616256, 6169623.211006998084486 ], [ 294433.185617139097303, 6169621.422458990477026 ], [ 294433.791614540677983, 6169619.565958397462964 ], [ 294434.213660948793404, 6169617.659206150099635 ], [ 294434.447732333093882, 6169615.720382308587432 ], [ 294434.491596924082842, 6169613.767972719855607 ], [ 294434.344836491742171, 6169611.820592767558992 ], [ 294434.008850333455484, 6169609.896809878759086 ], [ 294433.486841932288371, 6169608.014966491609812 ], [ 294430.554538856376894, 6169599.149555077776313 ], [ 294429.972289333469234, 6169597.605897642672062 ], [ 294273.280217782128602, 6169228.994706594385207 ], [ 294272.235399362863973, 6169226.889733406715095 ], [ 294270.950885111175012, 6169224.921846015378833 ], [ 294214.275680199731141, 6169148.335524625144899 ], [ 294347.188375052821357, 6168848.063434493727982 ], [ 294347.897513904783409, 6168846.220541310496628 ], [ 294348.421467413834762, 6168844.31670152861625 ], [ 294348.755128168617375, 6168842.370473460294306 ], [ 294348.895243699895218, 6168840.40082861110568 ], [ 294348.840448184753768, 6168838.426966750063002 ], [ 294348.591275760787539, 6168836.4681287528947 ], [ 294347.074313642689958, 6168827.9337657103315 ], [ 294346.656899876601528, 6168826.09388564620167 ], [ 294346.06797730672406, 6168824.301523208618164 ], [ 294345.312786450085696, 6168822.572627702727914 ], [ 294344.398047359252814, 6168820.92258367408067 ], [ 294343.331899823620915, 6168819.36607401072979 ], [ 294342.123830938246101, 6168817.916949285194278 ], [ 294340.7845906825969, 6168816.588104509748518 ], [ 294339.326096262317151, 6168815.391364384442568 ], [ 294144.024815419397783, 6168669.995638308115304 ], [ 294132.451333996315952, 6168645.759820370003581 ], [ 293935.488806046836544, 6168141.128940671682358 ], [ 293934.645773990894668, 6168139.258464650250971 ], [ 293933.615549566457048, 6168137.484198259189725 ], [ 293932.408974298159592, 6168135.824812917038798 ], [ 293931.038745531346649, 6168134.297771097160876 ], [ 293929.519282812252641, 6168132.919142561964691 ], [ 293927.866576144413557, 6168131.703435252420604 ], [ 293926.09801771864295, 6168130.663442614488304 ], [ 293924.232218887133058, 6168129.810108967125416 ], [ 293922.288814307306893, 6168129.152414333075285 ], [ 293727.756204444158357, 6168074.26307974755764 ], [ 293763.670890767301898, 6167831.873636982403696 ], [ 293763.863785003719386, 6167829.903169374912977 ], [ 293763.860908052243758, 6167827.923284908756614 ], [ 293763.662288106686901, 6167825.95338620711118 ], [ 293763.269871618016623, 6167824.012778035365045 ], [ 293762.687504219647963, 6167822.120478115044534 ], [ 293761.920893040252849, 6167820.295030751265585 ], [ 293760.977550775220152, 6167818.554325104691088 ], [ 293759.866722062521148, 6167816.915419875644147 ], [ 293758.599292886909097, 6167815.394376134499907 ], [ 293757.187683898373507, 6167814.006099922582507 ], [ 293755.645728691306431, 6167812.764196176081896 ], [ 293117.589608218404464, 6167348.99998577311635 ], [ 293115.910317717702128, 6167347.903710675425828 ], [ 293114.129681423713919, 6167346.981121892109513 ], [ 293112.265602902858518, 6167346.241495674476027 ], [ 293110.336824698781129, 6167345.692268658429384 ], [ 293108.362739884061739, 6167345.338963098824024 ], [ 293106.363197070430033, 6167345.185131335631013 ], [ 293098.523359995160718, 6167344.976347072981298 ], [ 293088.353318132110871, 6167344.715319592505693 ], [ 293086.417918355786242, 6167344.759370462037623 ], [ 293084.495844141987618, 6167344.990332558751106 ], [ 293082.605103945941664, 6167345.406041933223605 ], [ 293080.763412645668723, 6167346.002603688277304 ], [ 293078.988025566097349, 6167346.774428468197584 ], [ 293077.2955768093816, 6167347.714284828864038 ], [ 293075.701923404994886, 6167348.813366991467774 ], [ 293074.221996741252951, 6167350.061377345584333 ], [ 292787.059868440148421, 6167617.046464347280562 ], [ 292574.709687743103132, 6167600.860712078399956 ], [ 292572.671210000058636, 6167600.809586917050183 ], [ 292570.638121522322763, 6167600.966292158700526 ] ] ] ] } }
]
}
